Project,Resource,File,Size Bytes,Coverage Status,Recommendation
alarm-pipelines,windows/Red Lion Data,alarm-pipelines\com.inductiveautomation.vision\windows\Red Lion Data\window.bin,2438,Untracked Vision Binary,"Open/modify/save this Vision window/template in an Ignition 8.3 Designer to convert it to XML, then rerun the scanner."
Aseptic,templates/Alarm Count Label,Aseptic\com.inductiveautomation.vision\templates\Alarm Count Label\data.bin,4619,Untracked Vision Binary,"Open/modify/save this Vision window/template in an Ignition 8.3 Designer to convert it to XML, then rerun the scanner."
Aseptic,templates/APS Devices/Instruments/Conductivity,Aseptic\com.inductiveautomation.vision\templates\APS Devices\Instruments\Conductivity\data.bin,3603,Untracked Vision Binary,"Open/modify/save this Vision window/template in an Ignition 8.3 Designer to convert it to XML, then rerun the scanner."
Aseptic,templates/APS Devices/Instruments/DigitalIndicator,Aseptic\com.inductiveautomation.vision\templates\APS Devices\Instruments\DigitalIndicator\data.bin,3692,Untracked Vision Binary,"Open/modify/save this Vision window/template in an Ignition 8.3 Designer to convert it to XML, then rerun the scanner."
Aseptic,templates/APS Devices/Instruments/Flow,Aseptic\com.inductiveautomation.vision\templates\APS Devices\Instruments\Flow\data.bin,5790,Untracked Vision Binary,"Open/modify/save this Vision window/template in an Ignition 8.3 Designer to convert it to XML, then rerun the scanner."
Aseptic,templates/APS Devices/Instruments/Pressure,Aseptic\com.inductiveautomation.vision\templates\APS Devices\Instruments\Pressure\data.bin,4209,Untracked Vision Binary,"Open/modify/save this Vision window/template in an Ignition 8.3 Designer to convert it to XML, then rerun the scanner."
Aseptic,templates/APS Devices/Instruments/Temperature,Aseptic\com.inductiveautomation.vision\templates\APS Devices\Instruments\Temperature\data.bin,3497,Untracked Vision Binary,"Open/modify/save this Vision window/template in an Ignition 8.3 Designer to convert it to XML, then rerun the scanner."
Aseptic,templates/APS Devices/Pumps/Centrifugal,Aseptic\com.inductiveautomation.vision\templates\APS Devices\Pumps\Centrifugal\data.bin,9916,Untracked Vision Binary,"Open/modify/save this Vision window/template in an Ignition 8.3 Designer to convert it to XML, then rerun the scanner."
Aseptic,templates/APS Devices/Pumps/Diaphragm,Aseptic\com.inductiveautomation.vision\templates\APS Devices\Pumps\Diaphragm\data.bin,4773,Untracked Vision Binary,"Open/modify/save this Vision window/template in an Ignition 8.3 Designer to convert it to XML, then rerun the scanner."
Aseptic,templates/APS Devices/Pumps/Disconnect,Aseptic\com.inductiveautomation.vision\templates\APS Devices\Pumps\Disconnect\data.bin,4979,Untracked Vision Binary,"Open/modify/save this Vision window/template in an Ignition 8.3 Designer to convert it to XML, then rerun the scanner."
Aseptic,templates/APS Devices/Pumps/Motor,Aseptic\com.inductiveautomation.vision\templates\APS Devices\Pumps\Motor\data.bin,5727,Untracked Vision Binary,"Open/modify/save this Vision window/template in an Ignition 8.3 Designer to convert it to XML, then rerun the scanner."
Aseptic,templates/APS Devices/Static/BrazedPlate,Aseptic\com.inductiveautomation.vision\templates\APS Devices\Static\BrazedPlate\data.bin,7133,Untracked Vision Binary,"Open/modify/save this Vision window/template in an Ignition 8.3 Designer to convert it to XML, then rerun the scanner."
Aseptic,templates/APS Devices/Static/Coil,Aseptic\com.inductiveautomation.vision\templates\APS Devices\Static\Coil\data.bin,5586,Untracked Vision Binary,"Open/modify/save this Vision window/template in an Ignition 8.3 Designer to convert it to XML, then rerun the scanner."
Aseptic,templates/APS Devices/Static/Filter,Aseptic\com.inductiveautomation.vision\templates\APS Devices\Static\Filter\data.bin,3598,Untracked Vision Binary,"Open/modify/save this Vision window/template in an Ignition 8.3 Designer to convert it to XML, then rerun the scanner."
Aseptic,templates/APS Devices/Static/PRV,Aseptic\com.inductiveautomation.vision\templates\APS Devices\Static\PRV\data.bin,4659,Untracked Vision Binary,"Open/modify/save this Vision window/template in an Ignition 8.3 Designer to convert it to XML, then rerun the scanner."
Aseptic,templates/APS Devices/Static/SprayBall,Aseptic\com.inductiveautomation.vision\templates\APS Devices\Static\SprayBall\data.bin,2000,Untracked Vision Binary,"Open/modify/save this Vision window/template in an Ignition 8.3 Designer to convert it to XML, then rerun the scanner."
Aseptic,templates/APS Devices/Static/SWC,Aseptic\com.inductiveautomation.vision\templates\APS Devices\Static\SWC\data.bin,3131,Untracked Vision Binary,"Open/modify/save this Vision window/template in an Ignition 8.3 Designer to convert it to XML, then rerun the scanner."
Aseptic,templates/APS Devices/Valves/BallValve,Aseptic\com.inductiveautomation.vision\templates\APS Devices\Valves\BallValve\data.bin,7756,Untracked Vision Binary,"Open/modify/save this Vision window/template in an Ignition 8.3 Designer to convert it to XML, then rerun the scanner."
Aseptic,templates/APS Devices/Valves/Burkert,Aseptic\com.inductiveautomation.vision\templates\APS Devices\Valves\Burkert\data.bin,7059,Untracked Vision Binary,"Open/modify/save this Vision window/template in an Ignition 8.3 Designer to convert it to XML, then rerun the scanner."
Aseptic,templates/APS Devices/Valves/ControlValve,Aseptic\com.inductiveautomation.vision\templates\APS Devices\Valves\ControlValve\template.bin,7429,Untracked Vision Binary,"Open/modify/save this Vision window/template in an Ignition 8.3 Designer to convert it to XML, then rerun the scanner."
Aseptic,templates/APS Devices/Valves/ControlValveSanitary,Aseptic\com.inductiveautomation.vision\templates\APS Devices\Valves\ControlValveSanitary\data.bin,7551,Untracked Vision Binary,"Open/modify/save this Vision window/template in an Ignition 8.3 Designer to convert it to XML, then rerun the scanner."
Aseptic,templates/APS Devices/Valves/ControlValveSanitaryHor,Aseptic\com.inductiveautomation.vision\templates\APS Devices\Valves\ControlValveSanitaryHor\data.bin,7565,Untracked Vision Binary,"Open/modify/save this Vision window/template in an Ignition 8.3 Designer to convert it to XML, then rerun the scanner."
Aseptic,templates/APS Devices/Valves/DivertDrain,Aseptic\com.inductiveautomation.vision\templates\APS Devices\Valves\DivertDrain\data.bin,7924,Untracked Vision Binary,"Open/modify/save this Vision window/template in an Ignition 8.3 Designer to convert it to XML, then rerun the scanner."
Aseptic,templates/APS Devices/Valves/Diverter,Aseptic\com.inductiveautomation.vision\templates\APS Devices\Valves\Diverter\droptarget.bin,618,Untracked Vision Binary,"Open/modify/save this Vision window/template in an Ignition 8.3 Designer to convert it to XML, then rerun the scanner."
Aseptic,templates/APS Devices/Valves/Diverter,Aseptic\com.inductiveautomation.vision\templates\APS Devices\Valves\Diverter\template.bin,5130,Untracked Vision Binary,"Open/modify/save this Vision window/template in an Ignition 8.3 Designer to convert it to XML, then rerun the scanner."
Aseptic,templates/APS Devices/Valves/Diverter Mirrored,Aseptic\com.inductiveautomation.vision\templates\APS Devices\Valves\Diverter Mirrored\data.bin,7462,Untracked Vision Binary,"Open/modify/save this Vision window/template in an Ignition 8.3 Designer to convert it to XML, then rerun the scanner."
Aseptic,templates/APS Devices/Valves/Diverter Mirrored_iLO,Aseptic\com.inductiveautomation.vision\templates\APS Devices\Valves\Diverter Mirrored_iLO\data.bin,7478,Untracked Vision Binary,"Open/modify/save this Vision window/template in an Ignition 8.3 Designer to convert it to XML, then rerun the scanner."
Aseptic,templates/APS Devices/Valves/Double,Aseptic\com.inductiveautomation.vision\templates\APS Devices\Valves\Double\data.bin,9171,Untracked Vision Binary,"Open/modify/save this Vision window/template in an Ignition 8.3 Designer to convert it to XML, then rerun the scanner."
Aseptic,templates/APS Devices/Valves/PIDLoop,Aseptic\com.inductiveautomation.vision\templates\APS Devices\Valves\PIDLoop\data.bin,6018,Untracked Vision Binary,"Open/modify/save this Vision window/template in an Ignition 8.3 Designer to convert it to XML, then rerun the scanner."
Aseptic,templates/APS Devices/Valves/Seat,Aseptic\com.inductiveautomation.vision\templates\APS Devices\Valves\Seat\data.bin,4167,Untracked Vision Binary,"Open/modify/save this Vision window/template in an Ignition 8.3 Designer to convert it to XML, then rerun the scanner."
Aseptic,templates/APS Devices/Valves/Single,Aseptic\com.inductiveautomation.vision\templates\APS Devices\Valves\Single\droptarget.bin,615,Untracked Vision Binary,"Open/modify/save this Vision window/template in an Ignition 8.3 Designer to convert it to XML, then rerun the scanner."
Aseptic,templates/APS Devices/Valves/Single,Aseptic\com.inductiveautomation.vision\templates\APS Devices\Valves\Single\template.bin,5108,Untracked Vision Binary,"Open/modify/save this Vision window/template in an Ignition 8.3 Designer to convert it to XML, then rerun the scanner."
Aseptic,templates/APS Devices/Valves/Single_90Bend,Aseptic\com.inductiveautomation.vision\templates\APS Devices\Valves\Single_90Bend\data.bin,7389,Untracked Vision Binary,"Open/modify/save this Vision window/template in an Ignition 8.3 Designer to convert it to XML, then rerun the scanner."
Aseptic,templates/APS Devices/Valves/Single_90Bend Mirrored,Aseptic\com.inductiveautomation.vision\templates\APS Devices\Valves\Single_90Bend Mirrored\data.bin,7304,Untracked Vision Binary,"Open/modify/save this Vision window/template in an Ignition 8.3 Designer to convert it to XML, then rerun the scanner."
Aseptic,templates/APS Devices/Valves/Single_iLO,Aseptic\com.inductiveautomation.vision\templates\APS Devices\Valves\Single_iLO\data.bin,6894,Untracked Vision Binary,"Open/modify/save this Vision window/template in an Ignition 8.3 Designer to convert it to XML, then rerun the scanner."
Aseptic,templates/APS Devices/Valves/Single_Original,Aseptic\com.inductiveautomation.vision\templates\APS Devices\Valves\Single_Original\data.bin,7402,Untracked Vision Binary,"Open/modify/save this Vision window/template in an Ignition 8.3 Designer to convert it to XML, then rerun the scanner."
Aseptic,templates/BRA Devices/Pumps/Centrifugal,Aseptic\com.inductiveautomation.vision\templates\BRA Devices\Pumps\Centrifugal\data.bin,12365,Untracked Vision Binary,"Open/modify/save this Vision window/template in an Ignition 8.3 Designer to convert it to XML, then rerun the scanner."
Aseptic,templates/BRA Devices/Pumps/Centrifugal_PIDE,Aseptic\com.inductiveautomation.vision\templates\BRA Devices\Pumps\Centrifugal_PIDE\data.bin,9927,Untracked Vision Binary,"Open/modify/save this Vision window/template in an Ignition 8.3 Designer to convert it to XML, then rerun the scanner."
Aseptic,templates/BRA Devices/Static/Elbow_NoAnimation,Aseptic\com.inductiveautomation.vision\templates\BRA Devices\Static\Elbow_NoAnimation\data.bin,2715,Untracked Vision Binary,"Open/modify/save this Vision window/template in an Ignition 8.3 Designer to convert it to XML, then rerun the scanner."
Aseptic,templates/BRA Devices/Static/Nav_Label,Aseptic\com.inductiveautomation.vision\templates\BRA Devices\Static\Nav_Label\data.bin,4152,Untracked Vision Binary,"Open/modify/save this Vision window/template in an Ignition 8.3 Designer to convert it to XML, then rerun the scanner."
Aseptic,templates/BRA Devices/Static/SprayBall,Aseptic\com.inductiveautomation.vision\templates\BRA Devices\Static\SprayBall\template.bin,1194,Untracked Vision Binary,"Open/modify/save this Vision window/template in an Ignition 8.3 Designer to convert it to XML, then rerun the scanner."
Aseptic,templates/BRA Devices/Static/Straight_NoAnimation,Aseptic\com.inductiveautomation.vision\templates\BRA Devices\Static\Straight_NoAnimation\template.bin,1740,Untracked Vision Binary,"Open/modify/save this Vision window/template in an Ignition 8.3 Designer to convert it to XML, then rerun the scanner."
Aseptic,templates/BRA Devices/Static/Tank,Aseptic\com.inductiveautomation.vision\templates\BRA Devices\Static\Tank\data.bin,10529,Untracked Vision Binary,"Open/modify/save this Vision window/template in an Ignition 8.3 Designer to convert it to XML, then rerun the scanner."
Aseptic,templates/BRA Devices/Static/Tee_NoAnimation,Aseptic\com.inductiveautomation.vision\templates\BRA Devices\Static\Tee_NoAnimation\template.bin,1973,Untracked Vision Binary,"Open/modify/save this Vision window/template in an Ignition 8.3 Designer to convert it to XML, then rerun the scanner."
Aseptic,templates/BRA Devices/Valves/ControlValve,Aseptic\com.inductiveautomation.vision\templates\BRA Devices\Valves\ControlValve\droptarget.bin,614,Untracked Vision Binary,"Open/modify/save this Vision window/template in an Ignition 8.3 Designer to convert it to XML, then rerun the scanner."
Aseptic,templates/BRA Devices/Valves/ControlValve,Aseptic\com.inductiveautomation.vision\templates\BRA Devices\Valves\ControlValve\template.bin,5851,Untracked Vision Binary,"Open/modify/save this Vision window/template in an Ignition 8.3 Designer to convert it to XML, then rerun the scanner."
Aseptic,templates/Buttons/BRA_Analog_Trending,Aseptic\com.inductiveautomation.vision\templates\Buttons\BRA_Analog_Trending\data.bin,3763,Untracked Vision Binary,"Open/modify/save this Vision window/template in an Ignition 8.3 Designer to convert it to XML, then rerun the scanner."
Aseptic,templates/Buttons/BRA_Discrete_Trending,Aseptic\com.inductiveautomation.vision\templates\Buttons\BRA_Discrete_Trending\droptarget.bin,668,Untracked Vision Binary,"Open/modify/save this Vision window/template in an Ignition 8.3 Designer to convert it to XML, then rerun the scanner."
Aseptic,templates/Buttons/BRA_Discrete_Trending,Aseptic\com.inductiveautomation.vision\templates\Buttons\BRA_Discrete_Trending\template.bin,2089,Untracked Vision Binary,"Open/modify/save this Vision window/template in an Ignition 8.3 Designer to convert it to XML, then rerun the scanner."
Aseptic,templates/Buttons/BRA_PhaseButton,Aseptic\com.inductiveautomation.vision\templates\Buttons\BRA_PhaseButton\droptarget.bin,607,Untracked Vision Binary,"Open/modify/save this Vision window/template in an Ignition 8.3 Designer to convert it to XML, then rerun the scanner."
Aseptic,templates/Buttons/BRA_PhaseButton,Aseptic\com.inductiveautomation.vision\templates\Buttons\BRA_PhaseButton\template.bin,4234,Untracked Vision Binary,"Open/modify/save this Vision window/template in an Ignition 8.3 Designer to convert it to XML, then rerun the scanner."
Aseptic,templates/Buttons/BRA_PhaseButton_TK13,Aseptic\com.inductiveautomation.vision\templates\Buttons\BRA_PhaseButton_TK13\data.bin,5292,Untracked Vision Binary,"Open/modify/save this Vision window/template in an Ignition 8.3 Designer to convert it to XML, then rerun the scanner."
Aseptic,templates/CapitalTemplates/Analog_Trending_Button,Aseptic\com.inductiveautomation.vision\templates\CapitalTemplates\Analog_Trending_Button\droptarget.bin,712,Untracked Vision Binary,"Open/modify/save this Vision window/template in an Ignition 8.3 Designer to convert it to XML, then rerun the scanner."
Aseptic,templates/CapitalTemplates/Analog_Trending_Button,Aseptic\com.inductiveautomation.vision\templates\CapitalTemplates\Analog_Trending_Button\template.bin,2147,Untracked Vision Binary,"Open/modify/save this Vision window/template in an Ignition 8.3 Designer to convert it to XML, then rerun the scanner."
Aseptic,templates/CapitalTemplates/Discrete_Trending_Button,Aseptic\com.inductiveautomation.vision\templates\CapitalTemplates\Discrete_Trending_Button\droptarget.bin,672,Untracked Vision Binary,"Open/modify/save this Vision window/template in an Ignition 8.3 Designer to convert it to XML, then rerun the scanner."
Aseptic,templates/CapitalTemplates/Discrete_Trending_Button,Aseptic\com.inductiveautomation.vision\templates\CapitalTemplates\Discrete_Trending_Button\template.bin,2096,Untracked Vision Binary,"Open/modify/save this Vision window/template in an Ignition 8.3 Designer to convert it to XML, then rerun the scanner."
Aseptic,templates/CapitalTemplates/NavigationLabel_v1,Aseptic\com.inductiveautomation.vision\templates\CapitalTemplates\NavigationLabel_v1\template.bin,4213,Untracked Vision Binary,"Open/modify/save this Vision window/template in an Ignition 8.3 Designer to convert it to XML, then rerun the scanner."
Aseptic,templates/CapitalTemplates/P_Motor_v1,Aseptic\com.inductiveautomation.vision\templates\CapitalTemplates\P_Motor_v1\template.bin,7800,Untracked Vision Binary,"Open/modify/save this Vision window/template in an Ignition 8.3 Designer to convert it to XML, then rerun the scanner."
Aseptic,templates/CapitalTemplates/P_VSD_v1,Aseptic\com.inductiveautomation.vision\templates\CapitalTemplates\P_VSD_v1\template.bin,7759,Untracked Vision Binary,"Open/modify/save this Vision window/template in an Ignition 8.3 Designer to convert it to XML, then rerun the scanner."
Aseptic,templates/CapitalTemplates/Phase_Button_v1,Aseptic\com.inductiveautomation.vision\templates\CapitalTemplates\Phase_Button_v1\template.bin,4420,Untracked Vision Binary,"Open/modify/save this Vision window/template in an Ignition 8.3 Designer to convert it to XML, then rerun the scanner."
Aseptic,templates/CapitalTemplates/Phase_Button_v2,Aseptic\com.inductiveautomation.vision\templates\CapitalTemplates\Phase_Button_v2\template.bin,4516,Untracked Vision Binary,"Open/modify/save this Vision window/template in an Ignition 8.3 Designer to convert it to XML, then rerun the scanner."
Aseptic,templates/CapitalTemplates/Pipe_Animated_v1,Aseptic\com.inductiveautomation.vision\templates\CapitalTemplates\Pipe_Animated_v1\template.bin,2316,Untracked Vision Binary,"Open/modify/save this Vision window/template in an Ignition 8.3 Designer to convert it to XML, then rerun the scanner."
Aseptic,templates/CapitalTemplates/PipeElbow_Animated_v1,Aseptic\com.inductiveautomation.vision\templates\CapitalTemplates\PipeElbow_Animated_v1\template.bin,2522,Untracked Vision Binary,"Open/modify/save this Vision window/template in an Ignition 8.3 Designer to convert it to XML, then rerun the scanner."
Aseptic,templates/CapitalTemplates/PipeTee_Animated_v1,Aseptic\com.inductiveautomation.vision\templates\CapitalTemplates\PipeTee_Animated_v1\template.bin,2548,Untracked Vision Binary,"Open/modify/save this Vision window/template in an Ignition 8.3 Designer to convert it to XML, then rerun the scanner."
Aseptic,templates/Motors/Motor,Aseptic\com.inductiveautomation.vision\templates\Motors\Motor\droptarget.bin,624,Untracked Vision Binary,"Open/modify/save this Vision window/template in an Ignition 8.3 Designer to convert it to XML, then rerun the scanner."
Aseptic,templates/Motors/Motor,Aseptic\com.inductiveautomation.vision\templates\Motors\Motor\template.bin,5231,Untracked Vision Binary,"Open/modify/save this Vision window/template in an Ignition 8.3 Designer to convert it to XML, then rerun the scanner."
Aseptic,templates/Pumps/Centrifugal Pump,Aseptic\com.inductiveautomation.vision\templates\Pumps\Centrifugal Pump\data.bin,9141,Untracked Vision Binary,"Open/modify/save this Vision window/template in an Ignition 8.3 Designer to convert it to XML, then rerun the scanner."
Aseptic,templates/Pumps/Centrifugal Pump_PID,Aseptic\com.inductiveautomation.vision\templates\Pumps\Centrifugal Pump_PID\data.bin,9303,Untracked Vision Binary,"Open/modify/save this Vision window/template in an Ignition 8.3 Designer to convert it to XML, then rerun the scanner."
Aseptic,templates/SharedTemplates/BRA_ControlValveUp_PIDE,Aseptic\com.inductiveautomation.vision\templates\SharedTemplates\BRA_ControlValveUp_PIDE\droptarget.bin,612,Untracked Vision Binary,"Open/modify/save this Vision window/template in an Ignition 8.3 Designer to convert it to XML, then rerun the scanner."
Aseptic,templates/SharedTemplates/BRA_ControlValveUp_PIDE,Aseptic\com.inductiveautomation.vision\templates\SharedTemplates\BRA_ControlValveUp_PIDE\template.bin,6645,Untracked Vision Binary,"Open/modify/save this Vision window/template in an Ignition 8.3 Designer to convert it to XML, then rerun the scanner."
Aseptic,templates/SharedTemplates/BRA_Phase_Button_Custom,Aseptic\com.inductiveautomation.vision\templates\SharedTemplates\BRA_Phase_Button_Custom\droptarget.bin,609,Untracked Vision Binary,"Open/modify/save this Vision window/template in an Ignition 8.3 Designer to convert it to XML, then rerun the scanner."
Aseptic,templates/SharedTemplates/BRA_Phase_Button_Custom,Aseptic\com.inductiveautomation.vision\templates\SharedTemplates\BRA_Phase_Button_Custom\template.bin,4189,Untracked Vision Binary,"Open/modify/save this Vision window/template in an Ignition 8.3 Designer to convert it to XML, then rerun the scanner."
Aseptic,templates/SharedTemplates/BRA_Phase_Button_Custom_DryScaling,Aseptic\com.inductiveautomation.vision\templates\SharedTemplates\BRA_Phase_Button_Custom_DryScaling\droptarget.bin,608,Untracked Vision Binary,"Open/modify/save this Vision window/template in an Ignition 8.3 Designer to convert it to XML, then rerun the scanner."
Aseptic,templates/SharedTemplates/BRA_Phase_Button_Custom_DryScaling,Aseptic\com.inductiveautomation.vision\templates\SharedTemplates\BRA_Phase_Button_Custom_DryScaling\template.bin,4211,Untracked Vision Binary,"Open/modify/save this Vision window/template in an Ignition 8.3 Designer to convert it to XML, then rerun the scanner."
Aseptic,templates/SharedTemplates/BRA_Phase_Button_Custom_DryScalingTransfer,Aseptic\com.inductiveautomation.vision\templates\SharedTemplates\BRA_Phase_Button_Custom_DryScalingTransfer\droptarget.bin,606,Untracked Vision Binary,"Open/modify/save this Vision window/template in an Ignition 8.3 Designer to convert it to XML, then rerun the scanner."
Aseptic,templates/SharedTemplates/BRA_Phase_Button_Custom_DryScalingTransfer,Aseptic\com.inductiveautomation.vision\templates\SharedTemplates\BRA_Phase_Button_Custom_DryScalingTransfer\template.bin,4220,Untracked Vision Binary,"Open/modify/save this Vision window/template in an Ignition 8.3 Designer to convert it to XML, then rerun the scanner."
Aseptic,templates/SharedTemplates/BRA_Phase_Button_Custom_Tank11,Aseptic\com.inductiveautomation.vision\templates\SharedTemplates\BRA_Phase_Button_Custom_Tank11\droptarget.bin,610,Untracked Vision Binary,"Open/modify/save this Vision window/template in an Ignition 8.3 Designer to convert it to XML, then rerun the scanner."
Aseptic,templates/SharedTemplates/BRA_Phase_Button_Custom_Tank11,Aseptic\com.inductiveautomation.vision\templates\SharedTemplates\BRA_Phase_Button_Custom_Tank11\template.bin,4200,Untracked Vision Binary,"Open/modify/save this Vision window/template in an Ignition 8.3 Designer to convert it to XML, then rerun the scanner."
Aseptic,templates/SharedTemplates/BRA_Phase_Button_HighShear,Aseptic\com.inductiveautomation.vision\templates\SharedTemplates\BRA_Phase_Button_HighShear\droptarget.bin,610,Untracked Vision Binary,"Open/modify/save this Vision window/template in an Ignition 8.3 Designer to convert it to XML, then rerun the scanner."
Aseptic,templates/SharedTemplates/BRA_Phase_Button_HighShear,Aseptic\com.inductiveautomation.vision\templates\SharedTemplates\BRA_Phase_Button_HighShear\template.bin,4012,Untracked Vision Binary,"Open/modify/save this Vision window/template in an Ignition 8.3 Designer to convert it to XML, then rerun the scanner."
Aseptic,templates/SharedTemplates/BRA_ValveUp,Aseptic\com.inductiveautomation.vision\templates\SharedTemplates\BRA_ValveUp\droptarget.bin,620,Untracked Vision Binary,"Open/modify/save this Vision window/template in an Ignition 8.3 Designer to convert it to XML, then rerun the scanner."
Aseptic,templates/SharedTemplates/BRA_ValveUp,Aseptic\com.inductiveautomation.vision\templates\SharedTemplates\BRA_ValveUp\template.bin,5851,Untracked Vision Binary,"Open/modify/save this Vision window/template in an Ignition 8.3 Designer to convert it to XML, then rerun the scanner."
Aseptic,windows/Alarms/Alarm Status,Aseptic\com.inductiveautomation.vision\windows\Alarms\Alarm Status\data.bin,3660,Untracked Vision Binary,"Open/modify/save this Vision window/template in an Ignition 8.3 Designer to convert it to XML, then rerun the scanner."
Aseptic,windows/ethan-test,Aseptic\com.inductiveautomation.vision\windows\ethan-test\data.bin,2555,Untracked Vision Binary,"Open/modify/save this Vision window/template in an Ignition 8.3 Designer to convert it to XML, then rerun the scanner."
Aseptic,windows/Main Windows/Alarm Status,Aseptic\com.inductiveautomation.vision\windows\Main Windows\Alarm Status\data.bin,13796,Untracked Vision Binary,"Open/modify/save this Vision window/template in an Ignition 8.3 Designer to convert it to XML, then rerun the scanner."
Aseptic,windows/Main Windows/Blend Tank 5B,Aseptic\com.inductiveautomation.vision\windows\Main Windows\Blend Tank 5B\window.bin,16731,Untracked Vision Binary,"Open/modify/save this Vision window/template in an Ignition 8.3 Designer to convert it to XML, then rerun the scanner."
Aseptic,windows/Main Windows/BlendTank1,Aseptic\com.inductiveautomation.vision\windows\Main Windows\BlendTank1\window.bin,13192,Untracked Vision Binary,"Open/modify/save this Vision window/template in an Ignition 8.3 Designer to convert it to XML, then rerun the scanner."
Aseptic,windows/Main Windows/BlendTank3,Aseptic\com.inductiveautomation.vision\windows\Main Windows\BlendTank3\window.bin,33858,Untracked Vision Binary,"Open/modify/save this Vision window/template in an Ignition 8.3 Designer to convert it to XML, then rerun the scanner."
Aseptic,windows/Main Windows/BlendTank4,Aseptic\com.inductiveautomation.vision\windows\Main Windows\BlendTank4\window.bin,14644,Untracked Vision Binary,"Open/modify/save this Vision window/template in an Ignition 8.3 Designer to convert it to XML, then rerun the scanner."
Aseptic,windows/Main Windows/BlendTanks5and6,Aseptic\com.inductiveautomation.vision\windows\Main Windows\BlendTanks5and6\window.bin,37055,Untracked Vision Binary,"Open/modify/save this Vision window/template in an Ignition 8.3 Designer to convert it to XML, then rerun the scanner."
Aseptic,windows/Main Windows/BreddoTank10,Aseptic\com.inductiveautomation.vision\windows\Main Windows\BreddoTank10\window.bin,39436,Untracked Vision Binary,"Open/modify/save this Vision window/template in an Ignition 8.3 Designer to convert it to XML, then rerun the scanner."
Aseptic,windows/Main Windows/BreddoTank11,Aseptic\com.inductiveautomation.vision\windows\Main Windows\BreddoTank11\window.bin,38743,Untracked Vision Binary,"Open/modify/save this Vision window/template in an Ignition 8.3 Designer to convert it to XML, then rerun the scanner."
Aseptic,windows/Main Windows/BreddoTank11_Old,Aseptic\com.inductiveautomation.vision\windows\Main Windows\BreddoTank11_Old\window.bin,19261,Untracked Vision Binary,"Open/modify/save this Vision window/template in an Ignition 8.3 Designer to convert it to XML, then rerun the scanner."
Aseptic,windows/Main Windows/CIP3,Aseptic\com.inductiveautomation.vision\windows\Main Windows\CIP3\window.bin,25521,Untracked Vision Binary,"Open/modify/save this Vision window/template in an Ignition 8.3 Designer to convert it to XML, then rerun the scanner."
Aseptic,windows/Main Windows/CIP_Aseptic,Aseptic\com.inductiveautomation.vision\windows\Main Windows\CIP_Aseptic\window.bin,14882,Untracked Vision Binary,"Open/modify/save this Vision window/template in an Ignition 8.3 Designer to convert it to XML, then rerun the scanner."
Aseptic,windows/Main Windows/CIP_FlowPlate_Aseptic,Aseptic\com.inductiveautomation.vision\windows\Main Windows\CIP_FlowPlate_Aseptic\data.bin,21326,Untracked Vision Binary,"Open/modify/save this Vision window/template in an Ignition 8.3 Designer to convert it to XML, then rerun the scanner."
Aseptic,windows/Main Windows/Coffee Holding Tank 13,Aseptic\com.inductiveautomation.vision\windows\Main Windows\Coffee Holding Tank 13\window.bin,18164,Untracked Vision Binary,"Open/modify/save this Vision window/template in an Ignition 8.3 Designer to convert it to XML, then rerun the scanner."
Aseptic,windows/Main Windows/Configuration_CIP1,Aseptic\com.inductiveautomation.vision\windows\Main Windows\Configuration_CIP1\window.bin,5901,Untracked Vision Binary,"Open/modify/save this Vision window/template in an Ignition 8.3 Designer to convert it to XML, then rerun the scanner."
Aseptic,windows/Main Windows/Configuration_CIP2,Aseptic\com.inductiveautomation.vision\windows\Main Windows\Configuration_CIP2\window.bin,8189,Untracked Vision Binary,"Open/modify/save this Vision window/template in an Ignition 8.3 Designer to convert it to XML, then rerun the scanner."
Aseptic,windows/Main Windows/Configuration_Dry,Aseptic\com.inductiveautomation.vision\windows\Main Windows\Configuration_Dry\data.bin,23685,Untracked Vision Binary,"Open/modify/save this Vision window/template in an Ignition 8.3 Designer to convert it to XML, then rerun the scanner."
Aseptic,windows/Main Windows/Configuration_Homo,Aseptic\com.inductiveautomation.vision\windows\Main Windows\Configuration_Homo\data.bin,30572,Untracked Vision Binary,"Open/modify/save this Vision window/template in an Ignition 8.3 Designer to convert it to XML, then rerun the scanner."
Aseptic,windows/Main Windows/Configuration_HTST,Aseptic\com.inductiveautomation.vision\windows\Main Windows\Configuration_HTST\data.bin,24804,Untracked Vision Binary,"Open/modify/save this Vision window/template in an Ignition 8.3 Designer to convert it to XML, then rerun the scanner."
Aseptic,windows/Main Windows/Configuration_MixTanks,Aseptic\com.inductiveautomation.vision\windows\Main Windows\Configuration_MixTanks\data.bin,29558,Untracked Vision Binary,"Open/modify/save this Vision window/template in an Ignition 8.3 Designer to convert it to XML, then rerun the scanner."
Aseptic,windows/Main Windows/Configuration_ROWater,Aseptic\com.inductiveautomation.vision\windows\Main Windows\Configuration_ROWater\data.bin,27661,Untracked Vision Binary,"Open/modify/save this Vision window/template in an Ignition 8.3 Designer to convert it to XML, then rerun the scanner."
Aseptic,windows/Main Windows/Contingency Report,Aseptic\com.inductiveautomation.vision\windows\Main Windows\Contingency Report\data.bin,15731,Untracked Vision Binary,"Open/modify/save this Vision window/template in an Ignition 8.3 Designer to convert it to XML, then rerun the scanner."
Aseptic,windows/Main Windows/COPTank,Aseptic\com.inductiveautomation.vision\windows\Main Windows\COPTank\window.bin,4945,Untracked Vision Binary,"Open/modify/save this Vision window/template in an Ignition 8.3 Designer to convert it to XML, then rerun the scanner."
Aseptic,windows/Main Windows/DairyUnload,Aseptic\com.inductiveautomation.vision\windows\Main Windows\DairyUnload\window.bin,14586,Untracked Vision Binary,"Open/modify/save this Vision window/template in an Ignition 8.3 Designer to convert it to XML, then rerun the scanner."
Aseptic,windows/Main Windows/High Shear Blend_Tank3,Aseptic\com.inductiveautomation.vision\windows\Main Windows\High Shear Blend_Tank3\window.bin,35678,Untracked Vision Binary,"Open/modify/save this Vision window/template in an Ignition 8.3 Designer to convert it to XML, then rerun the scanner."
Aseptic,windows/Main Windows/High Shear Blend_Tank4,Aseptic\com.inductiveautomation.vision\windows\Main Windows\High Shear Blend_Tank4\window.bin,21849,Untracked Vision Binary,"Open/modify/save this Vision window/template in an Ignition 8.3 Designer to convert it to XML, then rerun the scanner."
Aseptic,windows/Main Windows/High Shear Blend_Tank_A,Aseptic\com.inductiveautomation.vision\windows\Main Windows\High Shear Blend_Tank_A\window.bin,18363,Untracked Vision Binary,"Open/modify/save this Vision window/template in an Ignition 8.3 Designer to convert it to XML, then rerun the scanner."
Aseptic,windows/Main Windows/Homogenizer,Aseptic\com.inductiveautomation.vision\windows\Main Windows\Homogenizer\window.bin,9885,Untracked Vision Binary,"Open/modify/save this Vision window/template in an Ignition 8.3 Designer to convert it to XML, then rerun the scanner."
Aseptic,windows/Main Windows/Homogenizer Condensate Control,Aseptic\com.inductiveautomation.vision\windows\Main Windows\Homogenizer Condensate Control\window.bin,5668,Untracked Vision Binary,"Open/modify/save this Vision window/template in an Ignition 8.3 Designer to convert it to XML, then rerun the scanner."
Aseptic,windows/Main Windows/Homogenizer_HTST,Aseptic\com.inductiveautomation.vision\windows\Main Windows\Homogenizer_HTST\window.bin,45205,Untracked Vision Binary,"Open/modify/save this Vision window/template in an Ignition 8.3 Designer to convert it to XML, then rerun the scanner."
Aseptic,windows/Main Windows/Hot Water Loop,Aseptic\com.inductiveautomation.vision\windows\Main Windows\Hot Water Loop\window.bin,10157,Untracked Vision Binary,"Open/modify/save this Vision window/template in an Ignition 8.3 Designer to convert it to XML, then rerun the scanner."
Aseptic,windows/Main Windows/Plant CIP Circuit Statuses,Aseptic\com.inductiveautomation.vision\windows\Main Windows\Plant CIP Circuit Statuses\window.bin,33422,Untracked Vision Binary,"Open/modify/save this Vision window/template in an Ignition 8.3 Designer to convert it to XML, then rerun the scanner."
Aseptic,windows/Main Windows/Reports,Aseptic\com.inductiveautomation.vision\windows\Main Windows\Reports\data.bin,5931,Untracked Vision Binary,"Open/modify/save this Vision window/template in an Ignition 8.3 Designer to convert it to XML, then rerun the scanner."
Aseptic,windows/Main Windows/RO Water,Aseptic\com.inductiveautomation.vision\windows\Main Windows\RO Water\window.bin,23587,Untracked Vision Binary,"Open/modify/save this Vision window/template in an Ignition 8.3 Designer to convert it to XML, then rerun the scanner."
Aseptic,windows/Main Windows/RO Water Utilities,Aseptic\com.inductiveautomation.vision\windows\Main Windows\RO Water Utilities\window.bin,13577,Untracked Vision Binary,"Open/modify/save this Vision window/template in an Ignition 8.3 Designer to convert it to XML, then rerun the scanner."
Aseptic,windows/Main Windows/RO Water_Old,Aseptic\com.inductiveautomation.vision\windows\Main Windows\RO Water_Old\window.bin,11072,Untracked Vision Binary,"Open/modify/save this Vision window/template in an Ignition 8.3 Designer to convert it to XML, then rerun the scanner."
Aseptic,windows/Main Windows/Roster Management,Aseptic\com.inductiveautomation.vision\windows\Main Windows\Roster Management\data.bin,5862,Untracked Vision Binary,"Open/modify/save this Vision window/template in an Ignition 8.3 Designer to convert it to XML, then rerun the scanner."
Aseptic,windows/Main Windows/Schedule Management,Aseptic\com.inductiveautomation.vision\windows\Main Windows\Schedule Management\data.bin,8929,Untracked Vision Binary,"Open/modify/save this Vision window/template in an Ignition 8.3 Designer to convert it to XML, then rerun the scanner."
Aseptic,windows/Main Windows/Sugar Dry Scaling,Aseptic\com.inductiveautomation.vision\windows\Main Windows\Sugar Dry Scaling\window.bin,22514,Untracked Vision Binary,"Open/modify/save this Vision window/template in an Ignition 8.3 Designer to convert it to XML, then rerun the scanner."
Aseptic,windows/Main Windows/Sugar Silo,Aseptic\com.inductiveautomation.vision\windows\Main Windows\Sugar Silo\data.bin,41435,Untracked Vision Binary,"Open/modify/save this Vision window/template in an Ignition 8.3 Designer to convert it to XML, then rerun the scanner."
Aseptic,windows/Main Windows/Tank16,Aseptic\com.inductiveautomation.vision\windows\Main Windows\Tank16\window.bin,11134,Untracked Vision Binary,"Open/modify/save this Vision window/template in an Ignition 8.3 Designer to convert it to XML, then rerun the scanner."
Aseptic,windows/Main Windows/User Management,Aseptic\com.inductiveautomation.vision\windows\Main Windows\User Management\window.bin,4245,Untracked Vision Binary,"Open/modify/save this Vision window/template in an Ignition 8.3 Designer to convert it to XML, then rerun the scanner."
Aseptic,windows/Navigation,Aseptic\com.inductiveautomation.vision\windows\Navigation\window.bin,171814,Untracked Vision Binary,"Open/modify/save this Vision window/template in an Ignition 8.3 Designer to convert it to XML, then rerun the scanner."
Aseptic,windows/Popups/BRA_Alarms,Aseptic\com.inductiveautomation.vision\windows\Popups\BRA_Alarms\data.bin,8075,Untracked Vision Binary,"Open/modify/save this Vision window/template in an Ignition 8.3 Designer to convert it to XML, then rerun the scanner."
Aseptic,windows/Popups/BRA_Analog_Trending,Aseptic\com.inductiveautomation.vision\windows\Popups\BRA_Analog_Trending\data.bin,17846,Untracked Vision Binary,"Open/modify/save this Vision window/template in an Ignition 8.3 Designer to convert it to XML, then rerun the scanner."
Aseptic,windows/Popups/BRA_CIP_Passivation,Aseptic\com.inductiveautomation.vision\windows\Popups\BRA_CIP_Passivation\data.bin,11826,Untracked Vision Binary,"Open/modify/save this Vision window/template in an Ignition 8.3 Designer to convert it to XML, then rerun the scanner."
Aseptic,windows/Popups/BRA_CIP_SequenceViewer,Aseptic\com.inductiveautomation.vision\windows\Popups\BRA_CIP_SequenceViewer\data.bin,24603,Untracked Vision Binary,"Open/modify/save this Vision window/template in an Ignition 8.3 Designer to convert it to XML, then rerun the scanner."
Aseptic,windows/Popups/BRA_Config_AsepticRecipe,Aseptic\com.inductiveautomation.vision\windows\Popups\BRA_Config_AsepticRecipe\window.bin,7178,Untracked Vision Binary,"Open/modify/save this Vision window/template in an Ignition 8.3 Designer to convert it to XML, then rerun the scanner."
Aseptic,windows/Popups/BRA_Configuration_CIPRecipe,Aseptic\com.inductiveautomation.vision\windows\Popups\BRA_Configuration_CIPRecipe\data.bin,23939,Untracked Vision Binary,"Open/modify/save this Vision window/template in an Ignition 8.3 Designer to convert it to XML, then rerun the scanner."
Aseptic,windows/Popups/BRA_Configuration_CIPSequence,Aseptic\com.inductiveautomation.vision\windows\Popups\BRA_Configuration_CIPSequence\data.bin,29576,Untracked Vision Binary,"Open/modify/save this Vision window/template in an Ignition 8.3 Designer to convert it to XML, then rerun the scanner."
Aseptic,windows/Popups/BRA_ConfigurationSelection,Aseptic\com.inductiveautomation.vision\windows\Popups\BRA_ConfigurationSelection\window.bin,3387,Untracked Vision Binary,"Open/modify/save this Vision window/template in an Ignition 8.3 Designer to convert it to XML, then rerun the scanner."
Aseptic,windows/Popups/BRA_ControlValve_Faceplate,Aseptic\com.inductiveautomation.vision\windows\Popups\BRA_ControlValve_Faceplate\data.bin,16541,Untracked Vision Binary,"Open/modify/save this Vision window/template in an Ignition 8.3 Designer to convert it to XML, then rerun the scanner."
Aseptic,windows/Popups/BRA_DiscreteMotor_Faceplate,Aseptic\com.inductiveautomation.vision\windows\Popups\BRA_DiscreteMotor_Faceplate\data.bin,14484,Untracked Vision Binary,"Open/modify/save this Vision window/template in an Ignition 8.3 Designer to convert it to XML, then rerun the scanner."
Aseptic,windows/Popups/BRA_MixProofSeats_Coffee13,Aseptic\com.inductiveautomation.vision\windows\Popups\BRA_MixProofSeats_Coffee13\data.bin,14587,Untracked Vision Binary,"Open/modify/save this Vision window/template in an Ignition 8.3 Designer to convert it to XML, then rerun the scanner."
Aseptic,windows/Popups/BRA_MixProofValve_Faceplate_Coffee13,Aseptic\com.inductiveautomation.vision\windows\Popups\BRA_MixProofValve_Faceplate_Coffee13\data.bin,15692,Untracked Vision Binary,"Open/modify/save this Vision window/template in an Ignition 8.3 Designer to convert it to XML, then rerun the scanner."
Aseptic,windows/Popups/BRA_OpAlarms,Aseptic\com.inductiveautomation.vision\windows\Popups\BRA_OpAlarms\data.bin,8741,Untracked Vision Binary,"Open/modify/save this Vision window/template in an Ignition 8.3 Designer to convert it to XML, then rerun the scanner."
Aseptic,windows/Popups/BRA_Operation,Aseptic\com.inductiveautomation.vision\windows\Popups\BRA_Operation\window.bin,2488,Untracked Vision Binary,"Open/modify/save this Vision window/template in an Ignition 8.3 Designer to convert it to XML, then rerun the scanner."
Aseptic,windows/Popups/BRA_Operation_Alarms_CIP2,Aseptic\com.inductiveautomation.vision\windows\Popups\BRA_Operation_Alarms_CIP2\data.bin,8922,Untracked Vision Binary,"Open/modify/save this Vision window/template in an Ignition 8.3 Designer to convert it to XML, then rerun the scanner."
Aseptic,windows/Popups/BRA_Operation_Alarms_Custom,Aseptic\com.inductiveautomation.vision\windows\Popups\BRA_Operation_Alarms_Custom\data.bin,8764,Untracked Vision Binary,"Open/modify/save this Vision window/template in an Ignition 8.3 Designer to convert it to XML, then rerun the scanner."
Aseptic,windows/Popups/BRA_Operation_CIP2,Aseptic\com.inductiveautomation.vision\windows\Popups\BRA_Operation_CIP2\window.bin,12479,Untracked Vision Binary,"Open/modify/save this Vision window/template in an Ignition 8.3 Designer to convert it to XML, then rerun the scanner."
Aseptic,windows/Popups/BRA_Operation_Custom,Aseptic\com.inductiveautomation.vision\windows\Popups\BRA_Operation_Custom\window.bin,11679,Untracked Vision Binary,"Open/modify/save this Vision window/template in an Ignition 8.3 Designer to convert it to XML, then rerun the scanner."
Aseptic,windows/Popups/BRA_Operation_Custom_OLD,Aseptic\com.inductiveautomation.vision\windows\Popups\BRA_Operation_Custom_OLD\data.bin,21423,Untracked Vision Binary,"Open/modify/save this Vision window/template in an Ignition 8.3 Designer to convert it to XML, then rerun the scanner."
Aseptic,windows/Popups/BRA_Operation_Interlocks,Aseptic\com.inductiveautomation.vision\windows\Popups\BRA_Operation_Interlocks\data.bin,9590,Untracked Vision Binary,"Open/modify/save this Vision window/template in an Ignition 8.3 Designer to convert it to XML, then rerun the scanner."
Aseptic,windows/Popups/BRA_Operation_Interlocks_CIP2,Aseptic\com.inductiveautomation.vision\windows\Popups\BRA_Operation_Interlocks_CIP2\data.bin,10647,Untracked Vision Binary,"Open/modify/save this Vision window/template in an Ignition 8.3 Designer to convert it to XML, then rerun the scanner."
Aseptic,windows/Popups/BRA_Operation_Interlocks_Custom,Aseptic\com.inductiveautomation.vision\windows\Popups\BRA_Operation_Interlocks_Custom\data.bin,9566,Untracked Vision Binary,"Open/modify/save this Vision window/template in an Ignition 8.3 Designer to convert it to XML, then rerun the scanner."
Aseptic,windows/Popups/BRA_Operation_Parameters_CIP2,Aseptic\com.inductiveautomation.vision\windows\Popups\BRA_Operation_Parameters_CIP2\data.bin,14465,Untracked Vision Binary,"Open/modify/save this Vision window/template in an Ignition 8.3 Designer to convert it to XML, then rerun the scanner."
Aseptic,windows/Popups/BRA_Operation_Parameters_Custom,Aseptic\com.inductiveautomation.vision\windows\Popups\BRA_Operation_Parameters_Custom\data.bin,14438,Untracked Vision Binary,"Open/modify/save this Vision window/template in an Ignition 8.3 Designer to convert it to XML, then rerun the scanner."
Aseptic,windows/Popups/BRA_Phase,Aseptic\com.inductiveautomation.vision\windows\Popups\BRA_Phase\window.bin,2411,Untracked Vision Binary,"Open/modify/save this Vision window/template in an Ignition 8.3 Designer to convert it to XML, then rerun the scanner."
Aseptic,windows/Popups/BRA_Phase_Alarms_Custom,Aseptic\com.inductiveautomation.vision\windows\Popups\BRA_Phase_Alarms_Custom\window.bin,4458,Untracked Vision Binary,"Open/modify/save this Vision window/template in an Ignition 8.3 Designer to convert it to XML, then rerun the scanner."
Aseptic,windows/Popups/BRA_Phase_Alarms_Custom_TK13,Aseptic\com.inductiveautomation.vision\windows\Popups\BRA_Phase_Alarms_Custom_TK13\data.bin,7630,Untracked Vision Binary,"Open/modify/save this Vision window/template in an Ignition 8.3 Designer to convert it to XML, then rerun the scanner."
Aseptic,windows/Popups/BRA_Phase_CIP,Aseptic\com.inductiveautomation.vision\windows\Popups\BRA_Phase_CIP\window.bin,8391,Untracked Vision Binary,"Open/modify/save this Vision window/template in an Ignition 8.3 Designer to convert it to XML, then rerun the scanner."
Aseptic,windows/Popups/BRA_Phase_CIP12,Aseptic\com.inductiveautomation.vision\windows\Popups\BRA_Phase_CIP12\data.bin,18419,Untracked Vision Binary,"Open/modify/save this Vision window/template in an Ignition 8.3 Designer to convert it to XML, then rerun the scanner."
Aseptic,windows/Popups/BRA_Phase_CIP13,Aseptic\com.inductiveautomation.vision\windows\Popups\BRA_Phase_CIP13\data.bin,18439,Untracked Vision Binary,"Open/modify/save this Vision window/template in an Ignition 8.3 Designer to convert it to XML, then rerun the scanner."
Aseptic,windows/Popups/BRA_Phase_Custom,Aseptic\com.inductiveautomation.vision\windows\Popups\BRA_Phase_Custom\window.bin,9915,Untracked Vision Binary,"Open/modify/save this Vision window/template in an Ignition 8.3 Designer to convert it to XML, then rerun the scanner."
Aseptic,windows/Popups/BRA_Phase_Custom_DryScaling,Aseptic\com.inductiveautomation.vision\windows\Popups\BRA_Phase_Custom_DryScaling\window.bin,9562,Untracked Vision Binary,"Open/modify/save this Vision window/template in an Ignition 8.3 Designer to convert it to XML, then rerun the scanner."
Aseptic,windows/Popups/BRA_Phase_Custom_DryScaling_Transfer,Aseptic\com.inductiveautomation.vision\windows\Popups\BRA_Phase_Custom_DryScaling_Transfer\window.bin,9585,Untracked Vision Binary,"Open/modify/save this Vision window/template in an Ignition 8.3 Designer to convert it to XML, then rerun the scanner."
Aseptic,windows/Popups/BRA_Phase_Custom_new,Aseptic\com.inductiveautomation.vision\windows\Popups\BRA_Phase_Custom_new\window.bin,8903,Untracked Vision Binary,"Open/modify/save this Vision window/template in an Ignition 8.3 Designer to convert it to XML, then rerun the scanner."
Aseptic,windows/Popups/BRA_Phase_Custom_Tank11,Aseptic\com.inductiveautomation.vision\windows\Popups\BRA_Phase_Custom_Tank11\window.bin,9802,Untracked Vision Binary,"Open/modify/save this Vision window/template in an Ignition 8.3 Designer to convert it to XML, then rerun the scanner."
Aseptic,windows/Popups/BRA_Phase_Custom_TK13,Aseptic\com.inductiveautomation.vision\windows\Popups\BRA_Phase_Custom_TK13\data.bin,20786,Untracked Vision Binary,"Open/modify/save this Vision window/template in an Ignition 8.3 Designer to convert it to XML, then rerun the scanner."
Aseptic,windows/Popups/BRA_Phase_HighShear,Aseptic\com.inductiveautomation.vision\windows\Popups\BRA_Phase_HighShear\window.bin,10143,Untracked Vision Binary,"Open/modify/save this Vision window/template in an Ignition 8.3 Designer to convert it to XML, then rerun the scanner."
Aseptic,windows/Popups/BRA_Phase_Interlocks,Aseptic\com.inductiveautomation.vision\windows\Popups\BRA_Phase_Interlocks\window.bin,5949,Untracked Vision Binary,"Open/modify/save this Vision window/template in an Ignition 8.3 Designer to convert it to XML, then rerun the scanner."
Aseptic,windows/Popups/BRA_Phase_Interlocks_Custom,Aseptic\com.inductiveautomation.vision\windows\Popups\BRA_Phase_Interlocks_Custom\window.bin,5628,Untracked Vision Binary,"Open/modify/save this Vision window/template in an Ignition 8.3 Designer to convert it to XML, then rerun the scanner."
Aseptic,windows/Popups/BRA_Phase_Interlocks_Custom_TK13,Aseptic\com.inductiveautomation.vision\windows\Popups\BRA_Phase_Interlocks_Custom_TK13\data.bin,9638,Untracked Vision Binary,"Open/modify/save this Vision window/template in an Ignition 8.3 Designer to convert it to XML, then rerun the scanner."
Aseptic,windows/Popups/BRA_Phase_Parameters,Aseptic\com.inductiveautomation.vision\windows\Popups\BRA_Phase_Parameters\data.bin,15806,Untracked Vision Binary,"Open/modify/save this Vision window/template in an Ignition 8.3 Designer to convert it to XML, then rerun the scanner."
Aseptic,windows/Popups/BRA_Phase_Parameters_Custom,Aseptic\com.inductiveautomation.vision\windows\Popups\BRA_Phase_Parameters_Custom\window.bin,7880,Untracked Vision Binary,"Open/modify/save this Vision window/template in an Ignition 8.3 Designer to convert it to XML, then rerun the scanner."
Aseptic,windows/Popups/BRA_Phase_Parameters_Custom_TK13,Aseptic\com.inductiveautomation.vision\windows\Popups\BRA_Phase_Parameters_Custom_TK13\data.bin,14300,Untracked Vision Binary,"Open/modify/save this Vision window/template in an Ignition 8.3 Designer to convert it to XML, then rerun the scanner."
Aseptic,windows/Popups/BRA_Phase_RO,Aseptic\com.inductiveautomation.vision\windows\Popups\BRA_Phase_RO\data.bin,20840,Untracked Vision Binary,"Open/modify/save this Vision window/template in an Ignition 8.3 Designer to convert it to XML, then rerun the scanner."
Aseptic,windows/Popups/BRA_Phase_Tk13Transfer,Aseptic\com.inductiveautomation.vision\windows\Popups\BRA_Phase_Tk13Transfer\data.bin,19848,Untracked Vision Binary,"Open/modify/save this Vision window/template in an Ignition 8.3 Designer to convert it to XML, then rerun the scanner."
Aseptic,windows/Popups/BRA_Phase_Tk5B_Transfer,Aseptic\com.inductiveautomation.vision\windows\Popups\BRA_Phase_Tk5B_Transfer\data.bin,19306,Untracked Vision Binary,"Open/modify/save this Vision window/template in an Ignition 8.3 Designer to convert it to XML, then rerun the scanner."
Aseptic,windows/Popups/BRA_Phase_TransferLineCIP,Aseptic\com.inductiveautomation.vision\windows\Popups\BRA_Phase_TransferLineCIP\data.bin,18284,Untracked Vision Binary,"Open/modify/save this Vision window/template in an Ignition 8.3 Designer to convert it to XML, then rerun the scanner."
Aseptic,windows/Popups/BRA_PIDE,Aseptic\com.inductiveautomation.vision\windows\Popups\BRA_PIDE\data.bin,17502,Untracked Vision Binary,"Open/modify/save this Vision window/template in an Ignition 8.3 Designer to convert it to XML, then rerun the scanner."
Aseptic,windows/Popups/BRA_PIDE_ControlValve,Aseptic\com.inductiveautomation.vision\windows\Popups\BRA_PIDE_ControlValve\data.bin,17665,Untracked Vision Binary,"Open/modify/save this Vision window/template in an Ignition 8.3 Designer to convert it to XML, then rerun the scanner."
Aseptic,windows/Popups/BRA_PIDE_Pump_Faceplate,Aseptic\com.inductiveautomation.vision\windows\Popups\BRA_PIDE_Pump_Faceplate\window.bin,8778,Untracked Vision Binary,"Open/modify/save this Vision window/template in an Ignition 8.3 Designer to convert it to XML, then rerun the scanner."
Aseptic,windows/Popups/BRA_PIDE_Trending,Aseptic\com.inductiveautomation.vision\windows\Popups\BRA_PIDE_Trending\window.bin,8591,Untracked Vision Binary,"Open/modify/save this Vision window/template in an Ignition 8.3 Designer to convert it to XML, then rerun the scanner."
Aseptic,windows/Popups/BRA_Valve_AutoManual_OpenClose_Trending,Aseptic\com.inductiveautomation.vision\windows\Popups\BRA_Valve_AutoManual_OpenClose_Trending\data.bin,17939,Untracked Vision Binary,"Open/modify/save this Vision window/template in an Ignition 8.3 Designer to convert it to XML, then rerun the scanner."
Aseptic,windows/Popups/BRA_Valve_Faceplate,Aseptic\com.inductiveautomation.vision\windows\Popups\BRA_Valve_Faceplate\window.bin,8347,Untracked Vision Binary,"Open/modify/save this Vision window/template in an Ignition 8.3 Designer to convert it to XML, then rerun the scanner."
Aseptic,windows/Popups/BRA_VFD_Faceplate__OLD,Aseptic\com.inductiveautomation.vision\windows\Popups\BRA_VFD_Faceplate__OLD\window.bin,6896,Untracked Vision Binary,"Open/modify/save this Vision window/template in an Ignition 8.3 Designer to convert it to XML, then rerun the scanner."
Aseptic,windows/Popups/BRA_VFD_FwdRev_Faceplate,Aseptic\com.inductiveautomation.vision\windows\Popups\BRA_VFD_FwdRev_Faceplate\data.bin,15678,Untracked Vision Binary,"Open/modify/save this Vision window/template in an Ignition 8.3 Designer to convert it to XML, then rerun the scanner."
Aseptic,windows/Popups/BRA_View_AsepticRecipe,Aseptic\com.inductiveautomation.vision\windows\Popups\BRA_View_AsepticRecipe\data.bin,18273,Untracked Vision Binary,"Open/modify/save this Vision window/template in an Ignition 8.3 Designer to convert it to XML, then rerun the scanner."
Aseptic,windows/Popups/Control Modules/BRA_DMotor,Aseptic\com.inductiveautomation.vision\windows\Popups\Control Modules\BRA_DMotor\data.bin,16563,Untracked Vision Binary,"Open/modify/save this Vision window/template in an Ignition 8.3 Designer to convert it to XML, then rerun the scanner."
Aseptic,windows/Popups/Control Modules/BRA_DValve,Aseptic\com.inductiveautomation.vision\windows\Popups\Control Modules\BRA_DValve\window.bin,5885,Untracked Vision Binary,"Open/modify/save this Vision window/template in an Ignition 8.3 Designer to convert it to XML, then rerun the scanner."
Aseptic,windows/Popups/Control Modules/BRA_DValve_Maintenance,Aseptic\com.inductiveautomation.vision\windows\Popups\Control Modules\BRA_DValve_Maintenance\data.bin,16027,Untracked Vision Binary,"Open/modify/save this Vision window/template in an Ignition 8.3 Designer to convert it to XML, then rerun the scanner."
Aseptic,windows/Popups/Control Modules/BRA_DValve_OLD,Aseptic\com.inductiveautomation.vision\windows\Popups\Control Modules\BRA_DValve_OLD\window.bin,8692,Untracked Vision Binary,"Open/modify/save this Vision window/template in an Ignition 8.3 Designer to convert it to XML, then rerun the scanner."
Aseptic,windows/Popups/Control Modules/BRA_PIDE_Pump,Aseptic\com.inductiveautomation.vision\windows\Popups\Control Modules\BRA_PIDE_Pump\window.bin,8872,Untracked Vision Binary,"Open/modify/save this Vision window/template in an Ignition 8.3 Designer to convert it to XML, then rerun the scanner."
Aseptic,windows/Popups/Control Modules/BRA_PIDE_Valve,Aseptic\com.inductiveautomation.vision\windows\Popups\Control Modules\BRA_PIDE_Valve\window.bin,8126,Untracked Vision Binary,"Open/modify/save this Vision window/template in an Ignition 8.3 Designer to convert it to XML, then rerun the scanner."
Aseptic,windows/Popups/Control Modules/BRA_VFD,Aseptic\com.inductiveautomation.vision\windows\Popups\Control Modules\BRA_VFD\data.bin,17527,Untracked Vision Binary,"Open/modify/save this Vision window/template in an Ignition 8.3 Designer to convert it to XML, then rerun the scanner."
Aseptic,windows/Popups/Faceplates/Phase_Basic_V1,Aseptic\com.inductiveautomation.vision\windows\Popups\Faceplates\Phase_Basic_V1\window.bin,4040,Untracked Vision Binary,"Open/modify/save this Vision window/template in an Ignition 8.3 Designer to convert it to XML, then rerun the scanner."
Aseptic,windows/Popups/Faceplates/PID_V1,Aseptic\com.inductiveautomation.vision\windows\Popups\Faceplates\PID_V1\window.bin,1671,Untracked Vision Binary,"Open/modify/save this Vision window/template in an Ignition 8.3 Designer to convert it to XML, then rerun the scanner."
Aseptic,windows/Popups/P_Motor_Faceplate_v1,Aseptic\com.inductiveautomation.vision\windows\Popups\P_Motor_Faceplate_v1\window.bin,6782,Untracked Vision Binary,"Open/modify/save this Vision window/template in an Ignition 8.3 Designer to convert it to XML, then rerun the scanner."
Aseptic,windows/Popups/P_VSD_Faceplate_v1,Aseptic\com.inductiveautomation.vision\windows\Popups\P_VSD_Faceplate_v1\window.bin,8221,Untracked Vision Binary,"Open/modify/save this Vision window/template in an Ignition 8.3 Designer to convert it to XML, then rerun the scanner."
Aseptic,windows/Popups/Phase Control and Visualization/BRA_Alarms,Aseptic\com.inductiveautomation.vision\windows\Popups\Phase Control and Visualization\BRA_Alarms\data.bin,9064,Untracked Vision Binary,"Open/modify/save this Vision window/template in an Ignition 8.3 Designer to convert it to XML, then rerun the scanner."
Aseptic,windows/Popups/Phase Control and Visualization/BRA_Interlocks,Aseptic\com.inductiveautomation.vision\windows\Popups\Phase Control and Visualization\BRA_Interlocks\window.bin,5635,Untracked Vision Binary,"Open/modify/save this Vision window/template in an Ignition 8.3 Designer to convert it to XML, then rerun the scanner."
Aseptic,windows/Popups/Phase Control and Visualization/BRA_Parameters,Aseptic\com.inductiveautomation.vision\windows\Popups\Phase Control and Visualization\BRA_Parameters\data.bin,19541,Untracked Vision Binary,"Open/modify/save this Vision window/template in an Ignition 8.3 Designer to convert it to XML, then rerun the scanner."
Aseptic,windows/Popups/Phase Control and Visualization/BRA_Phase,Aseptic\com.inductiveautomation.vision\windows\Popups\Phase Control and Visualization\BRA_Phase\data.bin,22441,Untracked Vision Binary,"Open/modify/save this Vision window/template in an Ignition 8.3 Designer to convert it to XML, then rerun the scanner."
Aseptic,windows/Popups/Phase Control and Visualization/BRA_Phase_RO,Aseptic\com.inductiveautomation.vision\windows\Popups\Phase Control and Visualization\BRA_Phase_RO\window.bin,11903,Untracked Vision Binary,"Open/modify/save this Vision window/template in an Ignition 8.3 Designer to convert it to XML, then rerun the scanner."
Aseptic,windows/Popups/Phase_Basic_Faceplate_v2,Aseptic\com.inductiveautomation.vision\windows\Popups\Phase_Basic_Faceplate_v2\window.bin,11939,Untracked Vision Binary,"Open/modify/save this Vision window/template in an Ignition 8.3 Designer to convert it to XML, then rerun the scanner."
Aseptic,windows/Popups/Phase_Messages_v1,Aseptic\com.inductiveautomation.vision\windows\Popups\Phase_Messages_v1\window.bin,4803,Untracked Vision Binary,"Open/modify/save this Vision window/template in an Ignition 8.3 Designer to convert it to XML, then rerun the scanner."
Aseptic,windows/Popups/Phase_Parameters_Custom_v1,Aseptic\com.inductiveautomation.vision\windows\Popups\Phase_Parameters_Custom_v1\window.bin,7304,Untracked Vision Binary,"Open/modify/save this Vision window/template in an Ignition 8.3 Designer to convert it to XML, then rerun the scanner."
Aseptic,windows/Popups/Trending/Analog_Trending,Aseptic\com.inductiveautomation.vision\windows\Popups\Trending\Analog_Trending\window.bin,6360,Untracked Vision Binary,"Open/modify/save this Vision window/template in an Ignition 8.3 Designer to convert it to XML, then rerun the scanner."
Aseptic,windows/Popups/Trending/BRA_Analog,Aseptic\com.inductiveautomation.vision\windows\Popups\Trending\BRA_Analog\window.bin,6552,Untracked Vision Binary,"Open/modify/save this Vision window/template in an Ignition 8.3 Designer to convert it to XML, then rerun the scanner."
Aseptic,windows/Popups/Trending/BRA_Analog_COP,Aseptic\com.inductiveautomation.vision\windows\Popups\Trending\BRA_Analog_COP\window.bin,6376,Untracked Vision Binary,"Open/modify/save this Vision window/template in an Ignition 8.3 Designer to convert it to XML, then rerun the scanner."
Aseptic,windows/Popups/Trending/BRA_Discrete,Aseptic\com.inductiveautomation.vision\windows\Popups\Trending\BRA_Discrete\window.bin,6818,Untracked Vision Binary,"Open/modify/save this Vision window/template in an Ignition 8.3 Designer to convert it to XML, then rerun the scanner."
Aseptic,windows/Popups/Trending/BRA_PIDE_Pump,Aseptic\com.inductiveautomation.vision\windows\Popups\Trending\BRA_PIDE_Pump\window.bin,8423,Untracked Vision Binary,"Open/modify/save this Vision window/template in an Ignition 8.3 Designer to convert it to XML, then rerun the scanner."
Aseptic,windows/Popups/Trending/BRA_PIDE_Valve,Aseptic\com.inductiveautomation.vision\windows\Popups\Trending\BRA_PIDE_Valve\window.bin,8488,Untracked Vision Binary,"Open/modify/save this Vision window/template in an Ignition 8.3 Designer to convert it to XML, then rerun the scanner."
Aseptic,windows/Popups/Trending/Discrete_Trending,Aseptic\com.inductiveautomation.vision\windows\Popups\Trending\Discrete_Trending\window.bin,6350,Untracked Vision Binary,"Open/modify/save this Vision window/template in an Ignition 8.3 Designer to convert it to XML, then rerun the scanner."
Aseptic,windows/User Management/Switch User,Aseptic\com.inductiveautomation.vision\windows\User Management\Switch User\data.bin,8705,Untracked Vision Binary,"Open/modify/save this Vision window/template in an Ignition 8.3 Designer to convert it to XML, then rerun the scanner."
Coffee_Blending,templates/APS Devices/Instruments/Conductivity,Coffee_Blending\com.inductiveautomation.vision\templates\APS Devices\Instruments\Conductivity\data.bin,3603,Untracked Vision Binary,"Open/modify/save this Vision window/template in an Ignition 8.3 Designer to convert it to XML, then rerun the scanner."
Coffee_Blending,templates/APS Devices/Instruments/DigitalIndicator,Coffee_Blending\com.inductiveautomation.vision\templates\APS Devices\Instruments\DigitalIndicator\data.bin,3692,Untracked Vision Binary,"Open/modify/save this Vision window/template in an Ignition 8.3 Designer to convert it to XML, then rerun the scanner."
Coffee_Blending,templates/APS Devices/Instruments/Flow,Coffee_Blending\com.inductiveautomation.vision\templates\APS Devices\Instruments\Flow\data.bin,5790,Untracked Vision Binary,"Open/modify/save this Vision window/template in an Ignition 8.3 Designer to convert it to XML, then rerun the scanner."
Coffee_Blending,templates/APS Devices/Instruments/Pressure,Coffee_Blending\com.inductiveautomation.vision\templates\APS Devices\Instruments\Pressure\data.bin,4209,Untracked Vision Binary,"Open/modify/save this Vision window/template in an Ignition 8.3 Designer to convert it to XML, then rerun the scanner."
Coffee_Blending,templates/APS Devices/Instruments/Temperature,Coffee_Blending\com.inductiveautomation.vision\templates\APS Devices\Instruments\Temperature\data.bin,3497,Untracked Vision Binary,"Open/modify/save this Vision window/template in an Ignition 8.3 Designer to convert it to XML, then rerun the scanner."
Coffee_Blending,templates/APS Devices/Pumps/Centrifugal,Coffee_Blending\com.inductiveautomation.vision\templates\APS Devices\Pumps\Centrifugal\data.bin,9916,Untracked Vision Binary,"Open/modify/save this Vision window/template in an Ignition 8.3 Designer to convert it to XML, then rerun the scanner."
Coffee_Blending,templates/APS Devices/Pumps/Diaphragm,Coffee_Blending\com.inductiveautomation.vision\templates\APS Devices\Pumps\Diaphragm\data.bin,4773,Untracked Vision Binary,"Open/modify/save this Vision window/template in an Ignition 8.3 Designer to convert it to XML, then rerun the scanner."
Coffee_Blending,templates/APS Devices/Pumps/Disconnect,Coffee_Blending\com.inductiveautomation.vision\templates\APS Devices\Pumps\Disconnect\data.bin,4979,Untracked Vision Binary,"Open/modify/save this Vision window/template in an Ignition 8.3 Designer to convert it to XML, then rerun the scanner."
Coffee_Blending,templates/APS Devices/Pumps/Motor,Coffee_Blending\com.inductiveautomation.vision\templates\APS Devices\Pumps\Motor\data.bin,5727,Untracked Vision Binary,"Open/modify/save this Vision window/template in an Ignition 8.3 Designer to convert it to XML, then rerun the scanner."
Coffee_Blending,templates/APS Devices/Static/BrazedPlate,Coffee_Blending\com.inductiveautomation.vision\templates\APS Devices\Static\BrazedPlate\data.bin,7133,Untracked Vision Binary,"Open/modify/save this Vision window/template in an Ignition 8.3 Designer to convert it to XML, then rerun the scanner."
Coffee_Blending,templates/APS Devices/Static/Coil,Coffee_Blending\com.inductiveautomation.vision\templates\APS Devices\Static\Coil\data.bin,5586,Untracked Vision Binary,"Open/modify/save this Vision window/template in an Ignition 8.3 Designer to convert it to XML, then rerun the scanner."
Coffee_Blending,templates/APS Devices/Static/Filter,Coffee_Blending\com.inductiveautomation.vision\templates\APS Devices\Static\Filter\data.bin,3598,Untracked Vision Binary,"Open/modify/save this Vision window/template in an Ignition 8.3 Designer to convert it to XML, then rerun the scanner."
Coffee_Blending,templates/APS Devices/Static/PRV,Coffee_Blending\com.inductiveautomation.vision\templates\APS Devices\Static\PRV\data.bin,4659,Untracked Vision Binary,"Open/modify/save this Vision window/template in an Ignition 8.3 Designer to convert it to XML, then rerun the scanner."
Coffee_Blending,templates/APS Devices/Static/SprayBall,Coffee_Blending\com.inductiveautomation.vision\templates\APS Devices\Static\SprayBall\data.bin,2000,Untracked Vision Binary,"Open/modify/save this Vision window/template in an Ignition 8.3 Designer to convert it to XML, then rerun the scanner."
Coffee_Blending,templates/APS Devices/Static/SWC,Coffee_Blending\com.inductiveautomation.vision\templates\APS Devices\Static\SWC\data.bin,3131,Untracked Vision Binary,"Open/modify/save this Vision window/template in an Ignition 8.3 Designer to convert it to XML, then rerun the scanner."
Coffee_Blending,templates/APS Devices/Valves/BallValve,Coffee_Blending\com.inductiveautomation.vision\templates\APS Devices\Valves\BallValve\data.bin,7756,Untracked Vision Binary,"Open/modify/save this Vision window/template in an Ignition 8.3 Designer to convert it to XML, then rerun the scanner."
Coffee_Blending,templates/APS Devices/Valves/Burkert,Coffee_Blending\com.inductiveautomation.vision\templates\APS Devices\Valves\Burkert\data.bin,7059,Untracked Vision Binary,"Open/modify/save this Vision window/template in an Ignition 8.3 Designer to convert it to XML, then rerun the scanner."
Coffee_Blending,templates/APS Devices/Valves/ControlValve,Coffee_Blending\com.inductiveautomation.vision\templates\APS Devices\Valves\ControlValve\data.bin,10387,Untracked Vision Binary,"Open/modify/save this Vision window/template in an Ignition 8.3 Designer to convert it to XML, then rerun the scanner."
Coffee_Blending,templates/APS Devices/Valves/ControlValveSanitary,Coffee_Blending\com.inductiveautomation.vision\templates\APS Devices\Valves\ControlValveSanitary\data.bin,7551,Untracked Vision Binary,"Open/modify/save this Vision window/template in an Ignition 8.3 Designer to convert it to XML, then rerun the scanner."
Coffee_Blending,templates/APS Devices/Valves/ControlValveSanitaryHor,Coffee_Blending\com.inductiveautomation.vision\templates\APS Devices\Valves\ControlValveSanitaryHor\data.bin,7565,Untracked Vision Binary,"Open/modify/save this Vision window/template in an Ignition 8.3 Designer to convert it to XML, then rerun the scanner."
Coffee_Blending,templates/APS Devices/Valves/DivertDrain,Coffee_Blending\com.inductiveautomation.vision\templates\APS Devices\Valves\DivertDrain\data.bin,7929,Untracked Vision Binary,"Open/modify/save this Vision window/template in an Ignition 8.3 Designer to convert it to XML, then rerun the scanner."
Coffee_Blending,templates/APS Devices/Valves/Diverter,Coffee_Blending\com.inductiveautomation.vision\templates\APS Devices\Valves\Diverter\data.bin,7244,Untracked Vision Binary,"Open/modify/save this Vision window/template in an Ignition 8.3 Designer to convert it to XML, then rerun the scanner."
Coffee_Blending,templates/APS Devices/Valves/Diverter Mirrored,Coffee_Blending\com.inductiveautomation.vision\templates\APS Devices\Valves\Diverter Mirrored\data.bin,7253,Untracked Vision Binary,"Open/modify/save this Vision window/template in an Ignition 8.3 Designer to convert it to XML, then rerun the scanner."
Coffee_Blending,templates/APS Devices/Valves/Double,Coffee_Blending\com.inductiveautomation.vision\templates\APS Devices\Valves\Double\data.bin,9171,Untracked Vision Binary,"Open/modify/save this Vision window/template in an Ignition 8.3 Designer to convert it to XML, then rerun the scanner."
Coffee_Blending,templates/APS Devices/Valves/PIDLoop,Coffee_Blending\com.inductiveautomation.vision\templates\APS Devices\Valves\PIDLoop\data.bin,6018,Untracked Vision Binary,"Open/modify/save this Vision window/template in an Ignition 8.3 Designer to convert it to XML, then rerun the scanner."
Coffee_Blending,templates/APS Devices/Valves/Seat,Coffee_Blending\com.inductiveautomation.vision\templates\APS Devices\Valves\Seat\data.bin,4167,Untracked Vision Binary,"Open/modify/save this Vision window/template in an Ignition 8.3 Designer to convert it to XML, then rerun the scanner."
Coffee_Blending,templates/APS Devices/Valves/Single,Coffee_Blending\com.inductiveautomation.vision\templates\APS Devices\Valves\Single\data.bin,6673,Untracked Vision Binary,"Open/modify/save this Vision window/template in an Ignition 8.3 Designer to convert it to XML, then rerun the scanner."
Coffee_Blending,templates/APS Devices/Valves/Single_90Bend,Coffee_Blending\com.inductiveautomation.vision\templates\APS Devices\Valves\Single_90Bend\data.bin,7389,Untracked Vision Binary,"Open/modify/save this Vision window/template in an Ignition 8.3 Designer to convert it to XML, then rerun the scanner."
Coffee_Blending,templates/APS Devices/Valves/Single_90Bend Mirrored,Coffee_Blending\com.inductiveautomation.vision\templates\APS Devices\Valves\Single_90Bend Mirrored\data.bin,7304,Untracked Vision Binary,"Open/modify/save this Vision window/template in an Ignition 8.3 Designer to convert it to XML, then rerun the scanner."
Coffee_Blending,templates/APS Devices/Valves/Single_Original,Coffee_Blending\com.inductiveautomation.vision\templates\APS Devices\Valves\Single_Original\data.bin,7388,Untracked Vision Binary,"Open/modify/save this Vision window/template in an Ignition 8.3 Designer to convert it to XML, then rerun the scanner."
Coffee_Blending,templates/BRA Devices/Pumps/Centrifugal,Coffee_Blending\com.inductiveautomation.vision\templates\BRA Devices\Pumps\Centrifugal\data.bin,12365,Untracked Vision Binary,"Open/modify/save this Vision window/template in an Ignition 8.3 Designer to convert it to XML, then rerun the scanner."
Coffee_Blending,templates/BRA Devices/Pumps/Centrifugal_PIDE,Coffee_Blending\com.inductiveautomation.vision\templates\BRA Devices\Pumps\Centrifugal_PIDE\data.bin,9927,Untracked Vision Binary,"Open/modify/save this Vision window/template in an Ignition 8.3 Designer to convert it to XML, then rerun the scanner."
Coffee_Blending,templates/BRA Devices/Static/Elbow_NoAnimation,Coffee_Blending\com.inductiveautomation.vision\templates\BRA Devices\Static\Elbow_NoAnimation\data.bin,2715,Untracked Vision Binary,"Open/modify/save this Vision window/template in an Ignition 8.3 Designer to convert it to XML, then rerun the scanner."
Coffee_Blending,templates/BRA Devices/Static/Nav_Label,Coffee_Blending\com.inductiveautomation.vision\templates\BRA Devices\Static\Nav_Label\data.bin,4152,Untracked Vision Binary,"Open/modify/save this Vision window/template in an Ignition 8.3 Designer to convert it to XML, then rerun the scanner."
Coffee_Blending,templates/BRA Devices/Static/SprayBall,Coffee_Blending\com.inductiveautomation.vision\templates\BRA Devices\Static\SprayBall\data.bin,2727,Untracked Vision Binary,"Open/modify/save this Vision window/template in an Ignition 8.3 Designer to convert it to XML, then rerun the scanner."
Coffee_Blending,templates/BRA Devices/Static/Straight_NoAnimation,Coffee_Blending\com.inductiveautomation.vision\templates\BRA Devices\Static\Straight_NoAnimation\data.bin,2368,Untracked Vision Binary,"Open/modify/save this Vision window/template in an Ignition 8.3 Designer to convert it to XML, then rerun the scanner."
Coffee_Blending,templates/BRA Devices/Static/Tee_NoAnimation,Coffee_Blending\com.inductiveautomation.vision\templates\BRA Devices\Static\Tee_NoAnimation\data.bin,2895,Untracked Vision Binary,"Open/modify/save this Vision window/template in an Ignition 8.3 Designer to convert it to XML, then rerun the scanner."
Coffee_Blending,templates/BRA Devices/Valves/ControlValve,Coffee_Blending\com.inductiveautomation.vision\templates\BRA Devices\Valves\ControlValve\data.bin,10086,Untracked Vision Binary,"Open/modify/save this Vision window/template in an Ignition 8.3 Designer to convert it to XML, then rerun the scanner."
Coffee_Blending,templates/BRA Devices/Valves/MixProof Valve,Coffee_Blending\com.inductiveautomation.vision\templates\BRA Devices\Valves\MixProof Valve\data.bin,7353,Untracked Vision Binary,"Open/modify/save this Vision window/template in an Ignition 8.3 Designer to convert it to XML, then rerun the scanner."
Coffee_Blending,templates/Buttons/BRA_Discrete_Trending,Coffee_Blending\com.inductiveautomation.vision\templates\Buttons\BRA_Discrete_Trending\data.bin,3673,Untracked Vision Binary,"Open/modify/save this Vision window/template in an Ignition 8.3 Designer to convert it to XML, then rerun the scanner."
Coffee_Blending,templates/CapitalTemplates/Analog_Trending_Button,Coffee_Blending\com.inductiveautomation.vision\templates\CapitalTemplates\Analog_Trending_Button\droptarget.bin,712,Untracked Vision Binary,"Open/modify/save this Vision window/template in an Ignition 8.3 Designer to convert it to XML, then rerun the scanner."
Coffee_Blending,templates/CapitalTemplates/Analog_Trending_Button,Coffee_Blending\com.inductiveautomation.vision\templates\CapitalTemplates\Analog_Trending_Button\template.bin,2147,Untracked Vision Binary,"Open/modify/save this Vision window/template in an Ignition 8.3 Designer to convert it to XML, then rerun the scanner."
Coffee_Blending,templates/CapitalTemplates/Discrete_Trending_Button,Coffee_Blending\com.inductiveautomation.vision\templates\CapitalTemplates\Discrete_Trending_Button\droptarget.bin,672,Untracked Vision Binary,"Open/modify/save this Vision window/template in an Ignition 8.3 Designer to convert it to XML, then rerun the scanner."
Coffee_Blending,templates/CapitalTemplates/Discrete_Trending_Button,Coffee_Blending\com.inductiveautomation.vision\templates\CapitalTemplates\Discrete_Trending_Button\template.bin,2096,Untracked Vision Binary,"Open/modify/save this Vision window/template in an Ignition 8.3 Designer to convert it to XML, then rerun the scanner."
Coffee_Blending,templates/CapitalTemplates/NavigationLabel_v1,Coffee_Blending\com.inductiveautomation.vision\templates\CapitalTemplates\NavigationLabel_v1\template.bin,4213,Untracked Vision Binary,"Open/modify/save this Vision window/template in an Ignition 8.3 Designer to convert it to XML, then rerun the scanner."
Coffee_Blending,templates/CapitalTemplates/P_Motor_v1,Coffee_Blending\com.inductiveautomation.vision\templates\CapitalTemplates\P_Motor_v1\template.bin,7800,Untracked Vision Binary,"Open/modify/save this Vision window/template in an Ignition 8.3 Designer to convert it to XML, then rerun the scanner."
Coffee_Blending,templates/CapitalTemplates/P_VSD_v1,Coffee_Blending\com.inductiveautomation.vision\templates\CapitalTemplates\P_VSD_v1\template.bin,7759,Untracked Vision Binary,"Open/modify/save this Vision window/template in an Ignition 8.3 Designer to convert it to XML, then rerun the scanner."
Coffee_Blending,templates/CapitalTemplates/Phase_Button_v1,Coffee_Blending\com.inductiveautomation.vision\templates\CapitalTemplates\Phase_Button_v1\template.bin,4420,Untracked Vision Binary,"Open/modify/save this Vision window/template in an Ignition 8.3 Designer to convert it to XML, then rerun the scanner."
Coffee_Blending,templates/CapitalTemplates/Phase_Button_v2,Coffee_Blending\com.inductiveautomation.vision\templates\CapitalTemplates\Phase_Button_v2\template.bin,4516,Untracked Vision Binary,"Open/modify/save this Vision window/template in an Ignition 8.3 Designer to convert it to XML, then rerun the scanner."
Coffee_Blending,templates/CapitalTemplates/Pipe_Animated_v1,Coffee_Blending\com.inductiveautomation.vision\templates\CapitalTemplates\Pipe_Animated_v1\template.bin,2316,Untracked Vision Binary,"Open/modify/save this Vision window/template in an Ignition 8.3 Designer to convert it to XML, then rerun the scanner."
Coffee_Blending,templates/CapitalTemplates/PipeElbow_Animated_v1,Coffee_Blending\com.inductiveautomation.vision\templates\CapitalTemplates\PipeElbow_Animated_v1\template.bin,2522,Untracked Vision Binary,"Open/modify/save this Vision window/template in an Ignition 8.3 Designer to convert it to XML, then rerun the scanner."
Coffee_Blending,templates/CapitalTemplates/PipeTee_Animated_v1,Coffee_Blending\com.inductiveautomation.vision\templates\CapitalTemplates\PipeTee_Animated_v1\template.bin,2548,Untracked Vision Binary,"Open/modify/save this Vision window/template in an Ignition 8.3 Designer to convert it to XML, then rerun the scanner."
Coffee_Blending,templates/Motors/Motor,Coffee_Blending\com.inductiveautomation.vision\templates\Motors\Motor\data.bin,8180,Untracked Vision Binary,"Open/modify/save this Vision window/template in an Ignition 8.3 Designer to convert it to XML, then rerun the scanner."
Coffee_Blending,templates/Pumps/Centrifugal Pump,Coffee_Blending\com.inductiveautomation.vision\templates\Pumps\Centrifugal Pump\data.bin,9156,Untracked Vision Binary,"Open/modify/save this Vision window/template in an Ignition 8.3 Designer to convert it to XML, then rerun the scanner."
Coffee_Blending,templates/Pumps/Centrifugal Pump_PID,Coffee_Blending\com.inductiveautomation.vision\templates\Pumps\Centrifugal Pump_PID\data.bin,9303,Untracked Vision Binary,"Open/modify/save this Vision window/template in an Ignition 8.3 Designer to convert it to XML, then rerun the scanner."
Coffee_Blending,templates/SharedTemplates/BRA_ControlValveUp_PIDE,Coffee_Blending\com.inductiveautomation.vision\templates\SharedTemplates\BRA_ControlValveUp_PIDE\data.bin,10356,Untracked Vision Binary,"Open/modify/save this Vision window/template in an Ignition 8.3 Designer to convert it to XML, then rerun the scanner."
Coffee_Blending,windows/Main Windows/Coffee Holding Tank 13,Coffee_Blending\com.inductiveautomation.vision\windows\Main Windows\Coffee Holding Tank 13\data.bin,36114,Untracked Vision Binary,"Open/modify/save this Vision window/template in an Ignition 8.3 Designer to convert it to XML, then rerun the scanner."
Coffee_Blending,windows/Main Windows/Plant CIP Circuit Statuses,Coffee_Blending\com.inductiveautomation.vision\windows\Main Windows\Plant CIP Circuit Statuses\window.bin,32677,Untracked Vision Binary,"Open/modify/save this Vision window/template in an Ignition 8.3 Designer to convert it to XML, then rerun the scanner."
Coffee_Blending,windows/Main Windows/RO Water,Coffee_Blending\com.inductiveautomation.vision\windows\Main Windows\RO Water\window.bin,23612,Untracked Vision Binary,"Open/modify/save this Vision window/template in an Ignition 8.3 Designer to convert it to XML, then rerun the scanner."
Coffee_Blending,windows/Main Windows/Tea Process,Coffee_Blending\com.inductiveautomation.vision\windows\Main Windows\Tea Process\data.bin,49224,Untracked Vision Binary,"Open/modify/save this Vision window/template in an Ignition 8.3 Designer to convert it to XML, then rerun the scanner."
Coffee_Blending,windows/Popups/BRA_Analog_Trending,Coffee_Blending\com.inductiveautomation.vision\windows\Popups\BRA_Analog_Trending\data.bin,18795,Untracked Vision Binary,"Open/modify/save this Vision window/template in an Ignition 8.3 Designer to convert it to XML, then rerun the scanner."
Coffee_Blending,windows/Popups/BRA_CIP_Passivation,Coffee_Blending\com.inductiveautomation.vision\windows\Popups\BRA_CIP_Passivation\data.bin,11826,Untracked Vision Binary,"Open/modify/save this Vision window/template in an Ignition 8.3 Designer to convert it to XML, then rerun the scanner."
Coffee_Blending,windows/Popups/BRA_CIP_SequenceViewer,Coffee_Blending\com.inductiveautomation.vision\windows\Popups\BRA_CIP_SequenceViewer\data.bin,24603,Untracked Vision Binary,"Open/modify/save this Vision window/template in an Ignition 8.3 Designer to convert it to XML, then rerun the scanner."
Coffee_Blending,windows/Popups/BRA_Configuration_CIPRecipe,Coffee_Blending\com.inductiveautomation.vision\windows\Popups\BRA_Configuration_CIPRecipe\data.bin,23939,Untracked Vision Binary,"Open/modify/save this Vision window/template in an Ignition 8.3 Designer to convert it to XML, then rerun the scanner."
Coffee_Blending,windows/Popups/BRA_Configuration_CIPSequence,Coffee_Blending\com.inductiveautomation.vision\windows\Popups\BRA_Configuration_CIPSequence\data.bin,29576,Untracked Vision Binary,"Open/modify/save this Vision window/template in an Ignition 8.3 Designer to convert it to XML, then rerun the scanner."
Coffee_Blending,windows/Popups/BRA_DiscreteMotor_Faceplate,Coffee_Blending\com.inductiveautomation.vision\windows\Popups\BRA_DiscreteMotor_Faceplate\data.bin,14484,Untracked Vision Binary,"Open/modify/save this Vision window/template in an Ignition 8.3 Designer to convert it to XML, then rerun the scanner."
Coffee_Blending,windows/Popups/BRA_DValve_Faceplate_iLO,Coffee_Blending\com.inductiveautomation.vision\windows\Popups\BRA_DValve_Faceplate_iLO\data.bin,13057,Untracked Vision Binary,"Open/modify/save this Vision window/template in an Ignition 8.3 Designer to convert it to XML, then rerun the scanner."
Coffee_Blending,windows/Popups/BRA_MixProofSeats_Coffee13,Coffee_Blending\com.inductiveautomation.vision\windows\Popups\BRA_MixProofSeats_Coffee13\data.bin,14587,Untracked Vision Binary,"Open/modify/save this Vision window/template in an Ignition 8.3 Designer to convert it to XML, then rerun the scanner."
Coffee_Blending,windows/Popups/BRA_MixProofValve_Faceplate_Coffee13,Coffee_Blending\com.inductiveautomation.vision\windows\Popups\BRA_MixProofValve_Faceplate_Coffee13\data.bin,15692,Untracked Vision Binary,"Open/modify/save this Vision window/template in an Ignition 8.3 Designer to convert it to XML, then rerun the scanner."
Coffee_Blending,windows/Popups/BRA_Operation_Alarms_Custom,Coffee_Blending\com.inductiveautomation.vision\windows\Popups\BRA_Operation_Alarms_Custom\data.bin,8922,Untracked Vision Binary,"Open/modify/save this Vision window/template in an Ignition 8.3 Designer to convert it to XML, then rerun the scanner."
Coffee_Blending,windows/Popups/BRA_Operation_Custom,Coffee_Blending\com.inductiveautomation.vision\windows\Popups\BRA_Operation_Custom\window.bin,11363,Untracked Vision Binary,"Open/modify/save this Vision window/template in an Ignition 8.3 Designer to convert it to XML, then rerun the scanner."
Coffee_Blending,windows/Popups/BRA_Operation_Interlocks_Custom,Coffee_Blending\com.inductiveautomation.vision\windows\Popups\BRA_Operation_Interlocks_Custom\data.bin,10647,Untracked Vision Binary,"Open/modify/save this Vision window/template in an Ignition 8.3 Designer to convert it to XML, then rerun the scanner."
Coffee_Blending,windows/Popups/BRA_Operation_Parameters_Custom,Coffee_Blending\com.inductiveautomation.vision\windows\Popups\BRA_Operation_Parameters_Custom\data.bin,14465,Untracked Vision Binary,"Open/modify/save this Vision window/template in an Ignition 8.3 Designer to convert it to XML, then rerun the scanner."
Coffee_Blending,windows/Popups/BRA_Phase_Alarms_Custom,Coffee_Blending\com.inductiveautomation.vision\windows\Popups\BRA_Phase_Alarms_Custom\data.bin,8583,Untracked Vision Binary,"Open/modify/save this Vision window/template in an Ignition 8.3 Designer to convert it to XML, then rerun the scanner."
Coffee_Blending,windows/Popups/BRA_Phase_CIP13,Coffee_Blending\com.inductiveautomation.vision\windows\Popups\BRA_Phase_CIP13\data.bin,20751,Untracked Vision Binary,"Open/modify/save this Vision window/template in an Ignition 8.3 Designer to convert it to XML, then rerun the scanner."
Coffee_Blending,windows/Popups/BRA_Phase_Custom,Coffee_Blending\com.inductiveautomation.vision\windows\Popups\BRA_Phase_Custom\window.bin,8011,Untracked Vision Binary,"Open/modify/save this Vision window/template in an Ignition 8.3 Designer to convert it to XML, then rerun the scanner."
Coffee_Blending,windows/Popups/BRA_Phase_Interlocks_Custom,Coffee_Blending\com.inductiveautomation.vision\windows\Popups\BRA_Phase_Interlocks_Custom\window.bin,5945,Untracked Vision Binary,"Open/modify/save this Vision window/template in an Ignition 8.3 Designer to convert it to XML, then rerun the scanner."
Coffee_Blending,windows/Popups/BRA_Phase_Parameters_Custom,Coffee_Blending\com.inductiveautomation.vision\windows\Popups\BRA_Phase_Parameters_Custom\data.bin,14264,Untracked Vision Binary,"Open/modify/save this Vision window/template in an Ignition 8.3 Designer to convert it to XML, then rerun the scanner."
Coffee_Blending,windows/Popups/BRA_Phase_RO,Coffee_Blending\com.inductiveautomation.vision\windows\Popups\BRA_Phase_RO\window.bin,9212,Untracked Vision Binary,"Open/modify/save this Vision window/template in an Ignition 8.3 Designer to convert it to XML, then rerun the scanner."
Coffee_Blending,windows/Popups/BRA_Phase_Tk13Transfer,Coffee_Blending\com.inductiveautomation.vision\windows\Popups\BRA_Phase_Tk13Transfer\data.bin,19568,Untracked Vision Binary,"Open/modify/save this Vision window/template in an Ignition 8.3 Designer to convert it to XML, then rerun the scanner."
Coffee_Blending,windows/Popups/BRA_Phase_TransferLineCIP,Coffee_Blending\com.inductiveautomation.vision\windows\Popups\BRA_Phase_TransferLineCIP\data.bin,18245,Untracked Vision Binary,"Open/modify/save this Vision window/template in an Ignition 8.3 Designer to convert it to XML, then rerun the scanner."
Coffee_Blending,windows/Popups/BRA_PIDE_Pump_Faceplate,Coffee_Blending\com.inductiveautomation.vision\windows\Popups\BRA_PIDE_Pump_Faceplate\window.bin,8758,Untracked Vision Binary,"Open/modify/save this Vision window/template in an Ignition 8.3 Designer to convert it to XML, then rerun the scanner."
Coffee_Blending,windows/Popups/BRA_PIDE_Trending,Coffee_Blending\com.inductiveautomation.vision\windows\Popups\BRA_PIDE_Trending\data.bin,21928,Untracked Vision Binary,"Open/modify/save this Vision window/template in an Ignition 8.3 Designer to convert it to XML, then rerun the scanner."
Coffee_Blending,windows/Popups/BRA_PIDE_Valve_Faceplate,Coffee_Blending\com.inductiveautomation.vision\windows\Popups\BRA_PIDE_Valve_Faceplate\window.bin,8029,Untracked Vision Binary,"Open/modify/save this Vision window/template in an Ignition 8.3 Designer to convert it to XML, then rerun the scanner."
Coffee_Blending,windows/Popups/BRA_Valve_AutoManual_OpenClose_Trending,Coffee_Blending\com.inductiveautomation.vision\windows\Popups\BRA_Valve_AutoManual_OpenClose_Trending\data.bin,19057,Untracked Vision Binary,"Open/modify/save this Vision window/template in an Ignition 8.3 Designer to convert it to XML, then rerun the scanner."
Coffee_Blending,windows/Popups/BRA_Valve_Faceplate,Coffee_Blending\com.inductiveautomation.vision\windows\Popups\BRA_Valve_Faceplate\data.bin,14205,Untracked Vision Binary,"Open/modify/save this Vision window/template in an Ignition 8.3 Designer to convert it to XML, then rerun the scanner."
Coffee_Blending,windows/Popups/BRA_VFD_Faceplate,Coffee_Blending\com.inductiveautomation.vision\windows\Popups\BRA_VFD_Faceplate\data.bin,17980,Untracked Vision Binary,"Open/modify/save this Vision window/template in an Ignition 8.3 Designer to convert it to XML, then rerun the scanner."
Coffee_Blending,windows/Popups/BRA_VFD_FwdRev_Faceplate,Coffee_Blending\com.inductiveautomation.vision\windows\Popups\BRA_VFD_FwdRev_Faceplate\data.bin,15678,Untracked Vision Binary,"Open/modify/save this Vision window/template in an Ignition 8.3 Designer to convert it to XML, then rerun the scanner."
Coffee_Blending,windows/Popups/P_Motor_Faceplate_v1,Coffee_Blending\com.inductiveautomation.vision\windows\Popups\P_Motor_Faceplate_v1\window.bin,6782,Untracked Vision Binary,"Open/modify/save this Vision window/template in an Ignition 8.3 Designer to convert it to XML, then rerun the scanner."
Coffee_Blending,windows/Popups/P_VSD_Faceplate_v1,Coffee_Blending\com.inductiveautomation.vision\windows\Popups\P_VSD_Faceplate_v1\window.bin,8221,Untracked Vision Binary,"Open/modify/save this Vision window/template in an Ignition 8.3 Designer to convert it to XML, then rerun the scanner."
Coffee_Blending,windows/Popups/Phase_Basic_Faceplate_v2,Coffee_Blending\com.inductiveautomation.vision\windows\Popups\Phase_Basic_Faceplate_v2\window.bin,11939,Untracked Vision Binary,"Open/modify/save this Vision window/template in an Ignition 8.3 Designer to convert it to XML, then rerun the scanner."
Coffee_Blending,windows/Popups/Phase_Messages_v1,Coffee_Blending\com.inductiveautomation.vision\windows\Popups\Phase_Messages_v1\window.bin,4803,Untracked Vision Binary,"Open/modify/save this Vision window/template in an Ignition 8.3 Designer to convert it to XML, then rerun the scanner."
Coffee_Blending,windows/Popups/Phase_Parameters_Custom_v1,Coffee_Blending\com.inductiveautomation.vision\windows\Popups\Phase_Parameters_Custom_v1\window.bin,7304,Untracked Vision Binary,"Open/modify/save this Vision window/template in an Ignition 8.3 Designer to convert it to XML, then rerun the scanner."
Coffee_Blending,windows/Popups/Trending/Analog_Trending,Coffee_Blending\com.inductiveautomation.vision\windows\Popups\Trending\Analog_Trending\window.bin,6360,Untracked Vision Binary,"Open/modify/save this Vision window/template in an Ignition 8.3 Designer to convert it to XML, then rerun the scanner."
Coffee_Blending,windows/Popups/Trending/BRA_Discrete,Coffee_Blending\com.inductiveautomation.vision\windows\Popups\Trending\BRA_Discrete\data.bin,20926,Untracked Vision Binary,"Open/modify/save this Vision window/template in an Ignition 8.3 Designer to convert it to XML, then rerun the scanner."
Coffee_Blending,windows/Popups/Trending/Discrete_Trending,Coffee_Blending\com.inductiveautomation.vision\windows\Popups\Trending\Discrete_Trending\window.bin,6350,Untracked Vision Binary,"Open/modify/save this Vision window/template in an Ignition 8.3 Designer to convert it to XML, then rerun the scanner."
Coffee_PROD_Backup_TS,templates/Alarm Count Label,Coffee_PROD_Backup_TS\com.inductiveautomation.vision\templates\Alarm Count Label\data.bin,4617,Untracked Vision Binary,"Open/modify/save this Vision window/template in an Ignition 8.3 Designer to convert it to XML, then rerun the scanner."
Coffee_PROD_Backup_TS,templates/APS Devices/Instruments/Conductivity,Coffee_PROD_Backup_TS\com.inductiveautomation.vision\templates\APS Devices\Instruments\Conductivity\data.bin,3603,Untracked Vision Binary,"Open/modify/save this Vision window/template in an Ignition 8.3 Designer to convert it to XML, then rerun the scanner."
Coffee_PROD_Backup_TS,templates/APS Devices/Instruments/DigitalIndicator,Coffee_PROD_Backup_TS\com.inductiveautomation.vision\templates\APS Devices\Instruments\DigitalIndicator\data.bin,3692,Untracked Vision Binary,"Open/modify/save this Vision window/template in an Ignition 8.3 Designer to convert it to XML, then rerun the scanner."
Coffee_PROD_Backup_TS,templates/APS Devices/Instruments/Flow,Coffee_PROD_Backup_TS\com.inductiveautomation.vision\templates\APS Devices\Instruments\Flow\template.bin,2832,Untracked Vision Binary,"Open/modify/save this Vision window/template in an Ignition 8.3 Designer to convert it to XML, then rerun the scanner."
Coffee_PROD_Backup_TS,templates/APS Devices/Instruments/Pressure,Coffee_PROD_Backup_TS\com.inductiveautomation.vision\templates\APS Devices\Instruments\Pressure\data.bin,4209,Untracked Vision Binary,"Open/modify/save this Vision window/template in an Ignition 8.3 Designer to convert it to XML, then rerun the scanner."
Coffee_PROD_Backup_TS,templates/APS Devices/Instruments/Temperature,Coffee_PROD_Backup_TS\com.inductiveautomation.vision\templates\APS Devices\Instruments\Temperature\data.bin,3497,Untracked Vision Binary,"Open/modify/save this Vision window/template in an Ignition 8.3 Designer to convert it to XML, then rerun the scanner."
Coffee_PROD_Backup_TS,templates/APS Devices/Pumps/Centrifugal,Coffee_PROD_Backup_TS\com.inductiveautomation.vision\templates\APS Devices\Pumps\Centrifugal\data.bin,9916,Untracked Vision Binary,"Open/modify/save this Vision window/template in an Ignition 8.3 Designer to convert it to XML, then rerun the scanner."
Coffee_PROD_Backup_TS,templates/APS Devices/Pumps/Diaphragm,Coffee_PROD_Backup_TS\com.inductiveautomation.vision\templates\APS Devices\Pumps\Diaphragm\data.bin,4773,Untracked Vision Binary,"Open/modify/save this Vision window/template in an Ignition 8.3 Designer to convert it to XML, then rerun the scanner."
Coffee_PROD_Backup_TS,templates/APS Devices/Pumps/Disconnect,Coffee_PROD_Backup_TS\com.inductiveautomation.vision\templates\APS Devices\Pumps\Disconnect\data.bin,4979,Untracked Vision Binary,"Open/modify/save this Vision window/template in an Ignition 8.3 Designer to convert it to XML, then rerun the scanner."
Coffee_PROD_Backup_TS,templates/APS Devices/Pumps/Motor,Coffee_PROD_Backup_TS\com.inductiveautomation.vision\templates\APS Devices\Pumps\Motor\data.bin,5727,Untracked Vision Binary,"Open/modify/save this Vision window/template in an Ignition 8.3 Designer to convert it to XML, then rerun the scanner."
Coffee_PROD_Backup_TS,templates/APS Devices/Static/BrazedPlate,Coffee_PROD_Backup_TS\com.inductiveautomation.vision\templates\APS Devices\Static\BrazedPlate\data.bin,7133,Untracked Vision Binary,"Open/modify/save this Vision window/template in an Ignition 8.3 Designer to convert it to XML, then rerun the scanner."
Coffee_PROD_Backup_TS,templates/APS Devices/Static/Coil,Coffee_PROD_Backup_TS\com.inductiveautomation.vision\templates\APS Devices\Static\Coil\data.bin,5586,Untracked Vision Binary,"Open/modify/save this Vision window/template in an Ignition 8.3 Designer to convert it to XML, then rerun the scanner."
Coffee_PROD_Backup_TS,templates/APS Devices/Static/Filter,Coffee_PROD_Backup_TS\com.inductiveautomation.vision\templates\APS Devices\Static\Filter\data.bin,3598,Untracked Vision Binary,"Open/modify/save this Vision window/template in an Ignition 8.3 Designer to convert it to XML, then rerun the scanner."
Coffee_PROD_Backup_TS,templates/APS Devices/Static/PRV,Coffee_PROD_Backup_TS\com.inductiveautomation.vision\templates\APS Devices\Static\PRV\data.bin,4659,Untracked Vision Binary,"Open/modify/save this Vision window/template in an Ignition 8.3 Designer to convert it to XML, then rerun the scanner."
Coffee_PROD_Backup_TS,templates/APS Devices/Static/SprayBall,Coffee_PROD_Backup_TS\com.inductiveautomation.vision\templates\APS Devices\Static\SprayBall\data.bin,2000,Untracked Vision Binary,"Open/modify/save this Vision window/template in an Ignition 8.3 Designer to convert it to XML, then rerun the scanner."
Coffee_PROD_Backup_TS,templates/APS Devices/Static/SWC,Coffee_PROD_Backup_TS\com.inductiveautomation.vision\templates\APS Devices\Static\SWC\data.bin,3131,Untracked Vision Binary,"Open/modify/save this Vision window/template in an Ignition 8.3 Designer to convert it to XML, then rerun the scanner."
Coffee_PROD_Backup_TS,templates/APS Devices/Valves/BallValve,Coffee_PROD_Backup_TS\com.inductiveautomation.vision\templates\APS Devices\Valves\BallValve\data.bin,7756,Untracked Vision Binary,"Open/modify/save this Vision window/template in an Ignition 8.3 Designer to convert it to XML, then rerun the scanner."
Coffee_PROD_Backup_TS,templates/APS Devices/Valves/Burkert,Coffee_PROD_Backup_TS\com.inductiveautomation.vision\templates\APS Devices\Valves\Burkert\data.bin,7059,Untracked Vision Binary,"Open/modify/save this Vision window/template in an Ignition 8.3 Designer to convert it to XML, then rerun the scanner."
Coffee_PROD_Backup_TS,templates/APS Devices/Valves/ControlValve,Coffee_PROD_Backup_TS\com.inductiveautomation.vision\templates\APS Devices\Valves\ControlValve\data.bin,10387,Untracked Vision Binary,"Open/modify/save this Vision window/template in an Ignition 8.3 Designer to convert it to XML, then rerun the scanner."
Coffee_PROD_Backup_TS,templates/APS Devices/Valves/ControlValveSanitary,Coffee_PROD_Backup_TS\com.inductiveautomation.vision\templates\APS Devices\Valves\ControlValveSanitary\data.bin,7551,Untracked Vision Binary,"Open/modify/save this Vision window/template in an Ignition 8.3 Designer to convert it to XML, then rerun the scanner."
Coffee_PROD_Backup_TS,templates/APS Devices/Valves/ControlValveSanitaryHor,Coffee_PROD_Backup_TS\com.inductiveautomation.vision\templates\APS Devices\Valves\ControlValveSanitaryHor\data.bin,7565,Untracked Vision Binary,"Open/modify/save this Vision window/template in an Ignition 8.3 Designer to convert it to XML, then rerun the scanner."
Coffee_PROD_Backup_TS,templates/APS Devices/Valves/DivertDrain,Coffee_PROD_Backup_TS\com.inductiveautomation.vision\templates\APS Devices\Valves\DivertDrain\data.bin,7924,Untracked Vision Binary,"Open/modify/save this Vision window/template in an Ignition 8.3 Designer to convert it to XML, then rerun the scanner."
Coffee_PROD_Backup_TS,templates/APS Devices/Valves/Diverter,Coffee_PROD_Backup_TS\com.inductiveautomation.vision\templates\APS Devices\Valves\Diverter\data.bin,7466,Untracked Vision Binary,"Open/modify/save this Vision window/template in an Ignition 8.3 Designer to convert it to XML, then rerun the scanner."
Coffee_PROD_Backup_TS,templates/APS Devices/Valves/Diverter Mirrored,Coffee_PROD_Backup_TS\com.inductiveautomation.vision\templates\APS Devices\Valves\Diverter Mirrored\data.bin,7469,Untracked Vision Binary,"Open/modify/save this Vision window/template in an Ignition 8.3 Designer to convert it to XML, then rerun the scanner."
Coffee_PROD_Backup_TS,templates/APS Devices/Valves/Diverter Mirrored_iLO,Coffee_PROD_Backup_TS\com.inductiveautomation.vision\templates\APS Devices\Valves\Diverter Mirrored_iLO\data.bin,7481,Untracked Vision Binary,"Open/modify/save this Vision window/template in an Ignition 8.3 Designer to convert it to XML, then rerun the scanner."
Coffee_PROD_Backup_TS,templates/APS Devices/Valves/Double,Coffee_PROD_Backup_TS\com.inductiveautomation.vision\templates\APS Devices\Valves\Double\droptarget.bin,624,Untracked Vision Binary,"Open/modify/save this Vision window/template in an Ignition 8.3 Designer to convert it to XML, then rerun the scanner."
Coffee_PROD_Backup_TS,templates/APS Devices/Valves/Double,Coffee_PROD_Backup_TS\com.inductiveautomation.vision\templates\APS Devices\Valves\Double\template.bin,6538,Untracked Vision Binary,"Open/modify/save this Vision window/template in an Ignition 8.3 Designer to convert it to XML, then rerun the scanner."
Coffee_PROD_Backup_TS,templates/APS Devices/Valves/PIDLoop,Coffee_PROD_Backup_TS\com.inductiveautomation.vision\templates\APS Devices\Valves\PIDLoop\data.bin,6018,Untracked Vision Binary,"Open/modify/save this Vision window/template in an Ignition 8.3 Designer to convert it to XML, then rerun the scanner."
Coffee_PROD_Backup_TS,templates/APS Devices/Valves/Seat,Coffee_PROD_Backup_TS\com.inductiveautomation.vision\templates\APS Devices\Valves\Seat\data.bin,4167,Untracked Vision Binary,"Open/modify/save this Vision window/template in an Ignition 8.3 Designer to convert it to XML, then rerun the scanner."
Coffee_PROD_Backup_TS,templates/APS Devices/Valves/Single,Coffee_PROD_Backup_TS\com.inductiveautomation.vision\templates\APS Devices\Valves\Single\data.bin,7037,Untracked Vision Binary,"Open/modify/save this Vision window/template in an Ignition 8.3 Designer to convert it to XML, then rerun the scanner."
Coffee_PROD_Backup_TS,templates/APS Devices/Valves/Single_90Bend,Coffee_PROD_Backup_TS\com.inductiveautomation.vision\templates\APS Devices\Valves\Single_90Bend\data.bin,7389,Untracked Vision Binary,"Open/modify/save this Vision window/template in an Ignition 8.3 Designer to convert it to XML, then rerun the scanner."
Coffee_PROD_Backup_TS,templates/APS Devices/Valves/Single_90Bend Mirrored,Coffee_PROD_Backup_TS\com.inductiveautomation.vision\templates\APS Devices\Valves\Single_90Bend Mirrored\data.bin,7304,Untracked Vision Binary,"Open/modify/save this Vision window/template in an Ignition 8.3 Designer to convert it to XML, then rerun the scanner."
Coffee_PROD_Backup_TS,templates/APS Devices/Valves/Single_iLO,Coffee_PROD_Backup_TS\com.inductiveautomation.vision\templates\APS Devices\Valves\Single_iLO\data.bin,6894,Untracked Vision Binary,"Open/modify/save this Vision window/template in an Ignition 8.3 Designer to convert it to XML, then rerun the scanner."
Coffee_PROD_Backup_TS,templates/APS Devices/Valves/Single_Original,Coffee_PROD_Backup_TS\com.inductiveautomation.vision\templates\APS Devices\Valves\Single_Original\data.bin,7402,Untracked Vision Binary,"Open/modify/save this Vision window/template in an Ignition 8.3 Designer to convert it to XML, then rerun the scanner."
Coffee_PROD_Backup_TS,templates/BRA Devices/Pumps/Centrifugal,Coffee_PROD_Backup_TS\com.inductiveautomation.vision\templates\BRA Devices\Pumps\Centrifugal\data.bin,12365,Untracked Vision Binary,"Open/modify/save this Vision window/template in an Ignition 8.3 Designer to convert it to XML, then rerun the scanner."
Coffee_PROD_Backup_TS,templates/BRA Devices/Pumps/Centrifugal_PIDE,Coffee_PROD_Backup_TS\com.inductiveautomation.vision\templates\BRA Devices\Pumps\Centrifugal_PIDE\data.bin,9927,Untracked Vision Binary,"Open/modify/save this Vision window/template in an Ignition 8.3 Designer to convert it to XML, then rerun the scanner."
Coffee_PROD_Backup_TS,templates/BRA Devices/Static/Elbow_NoAnimation,Coffee_PROD_Backup_TS\com.inductiveautomation.vision\templates\BRA Devices\Static\Elbow_NoAnimation\data.bin,2715,Untracked Vision Binary,"Open/modify/save this Vision window/template in an Ignition 8.3 Designer to convert it to XML, then rerun the scanner."
Coffee_PROD_Backup_TS,templates/BRA Devices/Static/Nav_Label,Coffee_PROD_Backup_TS\com.inductiveautomation.vision\templates\BRA Devices\Static\Nav_Label\template.bin,3293,Untracked Vision Binary,"Open/modify/save this Vision window/template in an Ignition 8.3 Designer to convert it to XML, then rerun the scanner."
Coffee_PROD_Backup_TS,templates/BRA Devices/Static/SprayBall,Coffee_PROD_Backup_TS\com.inductiveautomation.vision\templates\BRA Devices\Static\SprayBall\data.bin,2727,Untracked Vision Binary,"Open/modify/save this Vision window/template in an Ignition 8.3 Designer to convert it to XML, then rerun the scanner."
Coffee_PROD_Backup_TS,templates/BRA Devices/Static/Straight_NoAnimation,Coffee_PROD_Backup_TS\com.inductiveautomation.vision\templates\BRA Devices\Static\Straight_NoAnimation\data.bin,2368,Untracked Vision Binary,"Open/modify/save this Vision window/template in an Ignition 8.3 Designer to convert it to XML, then rerun the scanner."
Coffee_PROD_Backup_TS,templates/BRA Devices/Static/Tee_NoAnimation,Coffee_PROD_Backup_TS\com.inductiveautomation.vision\templates\BRA Devices\Static\Tee_NoAnimation\data.bin,2895,Untracked Vision Binary,"Open/modify/save this Vision window/template in an Ignition 8.3 Designer to convert it to XML, then rerun the scanner."
Coffee_PROD_Backup_TS,templates/BRA Devices/Valves/ControlValve,Coffee_PROD_Backup_TS\com.inductiveautomation.vision\templates\BRA Devices\Valves\ControlValve\data.bin,10086,Untracked Vision Binary,"Open/modify/save this Vision window/template in an Ignition 8.3 Designer to convert it to XML, then rerun the scanner."
Coffee_PROD_Backup_TS,templates/BRA Devices/Valves/MixProof Valve,Coffee_PROD_Backup_TS\com.inductiveautomation.vision\templates\BRA Devices\Valves\MixProof Valve\data.bin,7353,Untracked Vision Binary,"Open/modify/save this Vision window/template in an Ignition 8.3 Designer to convert it to XML, then rerun the scanner."
Coffee_PROD_Backup_TS,templates/Buttons/BRA_Analog_Trending,Coffee_PROD_Backup_TS\com.inductiveautomation.vision\templates\Buttons\BRA_Analog_Trending\data.bin,3763,Untracked Vision Binary,"Open/modify/save this Vision window/template in an Ignition 8.3 Designer to convert it to XML, then rerun the scanner."
Coffee_PROD_Backup_TS,templates/Buttons/BRA_Discrete_Trending,Coffee_PROD_Backup_TS\com.inductiveautomation.vision\templates\Buttons\BRA_Discrete_Trending\droptarget.bin,671,Untracked Vision Binary,"Open/modify/save this Vision window/template in an Ignition 8.3 Designer to convert it to XML, then rerun the scanner."
Coffee_PROD_Backup_TS,templates/Buttons/BRA_Discrete_Trending,Coffee_PROD_Backup_TS\com.inductiveautomation.vision\templates\Buttons\BRA_Discrete_Trending\template.bin,2108,Untracked Vision Binary,"Open/modify/save this Vision window/template in an Ignition 8.3 Designer to convert it to XML, then rerun the scanner."
Coffee_PROD_Backup_TS,templates/Buttons/BRA_PhaseButton,Coffee_PROD_Backup_TS\com.inductiveautomation.vision\templates\Buttons\BRA_PhaseButton\data.bin,5379,Untracked Vision Binary,"Open/modify/save this Vision window/template in an Ignition 8.3 Designer to convert it to XML, then rerun the scanner."
Coffee_PROD_Backup_TS,templates/Buttons/BRA_SteepTank_Control,Coffee_PROD_Backup_TS\com.inductiveautomation.vision\templates\Buttons\BRA_SteepTank_Control\data.bin,3677,Untracked Vision Binary,"Open/modify/save this Vision window/template in an Ignition 8.3 Designer to convert it to XML, then rerun the scanner."
Coffee_PROD_Backup_TS,templates/Faceplates/MPV_Faceplate_v1,Coffee_PROD_Backup_TS\com.inductiveautomation.vision\templates\Faceplates\MPV_Faceplate_v1\template.bin,5209,Untracked Vision Binary,"Open/modify/save this Vision window/template in an Ignition 8.3 Designer to convert it to XML, then rerun the scanner."
Coffee_PROD_Backup_TS,templates/Faceplates/Phase_Faceplate_v1,Coffee_PROD_Backup_TS\com.inductiveautomation.vision\templates\Faceplates\Phase_Faceplate_v1\template.bin,12225,Untracked Vision Binary,"Open/modify/save this Vision window/template in an Ignition 8.3 Designer to convert it to XML, then rerun the scanner."
Coffee_PROD_Backup_TS,templates/Faceplates/SV_Faceplate_v1,Coffee_PROD_Backup_TS\com.inductiveautomation.vision\templates\Faceplates\SV_Faceplate_v1\template.bin,4833,Untracked Vision Binary,"Open/modify/save this Vision window/template in an Ignition 8.3 Designer to convert it to XML, then rerun the scanner."
Coffee_PROD_Backup_TS,templates/Faceplates/VFD_Faceplate_v1,Coffee_PROD_Backup_TS\com.inductiveautomation.vision\templates\Faceplates\VFD_Faceplate_v1\template.bin,6943,Untracked Vision Binary,"Open/modify/save this Vision window/template in an Ignition 8.3 Designer to convert it to XML, then rerun the scanner."
Coffee_PROD_Backup_TS,templates/Labels/NavigationLabel_v1,Coffee_PROD_Backup_TS\com.inductiveautomation.vision\templates\Labels\NavigationLabel_v1\template.bin,4221,Untracked Vision Binary,"Open/modify/save this Vision window/template in an Ignition 8.3 Designer to convert it to XML, then rerun the scanner."
Coffee_PROD_Backup_TS,templates/Labels/NavigationRectangleLabel_v1,Coffee_PROD_Backup_TS\com.inductiveautomation.vision\templates\Labels\NavigationRectangleLabel_v1\template.bin,2941,Untracked Vision Binary,"Open/modify/save this Vision window/template in an Ignition 8.3 Designer to convert it to XML, then rerun the scanner."
Coffee_PROD_Backup_TS,templates/Motors/Motor,Coffee_PROD_Backup_TS\com.inductiveautomation.vision\templates\Motors\Motor\data.bin,8178,Untracked Vision Binary,"Open/modify/save this Vision window/template in an Ignition 8.3 Designer to convert it to XML, then rerun the scanner."
Coffee_PROD_Backup_TS,templates/Pumps/Centrifugal Pump,Coffee_PROD_Backup_TS\com.inductiveautomation.vision\templates\Pumps\Centrifugal Pump\droptarget.bin,624,Untracked Vision Binary,"Open/modify/save this Vision window/template in an Ignition 8.3 Designer to convert it to XML, then rerun the scanner."
Coffee_PROD_Backup_TS,templates/Pumps/Centrifugal Pump,Coffee_PROD_Backup_TS\com.inductiveautomation.vision\templates\Pumps\Centrifugal Pump\template.bin,4740,Untracked Vision Binary,"Open/modify/save this Vision window/template in an Ignition 8.3 Designer to convert it to XML, then rerun the scanner."
Coffee_PROD_Backup_TS,templates/Pumps/Centrifugal Pump_PID,Coffee_PROD_Backup_TS\com.inductiveautomation.vision\templates\Pumps\Centrifugal Pump_PID\data.bin,9303,Untracked Vision Binary,"Open/modify/save this Vision window/template in an Ignition 8.3 Designer to convert it to XML, then rerun the scanner."
Coffee_PROD_Backup_TS,templates/Symbol Icons/InterlockIndicator,Coffee_PROD_Backup_TS\com.inductiveautomation.vision\templates\Symbol Icons\InterlockIndicator\template.bin,1793,Untracked Vision Binary,"Open/modify/save this Vision window/template in an Ignition 8.3 Designer to convert it to XML, then rerun the scanner."
Coffee_PROD_Backup_TS,templates/Symbol Icons/MPVAlarm,Coffee_PROD_Backup_TS\com.inductiveautomation.vision\templates\Symbol Icons\MPVAlarm\template.bin,2481,Untracked Vision Binary,"Open/modify/save this Vision window/template in an Ignition 8.3 Designer to convert it to XML, then rerun the scanner."
Coffee_PROD_Backup_TS,templates/Symbol Icons/OperatorMode,Coffee_PROD_Backup_TS\com.inductiveautomation.vision\templates\Symbol Icons\OperatorMode\template.bin,1789,Untracked Vision Binary,"Open/modify/save this Vision window/template in an Ignition 8.3 Designer to convert it to XML, then rerun the scanner."
Coffee_PROD_Backup_TS,templates/Symbol Icons/SVAlarm,Coffee_PROD_Backup_TS\com.inductiveautomation.vision\templates\Symbol Icons\SVAlarm\template.bin,2483,Untracked Vision Binary,"Open/modify/save this Vision window/template in an Ignition 8.3 Designer to convert it to XML, then rerun the scanner."
Coffee_PROD_Backup_TS,templates/Symbol Icons/VFDAlarm,Coffee_PROD_Backup_TS\com.inductiveautomation.vision\templates\Symbol Icons\VFDAlarm\template.bin,2484,Untracked Vision Binary,"Open/modify/save this Vision window/template in an Ignition 8.3 Designer to convert it to XML, then rerun the scanner."
Coffee_PROD_Backup_TS,templates/Symbols/Analog Inputs/LevelTransmitter_v1,Coffee_PROD_Backup_TS\com.inductiveautomation.vision\templates\Symbols\Analog Inputs\LevelTransmitter_v1\template.bin,2195,Untracked Vision Binary,"Open/modify/save this Vision window/template in an Ignition 8.3 Designer to convert it to XML, then rerun the scanner."
Coffee_PROD_Backup_TS,templates/Symbols/Analog Inputs/PressureTransmitter_v1,Coffee_PROD_Backup_TS\com.inductiveautomation.vision\templates\Symbols\Analog Inputs\PressureTransmitter_v1\template.bin,2184,Untracked Vision Binary,"Open/modify/save this Vision window/template in an Ignition 8.3 Designer to convert it to XML, then rerun the scanner."
Coffee_PROD_Backup_TS,templates/Symbols/Analog Inputs/TempTransmitter_v1,Coffee_PROD_Backup_TS\com.inductiveautomation.vision\templates\Symbols\Analog Inputs\TempTransmitter_v1\template.bin,2222,Untracked Vision Binary,"Open/modify/save this Vision window/template in an Ignition 8.3 Designer to convert it to XML, then rerun the scanner."
Coffee_PROD_Backup_TS,templates/Symbols/Analog Inputs/WeightTransmitter_v1,Coffee_PROD_Backup_TS\com.inductiveautomation.vision\templates\Symbols\Analog Inputs\WeightTransmitter_v1\template.bin,2198,Untracked Vision Binary,"Open/modify/save this Vision window/template in an Ignition 8.3 Designer to convert it to XML, then rerun the scanner."
Coffee_PROD_Backup_TS,templates/Symbols/CheckValve_v1,Coffee_PROD_Backup_TS\com.inductiveautomation.vision\templates\Symbols\CheckValve_v1\template.bin,1071,Untracked Vision Binary,"Open/modify/save this Vision window/template in an Ignition 8.3 Designer to convert it to XML, then rerun the scanner."
Coffee_PROD_Backup_TS,templates/Symbols/Digital Inputs/DigitalLabel_v1,Coffee_PROD_Backup_TS\com.inductiveautomation.vision\templates\Symbols\Digital Inputs\DigitalLabel_v1\template.bin,1819,Untracked Vision Binary,"Open/modify/save this Vision window/template in an Ignition 8.3 Designer to convert it to XML, then rerun the scanner."
Coffee_PROD_Backup_TS,templates/Symbols/DiverterValve_v1,Coffee_PROD_Backup_TS\com.inductiveautomation.vision\templates\Symbols\DiverterValve_v1\template.bin,7678,Untracked Vision Binary,"Open/modify/save this Vision window/template in an Ignition 8.3 Designer to convert it to XML, then rerun the scanner."
Coffee_PROD_Backup_TS,templates/Symbols/FlowPlate_v1,Coffee_PROD_Backup_TS\com.inductiveautomation.vision\templates\Symbols\FlowPlate_v1\template.bin,4398,Untracked Vision Binary,"Open/modify/save this Vision window/template in an Ignition 8.3 Designer to convert it to XML, then rerun the scanner."
Coffee_PROD_Backup_TS,templates/Symbols/ManualValve_v1,Coffee_PROD_Backup_TS\com.inductiveautomation.vision\templates\Symbols\ManualValve_v1\template.bin,3564,Untracked Vision Binary,"Open/modify/save this Vision window/template in an Ignition 8.3 Designer to convert it to XML, then rerun the scanner."
Coffee_PROD_Backup_TS,templates/Symbols/MixedProofValve_v1,Coffee_PROD_Backup_TS\com.inductiveautomation.vision\templates\Symbols\MixedProofValve_v1\template.bin,8124,Untracked Vision Binary,"Open/modify/save this Vision window/template in an Ignition 8.3 Designer to convert it to XML, then rerun the scanner."
Coffee_PROD_Backup_TS,templates/Symbols/Motor_v1,Coffee_PROD_Backup_TS\com.inductiveautomation.vision\templates\Symbols\Motor_v1\template.bin,7078,Untracked Vision Binary,"Open/modify/save this Vision window/template in an Ignition 8.3 Designer to convert it to XML, then rerun the scanner."
Coffee_PROD_Backup_TS,templates/Symbols/Pipes/HorizontalPipe,Coffee_PROD_Backup_TS\com.inductiveautomation.vision\templates\Symbols\Pipes\HorizontalPipe\template.bin,2260,Untracked Vision Binary,"Open/modify/save this Vision window/template in an Ignition 8.3 Designer to convert it to XML, then rerun the scanner."
Coffee_PROD_Backup_TS,templates/Symbols/Pipes/VerticalPipe,Coffee_PROD_Backup_TS\com.inductiveautomation.vision\templates\Symbols\Pipes\VerticalPipe\template.bin,2267,Untracked Vision Binary,"Open/modify/save this Vision window/template in an Ignition 8.3 Designer to convert it to XML, then rerun the scanner."
Coffee_PROD_Backup_TS,templates/Symbols/Valve_v1,Coffee_PROD_Backup_TS\com.inductiveautomation.vision\templates\Symbols\Valve_v1\template.bin,6301,Untracked Vision Binary,"Open/modify/save this Vision window/template in an Ignition 8.3 Designer to convert it to XML, then rerun the scanner."
Coffee_PROD_Backup_TS,windows/Alarms/Alarm Status,Coffee_PROD_Backup_TS\com.inductiveautomation.vision\windows\Alarms\Alarm Status\data.bin,4149,Untracked Vision Binary,"Open/modify/save this Vision window/template in an Ignition 8.3 Designer to convert it to XML, then rerun the scanner."
Coffee_PROD_Backup_TS,windows/Main Windows/Alarm Status,Coffee_PROD_Backup_TS\com.inductiveautomation.vision\windows\Main Windows\Alarm Status\data.bin,7177,Untracked Vision Binary,"Open/modify/save this Vision window/template in an Ignition 8.3 Designer to convert it to XML, then rerun the scanner."
Coffee_PROD_Backup_TS,windows/Main Windows/CIP3,Coffee_PROD_Backup_TS\com.inductiveautomation.vision\windows\Main Windows\CIP3\window.bin,23299,Untracked Vision Binary,"Open/modify/save this Vision window/template in an Ignition 8.3 Designer to convert it to XML, then rerun the scanner."
Coffee_PROD_Backup_TS,windows/Main Windows/Coffee Holding Tank 13,Coffee_PROD_Backup_TS\com.inductiveautomation.vision\windows\Main Windows\Coffee Holding Tank 13\window.bin,15879,Untracked Vision Binary,"Open/modify/save this Vision window/template in an Ignition 8.3 Designer to convert it to XML, then rerun the scanner."
Coffee_PROD_Backup_TS,windows/Main Windows/Coffee ICONS,Coffee_PROD_Backup_TS\com.inductiveautomation.vision\windows\Main Windows\Coffee ICONS\window.bin,13317,Untracked Vision Binary,"Open/modify/save this Vision window/template in an Ignition 8.3 Designer to convert it to XML, then rerun the scanner."
Coffee_PROD_Backup_TS,windows/Main Windows/Coffee2.0,Coffee_PROD_Backup_TS\com.inductiveautomation.vision\windows\Main Windows\Coffee2.0\window.bin,88308,Untracked Vision Binary,"Open/modify/save this Vision window/template in an Ignition 8.3 Designer to convert it to XML, then rerun the scanner."
Coffee_PROD_Backup_TS,windows/Main Windows/Line1,Coffee_PROD_Backup_TS\com.inductiveautomation.vision\windows\Main Windows\Line1\window.bin,43187,Untracked Vision Binary,"Open/modify/save this Vision window/template in an Ignition 8.3 Designer to convert it to XML, then rerun the scanner."
Coffee_PROD_Backup_TS,windows/Main Windows/Line2,Coffee_PROD_Backup_TS\com.inductiveautomation.vision\windows\Main Windows\Line2\window.bin,46803,Untracked Vision Binary,"Open/modify/save this Vision window/template in an Ignition 8.3 Designer to convert it to XML, then rerun the scanner."
Coffee_PROD_Backup_TS,windows/Main Windows/Line3,Coffee_PROD_Backup_TS\com.inductiveautomation.vision\windows\Main Windows\Line3\window.bin,45515,Untracked Vision Binary,"Open/modify/save this Vision window/template in an Ignition 8.3 Designer to convert it to XML, then rerun the scanner."
Coffee_PROD_Backup_TS,windows/Main Windows/Line4,Coffee_PROD_Backup_TS\com.inductiveautomation.vision\windows\Main Windows\Line4\window.bin,45348,Untracked Vision Binary,"Open/modify/save this Vision window/template in an Ignition 8.3 Designer to convert it to XML, then rerun the scanner."
Coffee_PROD_Backup_TS,windows/Main Windows/Main Window,Coffee_PROD_Backup_TS\com.inductiveautomation.vision\windows\Main Windows\Main Window\window.bin,781,Untracked Vision Binary,"Open/modify/save this Vision window/template in an Ignition 8.3 Designer to convert it to XML, then rerun the scanner."
Coffee_PROD_Backup_TS,windows/Main Windows/Plant CIP Circuit Statuses,Coffee_PROD_Backup_TS\com.inductiveautomation.vision\windows\Main Windows\Plant CIP Circuit Statuses\window.bin,32389,Untracked Vision Binary,"Open/modify/save this Vision window/template in an Ignition 8.3 Designer to convert it to XML, then rerun the scanner."
Coffee_PROD_Backup_TS,windows/Main Windows/Roster Management,Coffee_PROD_Backup_TS\com.inductiveautomation.vision\windows\Main Windows\Roster Management\data.bin,5862,Untracked Vision Binary,"Open/modify/save this Vision window/template in an Ignition 8.3 Designer to convert it to XML, then rerun the scanner."
Coffee_PROD_Backup_TS,windows/Main Windows/Schedule Management,Coffee_PROD_Backup_TS\com.inductiveautomation.vision\windows\Main Windows\Schedule Management\data.bin,8929,Untracked Vision Binary,"Open/modify/save this Vision window/template in an Ignition 8.3 Designer to convert it to XML, then rerun the scanner."
Coffee_PROD_Backup_TS,windows/Main Windows/User Management,Coffee_PROD_Backup_TS\com.inductiveautomation.vision\windows\Main Windows\User Management\data.bin,14686,Untracked Vision Binary,"Open/modify/save this Vision window/template in an Ignition 8.3 Designer to convert it to XML, then rerun the scanner."
Coffee_PROD_Backup_TS,windows/Navigation,Coffee_PROD_Backup_TS\com.inductiveautomation.vision\windows\Navigation\window.bin,170459,Untracked Vision Binary,"Open/modify/save this Vision window/template in an Ignition 8.3 Designer to convert it to XML, then rerun the scanner."
Coffee_PROD_Backup_TS,windows/Popups/BRA_Alarms,Coffee_PROD_Backup_TS\com.inductiveautomation.vision\windows\Popups\BRA_Alarms\window.bin,4293,Untracked Vision Binary,"Open/modify/save this Vision window/template in an Ignition 8.3 Designer to convert it to XML, then rerun the scanner."
Coffee_PROD_Backup_TS,windows/Popups/BRA_AlarmStatus_COF,Coffee_PROD_Backup_TS\com.inductiveautomation.vision\windows\Popups\BRA_AlarmStatus_COF\data.bin,3901,Untracked Vision Binary,"Open/modify/save this Vision window/template in an Ignition 8.3 Designer to convert it to XML, then rerun the scanner."
Coffee_PROD_Backup_TS,windows/Popups/BRA_AlarmStatus_COF1,Coffee_PROD_Backup_TS\com.inductiveautomation.vision\windows\Popups\BRA_AlarmStatus_COF1\data.bin,3879,Untracked Vision Binary,"Open/modify/save this Vision window/template in an Ignition 8.3 Designer to convert it to XML, then rerun the scanner."
Coffee_PROD_Backup_TS,windows/Popups/BRA_Analog_Trending,Coffee_PROD_Backup_TS\com.inductiveautomation.vision\windows\Popups\BRA_Analog_Trending\window.bin,6303,Untracked Vision Binary,"Open/modify/save this Vision window/template in an Ignition 8.3 Designer to convert it to XML, then rerun the scanner."
Coffee_PROD_Backup_TS,windows/Popups/BRA_CIP1_L1_Passivation,Coffee_PROD_Backup_TS\com.inductiveautomation.vision\windows\Popups\BRA_CIP1_L1_Passivation\window.bin,3812,Untracked Vision Binary,"Open/modify/save this Vision window/template in an Ignition 8.3 Designer to convert it to XML, then rerun the scanner."
Coffee_PROD_Backup_TS,windows/Popups/BRA_CIP_SequenceViewer,Coffee_PROD_Backup_TS\com.inductiveautomation.vision\windows\Popups\BRA_CIP_SequenceViewer\data.bin,24126,Untracked Vision Binary,"Open/modify/save this Vision window/template in an Ignition 8.3 Designer to convert it to XML, then rerun the scanner."
Coffee_PROD_Backup_TS,windows/Popups/BRA_Configuration_CIPRecipe,Coffee_PROD_Backup_TS\com.inductiveautomation.vision\windows\Popups\BRA_Configuration_CIPRecipe\data.bin,23981,Untracked Vision Binary,"Open/modify/save this Vision window/template in an Ignition 8.3 Designer to convert it to XML, then rerun the scanner."
Coffee_PROD_Backup_TS,windows/Popups/BRA_Configuration_CIPSequence,Coffee_PROD_Backup_TS\com.inductiveautomation.vision\windows\Popups\BRA_Configuration_CIPSequence\window.bin,8513,Untracked Vision Binary,"Open/modify/save this Vision window/template in an Ignition 8.3 Designer to convert it to XML, then rerun the scanner."
Coffee_PROD_Backup_TS,windows/Popups/BRA_DosingPump_Faceplate,Coffee_PROD_Backup_TS\com.inductiveautomation.vision\windows\Popups\BRA_DosingPump_Faceplate\data.bin,13931,Untracked Vision Binary,"Open/modify/save this Vision window/template in an Ignition 8.3 Designer to convert it to XML, then rerun the scanner."
Coffee_PROD_Backup_TS,windows/Popups/BRA_DValve_Faceplate_iLO,Coffee_PROD_Backup_TS\com.inductiveautomation.vision\windows\Popups\BRA_DValve_Faceplate_iLO\window.bin,5862,Untracked Vision Binary,"Open/modify/save this Vision window/template in an Ignition 8.3 Designer to convert it to XML, then rerun the scanner."
Coffee_PROD_Backup_TS,windows/Popups/BRA_DValve_Maint_iLO,Coffee_PROD_Backup_TS\com.inductiveautomation.vision\windows\Popups\BRA_DValve_Maint_iLO\data.bin,15973,Untracked Vision Binary,"Open/modify/save this Vision window/template in an Ignition 8.3 Designer to convert it to XML, then rerun the scanner."
Coffee_PROD_Backup_TS,windows/Popups/BRA_MixProofSeats,Coffee_PROD_Backup_TS\com.inductiveautomation.vision\windows\Popups\BRA_MixProofSeats\data.bin,14849,Untracked Vision Binary,"Open/modify/save this Vision window/template in an Ignition 8.3 Designer to convert it to XML, then rerun the scanner."
Coffee_PROD_Backup_TS,windows/Popups/BRA_MixProofSeats_Coffee13,Coffee_PROD_Backup_TS\com.inductiveautomation.vision\windows\Popups\BRA_MixProofSeats_Coffee13\window.bin,5654,Untracked Vision Binary,"Open/modify/save this Vision window/template in an Ignition 8.3 Designer to convert it to XML, then rerun the scanner."
Coffee_PROD_Backup_TS,windows/Popups/BRA_MixProofValve_Faceplate,Coffee_PROD_Backup_TS\com.inductiveautomation.vision\windows\Popups\BRA_MixProofValve_Faceplate\window.bin,6205,Untracked Vision Binary,"Open/modify/save this Vision window/template in an Ignition 8.3 Designer to convert it to XML, then rerun the scanner."
Coffee_PROD_Backup_TS,windows/Popups/BRA_MixProofValve_Faceplate_Coffee13,Coffee_PROD_Backup_TS\com.inductiveautomation.vision\windows\Popups\BRA_MixProofValve_Faceplate_Coffee13\window.bin,5996,Untracked Vision Binary,"Open/modify/save this Vision window/template in an Ignition 8.3 Designer to convert it to XML, then rerun the scanner."
Coffee_PROD_Backup_TS,windows/Popups/BRA_OpAlarms,Coffee_PROD_Backup_TS\com.inductiveautomation.vision\windows\Popups\BRA_OpAlarms\data.bin,8201,Untracked Vision Binary,"Open/modify/save this Vision window/template in an Ignition 8.3 Designer to convert it to XML, then rerun the scanner."
Coffee_PROD_Backup_TS,windows/Popups/BRA_Operation,Coffee_PROD_Backup_TS\com.inductiveautomation.vision\windows\Popups\BRA_Operation\window.bin,3419,Untracked Vision Binary,"Open/modify/save this Vision window/template in an Ignition 8.3 Designer to convert it to XML, then rerun the scanner."
Coffee_PROD_Backup_TS,windows/Popups/BRA_Operation_Alarms_Custom,Coffee_PROD_Backup_TS\com.inductiveautomation.vision\windows\Popups\BRA_Operation_Alarms_Custom\window.bin,4844,Untracked Vision Binary,"Open/modify/save this Vision window/template in an Ignition 8.3 Designer to convert it to XML, then rerun the scanner."
Coffee_PROD_Backup_TS,windows/Popups/BRA_Operation_Custom,Coffee_PROD_Backup_TS\com.inductiveautomation.vision\windows\Popups\BRA_Operation_Custom\data.bin,25756,Untracked Vision Binary,"Open/modify/save this Vision window/template in an Ignition 8.3 Designer to convert it to XML, then rerun the scanner."
Coffee_PROD_Backup_TS,windows/Popups/BRA_Operation_Custom_COF_CIP,Coffee_PROD_Backup_TS\com.inductiveautomation.vision\windows\Popups\BRA_Operation_Custom_COF_CIP\window.bin,11955,Untracked Vision Binary,"Open/modify/save this Vision window/template in an Ignition 8.3 Designer to convert it to XML, then rerun the scanner."
Coffee_PROD_Backup_TS,windows/Popups/BRA_Operation_Interlocks,Coffee_PROD_Backup_TS\com.inductiveautomation.vision\windows\Popups\BRA_Operation_Interlocks\data.bin,10972,Untracked Vision Binary,"Open/modify/save this Vision window/template in an Ignition 8.3 Designer to convert it to XML, then rerun the scanner."
Coffee_PROD_Backup_TS,windows/Popups/BRA_Operation_Interlocks_Custom,Coffee_PROD_Backup_TS\com.inductiveautomation.vision\windows\Popups\BRA_Operation_Interlocks_Custom\data.bin,10617,Untracked Vision Binary,"Open/modify/save this Vision window/template in an Ignition 8.3 Designer to convert it to XML, then rerun the scanner."
Coffee_PROD_Backup_TS,windows/Popups/BRA_Operation_Parameters,Coffee_PROD_Backup_TS\com.inductiveautomation.vision\windows\Popups\BRA_Operation_Parameters\window.bin,8552,Untracked Vision Binary,"Open/modify/save this Vision window/template in an Ignition 8.3 Designer to convert it to XML, then rerun the scanner."
Coffee_PROD_Backup_TS,windows/Popups/BRA_Operation_Parameters_Custom,Coffee_PROD_Backup_TS\com.inductiveautomation.vision\windows\Popups\BRA_Operation_Parameters_Custom\data.bin,14603,Untracked Vision Binary,"Open/modify/save this Vision window/template in an Ignition 8.3 Designer to convert it to XML, then rerun the scanner."
Coffee_PROD_Backup_TS,windows/Popups/BRA_Phase,Coffee_PROD_Backup_TS\com.inductiveautomation.vision\windows\Popups\BRA_Phase\window.bin,2459,Untracked Vision Binary,"Open/modify/save this Vision window/template in an Ignition 8.3 Designer to convert it to XML, then rerun the scanner."
Coffee_PROD_Backup_TS,windows/Popups/BRA_Phase_Alarms_Custom,Coffee_PROD_Backup_TS\com.inductiveautomation.vision\windows\Popups\BRA_Phase_Alarms_Custom\window.bin,4798,Untracked Vision Binary,"Open/modify/save this Vision window/template in an Ignition 8.3 Designer to convert it to XML, then rerun the scanner."
Coffee_PROD_Backup_TS,windows/Popups/BRA_Phase_CIP13,Coffee_PROD_Backup_TS\com.inductiveautomation.vision\windows\Popups\BRA_Phase_CIP13\window.bin,8725,Untracked Vision Binary,"Open/modify/save this Vision window/template in an Ignition 8.3 Designer to convert it to XML, then rerun the scanner."
Coffee_PROD_Backup_TS,windows/Popups/BRA_Phase_Coffee,Coffee_PROD_Backup_TS\com.inductiveautomation.vision\windows\Popups\BRA_Phase_Coffee\data.bin,17470,Untracked Vision Binary,"Open/modify/save this Vision window/template in an Ignition 8.3 Designer to convert it to XML, then rerun the scanner."
Coffee_PROD_Backup_TS,windows/Popups/BRA_Phase_Custom,Coffee_PROD_Backup_TS\com.inductiveautomation.vision\windows\Popups\BRA_Phase_Custom\data.bin,17495,Untracked Vision Binary,"Open/modify/save this Vision window/template in an Ignition 8.3 Designer to convert it to XML, then rerun the scanner."
Coffee_PROD_Backup_TS,windows/Popups/BRA_Phase_Interlocks,Coffee_PROD_Backup_TS\com.inductiveautomation.vision\windows\Popups\BRA_Phase_Interlocks\window.bin,5809,Untracked Vision Binary,"Open/modify/save this Vision window/template in an Ignition 8.3 Designer to convert it to XML, then rerun the scanner."
Coffee_PROD_Backup_TS,windows/Popups/BRA_Phase_Interlocks_Custom,Coffee_PROD_Backup_TS\com.inductiveautomation.vision\windows\Popups\BRA_Phase_Interlocks_Custom\data.bin,9995,Untracked Vision Binary,"Open/modify/save this Vision window/template in an Ignition 8.3 Designer to convert it to XML, then rerun the scanner."
Coffee_PROD_Backup_TS,windows/Popups/BRA_Phase_Parameters,Coffee_PROD_Backup_TS\com.inductiveautomation.vision\windows\Popups\BRA_Phase_Parameters\data.bin,10923,Untracked Vision Binary,"Open/modify/save this Vision window/template in an Ignition 8.3 Designer to convert it to XML, then rerun the scanner."
Coffee_PROD_Backup_TS,windows/Popups/BRA_Phase_Parameters_Custom,Coffee_PROD_Backup_TS\com.inductiveautomation.vision\windows\Popups\BRA_Phase_Parameters_Custom\data.bin,14343,Untracked Vision Binary,"Open/modify/save this Vision window/template in an Ignition 8.3 Designer to convert it to XML, then rerun the scanner."
Coffee_PROD_Backup_TS,windows/Popups/BRA_Phase_PkgCIP,Coffee_PROD_Backup_TS\com.inductiveautomation.vision\windows\Popups\BRA_Phase_PkgCIP\data.bin,19765,Untracked Vision Binary,"Open/modify/save this Vision window/template in an Ignition 8.3 Designer to convert it to XML, then rerun the scanner."
Coffee_PROD_Backup_TS,windows/Popups/BRA_Phase_RO,Coffee_PROD_Backup_TS\com.inductiveautomation.vision\windows\Popups\BRA_Phase_RO\window.bin,9411,Untracked Vision Binary,"Open/modify/save this Vision window/template in an Ignition 8.3 Designer to convert it to XML, then rerun the scanner."
Coffee_PROD_Backup_TS,windows/Popups/BRA_Phase_Tk12Transfer,Coffee_PROD_Backup_TS\com.inductiveautomation.vision\windows\Popups\BRA_Phase_Tk12Transfer\data.bin,19819,Untracked Vision Binary,"Open/modify/save this Vision window/template in an Ignition 8.3 Designer to convert it to XML, then rerun the scanner."
Coffee_PROD_Backup_TS,windows/Popups/BRA_Phase_Tk13Transfer,Coffee_PROD_Backup_TS\com.inductiveautomation.vision\windows\Popups\BRA_Phase_Tk13Transfer\data.bin,19260,Untracked Vision Binary,"Open/modify/save this Vision window/template in an Ignition 8.3 Designer to convert it to XML, then rerun the scanner."
Coffee_PROD_Backup_TS,windows/Popups/BRA_Phase_TransferLineCIP,Coffee_PROD_Backup_TS\com.inductiveautomation.vision\windows\Popups\BRA_Phase_TransferLineCIP\window.bin,8735,Untracked Vision Binary,"Open/modify/save this Vision window/template in an Ignition 8.3 Designer to convert it to XML, then rerun the scanner."
Coffee_PROD_Backup_TS,windows/Popups/BRA_PhaseSelection,Coffee_PROD_Backup_TS\com.inductiveautomation.vision\windows\Popups\BRA_PhaseSelection\data.bin,15076,Untracked Vision Binary,"Open/modify/save this Vision window/template in an Ignition 8.3 Designer to convert it to XML, then rerun the scanner."
Coffee_PROD_Backup_TS,windows/Popups/BRA_PhaseSelectionA_CONC,Coffee_PROD_Backup_TS\com.inductiveautomation.vision\windows\Popups\BRA_PhaseSelectionA_CONC\data.bin,9605,Untracked Vision Binary,"Open/modify/save this Vision window/template in an Ignition 8.3 Designer to convert it to XML, then rerun the scanner."
Coffee_PROD_Backup_TS,windows/Popups/BRA_PhaseSelectionA_TRANSFER,Coffee_PROD_Backup_TS\com.inductiveautomation.vision\windows\Popups\BRA_PhaseSelectionA_TRANSFER\window.bin,5194,Untracked Vision Binary,"Open/modify/save this Vision window/template in an Ignition 8.3 Designer to convert it to XML, then rerun the scanner."
Coffee_PROD_Backup_TS,windows/Popups/BRA_PhaseSelectionB_CONC,Coffee_PROD_Backup_TS\com.inductiveautomation.vision\windows\Popups\BRA_PhaseSelectionB_CONC\data.bin,9683,Untracked Vision Binary,"Open/modify/save this Vision window/template in an Ignition 8.3 Designer to convert it to XML, then rerun the scanner."
Coffee_PROD_Backup_TS,windows/Popups/BRA_PhaseSelectionB_TRANSFER,Coffee_PROD_Backup_TS\com.inductiveautomation.vision\windows\Popups\BRA_PhaseSelectionB_TRANSFER\data.bin,17308,Untracked Vision Binary,"Open/modify/save this Vision window/template in an Ignition 8.3 Designer to convert it to XML, then rerun the scanner."
Coffee_PROD_Backup_TS,windows/Popups/BRA_PhaseSelectionC_CONC,Coffee_PROD_Backup_TS\com.inductiveautomation.vision\windows\Popups\BRA_PhaseSelectionC_CONC\data.bin,9719,Untracked Vision Binary,"Open/modify/save this Vision window/template in an Ignition 8.3 Designer to convert it to XML, then rerun the scanner."
Coffee_PROD_Backup_TS,windows/Popups/BRA_PhaseSelectionC_TRANSFER,Coffee_PROD_Backup_TS\com.inductiveautomation.vision\windows\Popups\BRA_PhaseSelectionC_TRANSFER\data.bin,16690,Untracked Vision Binary,"Open/modify/save this Vision window/template in an Ignition 8.3 Designer to convert it to XML, then rerun the scanner."
Coffee_PROD_Backup_TS,windows/Popups/BRA_PhaseSelectionD_CONC,Coffee_PROD_Backup_TS\com.inductiveautomation.vision\windows\Popups\BRA_PhaseSelectionD_CONC\data.bin,9759,Untracked Vision Binary,"Open/modify/save this Vision window/template in an Ignition 8.3 Designer to convert it to XML, then rerun the scanner."
Coffee_PROD_Backup_TS,windows/Popups/BRA_PhaseSelectionD_TRANSFER,Coffee_PROD_Backup_TS\com.inductiveautomation.vision\windows\Popups\BRA_PhaseSelectionD_TRANSFER\data.bin,17229,Untracked Vision Binary,"Open/modify/save this Vision window/template in an Ignition 8.3 Designer to convert it to XML, then rerun the scanner."
Coffee_PROD_Backup_TS,windows/Popups/BRA_PIDE,Coffee_PROD_Backup_TS\com.inductiveautomation.vision\windows\Popups\BRA_PIDE\data.bin,18467,Untracked Vision Binary,"Open/modify/save this Vision window/template in an Ignition 8.3 Designer to convert it to XML, then rerun the scanner."
Coffee_PROD_Backup_TS,windows/Popups/BRA_PIDE_Pump_Faceplate,Coffee_PROD_Backup_TS\com.inductiveautomation.vision\windows\Popups\BRA_PIDE_Pump_Faceplate\window.bin,8823,Untracked Vision Binary,"Open/modify/save this Vision window/template in an Ignition 8.3 Designer to convert it to XML, then rerun the scanner."
Coffee_PROD_Backup_TS,windows/Popups/BRA_PIDE_Trending,Coffee_PROD_Backup_TS\com.inductiveautomation.vision\windows\Popups\BRA_PIDE_Trending\window.bin,7770,Untracked Vision Binary,"Open/modify/save this Vision window/template in an Ignition 8.3 Designer to convert it to XML, then rerun the scanner."
Coffee_PROD_Backup_TS,windows/Popups/BRA_PIDE_TrendingOLD,Coffee_PROD_Backup_TS\com.inductiveautomation.vision\windows\Popups\BRA_PIDE_TrendingOLD\data.bin,22109,Untracked Vision Binary,"Open/modify/save this Vision window/template in an Ignition 8.3 Designer to convert it to XML, then rerun the scanner."
Coffee_PROD_Backup_TS,windows/Popups/BRA_PIDE_Valve_Faceplate,Coffee_PROD_Backup_TS\com.inductiveautomation.vision\windows\Popups\BRA_PIDE_Valve_Faceplate\window.bin,7779,Untracked Vision Binary,"Open/modify/save this Vision window/template in an Ignition 8.3 Designer to convert it to XML, then rerun the scanner."
Coffee_PROD_Backup_TS,windows/Popups/BRA_Totalizer_Faceplate,Coffee_PROD_Backup_TS\com.inductiveautomation.vision\windows\Popups\BRA_Totalizer_Faceplate\data.bin,10763,Untracked Vision Binary,"Open/modify/save this Vision window/template in an Ignition 8.3 Designer to convert it to XML, then rerun the scanner."
Coffee_PROD_Backup_TS,windows/Popups/BRA_Valve_AutoManual_OpenClose_Trending,Coffee_PROD_Backup_TS\com.inductiveautomation.vision\windows\Popups\BRA_Valve_AutoManual_OpenClose_Trending\window.bin,5817,Untracked Vision Binary,"Open/modify/save this Vision window/template in an Ignition 8.3 Designer to convert it to XML, then rerun the scanner."
Coffee_PROD_Backup_TS,windows/Popups/BRA_Valve_AutoManual_OpenClose_TrendingMP,Coffee_PROD_Backup_TS\com.inductiveautomation.vision\windows\Popups\BRA_Valve_AutoManual_OpenClose_TrendingMP\data.bin,18984,Untracked Vision Binary,"Open/modify/save this Vision window/template in an Ignition 8.3 Designer to convert it to XML, then rerun the scanner."
Coffee_PROD_Backup_TS,windows/Popups/BRA_Valve_Faceplate,Coffee_PROD_Backup_TS\com.inductiveautomation.vision\windows\Popups\BRA_Valve_Faceplate\window.bin,5705,Untracked Vision Binary,"Open/modify/save this Vision window/template in an Ignition 8.3 Designer to convert it to XML, then rerun the scanner."
Coffee_PROD_Backup_TS,windows/Popups/BRA_Valve_Trending,Coffee_PROD_Backup_TS\com.inductiveautomation.vision\windows\Popups\BRA_Valve_Trending\window.bin,5879,Untracked Vision Binary,"Open/modify/save this Vision window/template in an Ignition 8.3 Designer to convert it to XML, then rerun the scanner."
Coffee_PROD_Backup_TS,windows/Popups/BRA_VFD_Faceplate,Coffee_PROD_Backup_TS\com.inductiveautomation.vision\windows\Popups\BRA_VFD_Faceplate\window.bin,7056,Untracked Vision Binary,"Open/modify/save this Vision window/template in an Ignition 8.3 Designer to convert it to XML, then rerun the scanner."
Coffee_PROD_Backup_TS,windows/Popups/BRA_VFD_Faceplate_Coffee13,Coffee_PROD_Backup_TS\com.inductiveautomation.vision\windows\Popups\BRA_VFD_Faceplate_Coffee13\window.bin,6748,Untracked Vision Binary,"Open/modify/save this Vision window/template in an Ignition 8.3 Designer to convert it to XML, then rerun the scanner."
Coffee_PROD_Backup_TS,windows/Popups/Faceplates/MPV_v1,Coffee_PROD_Backup_TS\com.inductiveautomation.vision\windows\Popups\Faceplates\MPV_v1\window.bin,2263,Untracked Vision Binary,"Open/modify/save this Vision window/template in an Ignition 8.3 Designer to convert it to XML, then rerun the scanner."
Coffee_PROD_Backup_TS,windows/Popups/Faceplates/Phase_Basic_V1,Coffee_PROD_Backup_TS\com.inductiveautomation.vision\windows\Popups\Faceplates\Phase_Basic_V1\window.bin,2053,Untracked Vision Binary,"Open/modify/save this Vision window/template in an Ignition 8.3 Designer to convert it to XML, then rerun the scanner."
Coffee_PROD_Backup_TS,windows/Popups/Faceplates/SV_v1,Coffee_PROD_Backup_TS\com.inductiveautomation.vision\windows\Popups\Faceplates\SV_v1\window.bin,1629,Untracked Vision Binary,"Open/modify/save this Vision window/template in an Ignition 8.3 Designer to convert it to XML, then rerun the scanner."
Coffee_PROD_Backup_TS,windows/Popups/Faceplates/VFD_V1,Coffee_PROD_Backup_TS\com.inductiveautomation.vision\windows\Popups\Faceplates\VFD_V1\window.bin,1603,Untracked Vision Binary,"Open/modify/save this Vision window/template in an Ignition 8.3 Designer to convert it to XML, then rerun the scanner."
Coffee_PROD_Backup_TS,windows/Popups/Trending/BRA_Analog,Coffee_PROD_Backup_TS\com.inductiveautomation.vision\windows\Popups\Trending\BRA_Analog\window.bin,6534,Untracked Vision Binary,"Open/modify/save this Vision window/template in an Ignition 8.3 Designer to convert it to XML, then rerun the scanner."
Coffee_PROD_Backup_TS,windows/Popups/Trending/BRA_Discrete,Coffee_PROD_Backup_TS\com.inductiveautomation.vision\windows\Popups\Trending\BRA_Discrete\window.bin,7010,Untracked Vision Binary,"Open/modify/save this Vision window/template in an Ignition 8.3 Designer to convert it to XML, then rerun the scanner."
Coffee_PROD_Backup_TS,windows/Red Lion Data,Coffee_PROD_Backup_TS\com.inductiveautomation.vision\windows\Red Lion Data\window.bin,2438,Untracked Vision Binary,"Open/modify/save this Vision window/template in an Ignition 8.3 Designer to convert it to XML, then rerun the scanner."
Coffee_PROD_Backup_TS,windows/User Management/Switch User,Coffee_PROD_Backup_TS\com.inductiveautomation.vision\windows\User Management\Switch User\data.bin,8705,Untracked Vision Binary,"Open/modify/save this Vision window/template in an Ignition 8.3 Designer to convert it to XML, then rerun the scanner."
copy_of_Heartland_UHT,templates/Alarm Count Label,copy_of_Heartland_UHT\com.inductiveautomation.vision\templates\Alarm Count Label\template.bin,3907,Untracked Vision Binary,"Open/modify/save this Vision window/template in an Ignition 8.3 Designer to convert it to XML, then rerun the scanner."
copy_of_Heartland_UHT,templates/APS Devices/Instruments/Conductivity,copy_of_Heartland_UHT\com.inductiveautomation.vision\templates\APS Devices\Instruments\Conductivity\data.bin,3421,Untracked Vision Binary,"Open/modify/save this Vision window/template in an Ignition 8.3 Designer to convert it to XML, then rerun the scanner."
copy_of_Heartland_UHT,templates/APS Devices/Instruments/DigitalIndicator,copy_of_Heartland_UHT\com.inductiveautomation.vision\templates\APS Devices\Instruments\DigitalIndicator\data.bin,3692,Untracked Vision Binary,"Open/modify/save this Vision window/template in an Ignition 8.3 Designer to convert it to XML, then rerun the scanner."
copy_of_Heartland_UHT,templates/APS Devices/Instruments/Flow,copy_of_Heartland_UHT\com.inductiveautomation.vision\templates\APS Devices\Instruments\Flow\data.bin,5790,Untracked Vision Binary,"Open/modify/save this Vision window/template in an Ignition 8.3 Designer to convert it to XML, then rerun the scanner."
copy_of_Heartland_UHT,templates/APS Devices/Instruments/Pressure,copy_of_Heartland_UHT\com.inductiveautomation.vision\templates\APS Devices\Instruments\Pressure\data.bin,4209,Untracked Vision Binary,"Open/modify/save this Vision window/template in an Ignition 8.3 Designer to convert it to XML, then rerun the scanner."
copy_of_Heartland_UHT,templates/APS Devices/Instruments/Temperature,copy_of_Heartland_UHT\com.inductiveautomation.vision\templates\APS Devices\Instruments\Temperature\data.bin,3497,Untracked Vision Binary,"Open/modify/save this Vision window/template in an Ignition 8.3 Designer to convert it to XML, then rerun the scanner."
copy_of_Heartland_UHT,templates/APS Devices/Pumps/Centrifugal,copy_of_Heartland_UHT\com.inductiveautomation.vision\templates\APS Devices\Pumps\Centrifugal\data.bin,9916,Untracked Vision Binary,"Open/modify/save this Vision window/template in an Ignition 8.3 Designer to convert it to XML, then rerun the scanner."
copy_of_Heartland_UHT,templates/APS Devices/Pumps/Diaphragm,copy_of_Heartland_UHT\com.inductiveautomation.vision\templates\APS Devices\Pumps\Diaphragm\data.bin,4773,Untracked Vision Binary,"Open/modify/save this Vision window/template in an Ignition 8.3 Designer to convert it to XML, then rerun the scanner."
copy_of_Heartland_UHT,templates/APS Devices/Pumps/Disconnect,copy_of_Heartland_UHT\com.inductiveautomation.vision\templates\APS Devices\Pumps\Disconnect\data.bin,4979,Untracked Vision Binary,"Open/modify/save this Vision window/template in an Ignition 8.3 Designer to convert it to XML, then rerun the scanner."
copy_of_Heartland_UHT,templates/APS Devices/Pumps/Motor,copy_of_Heartland_UHT\com.inductiveautomation.vision\templates\APS Devices\Pumps\Motor\data.bin,5727,Untracked Vision Binary,"Open/modify/save this Vision window/template in an Ignition 8.3 Designer to convert it to XML, then rerun the scanner."
copy_of_Heartland_UHT,templates/APS Devices/Static/BrazedPlate,copy_of_Heartland_UHT\com.inductiveautomation.vision\templates\APS Devices\Static\BrazedPlate\data.bin,7436,Untracked Vision Binary,"Open/modify/save this Vision window/template in an Ignition 8.3 Designer to convert it to XML, then rerun the scanner."
copy_of_Heartland_UHT,templates/APS Devices/Static/Coil,copy_of_Heartland_UHT\com.inductiveautomation.vision\templates\APS Devices\Static\Coil\data.bin,5586,Untracked Vision Binary,"Open/modify/save this Vision window/template in an Ignition 8.3 Designer to convert it to XML, then rerun the scanner."
copy_of_Heartland_UHT,templates/APS Devices/Static/Filter,copy_of_Heartland_UHT\com.inductiveautomation.vision\templates\APS Devices\Static\Filter\data.bin,3598,Untracked Vision Binary,"Open/modify/save this Vision window/template in an Ignition 8.3 Designer to convert it to XML, then rerun the scanner."
copy_of_Heartland_UHT,templates/APS Devices/Static/PRV,copy_of_Heartland_UHT\com.inductiveautomation.vision\templates\APS Devices\Static\PRV\data.bin,4659,Untracked Vision Binary,"Open/modify/save this Vision window/template in an Ignition 8.3 Designer to convert it to XML, then rerun the scanner."
copy_of_Heartland_UHT,templates/APS Devices/Static/SprayBall,copy_of_Heartland_UHT\com.inductiveautomation.vision\templates\APS Devices\Static\SprayBall\data.bin,2000,Untracked Vision Binary,"Open/modify/save this Vision window/template in an Ignition 8.3 Designer to convert it to XML, then rerun the scanner."
copy_of_Heartland_UHT,templates/APS Devices/Static/SWC,copy_of_Heartland_UHT\com.inductiveautomation.vision\templates\APS Devices\Static\SWC\data.bin,3131,Untracked Vision Binary,"Open/modify/save this Vision window/template in an Ignition 8.3 Designer to convert it to XML, then rerun the scanner."
copy_of_Heartland_UHT,templates/APS Devices/Tanks/AST,copy_of_Heartland_UHT\com.inductiveautomation.vision\templates\APS Devices\Tanks\AST\data.bin,8150,Untracked Vision Binary,"Open/modify/save this Vision window/template in an Ignition 8.3 Designer to convert it to XML, then rerun the scanner."
copy_of_Heartland_UHT,templates/APS Devices/Tanks/CondensateTank,copy_of_Heartland_UHT\com.inductiveautomation.vision\templates\APS Devices\Tanks\CondensateTank\data.bin,2223,Untracked Vision Binary,"Open/modify/save this Vision window/template in an Ignition 8.3 Designer to convert it to XML, then rerun the scanner."
copy_of_Heartland_UHT,templates/APS Devices/Tanks/ProductTank,copy_of_Heartland_UHT\com.inductiveautomation.vision\templates\APS Devices\Tanks\ProductTank\data.bin,7460,Untracked Vision Binary,"Open/modify/save this Vision window/template in an Ignition 8.3 Designer to convert it to XML, then rerun the scanner."
copy_of_Heartland_UHT,templates/APS Devices/Tanks/WaterTank,copy_of_Heartland_UHT\com.inductiveautomation.vision\templates\APS Devices\Tanks\WaterTank\data.bin,4755,Untracked Vision Binary,"Open/modify/save this Vision window/template in an Ignition 8.3 Designer to convert it to XML, then rerun the scanner."
copy_of_Heartland_UHT,templates/APS Devices/Valves/BallValve,copy_of_Heartland_UHT\com.inductiveautomation.vision\templates\APS Devices\Valves\BallValve\data.bin,7756,Untracked Vision Binary,"Open/modify/save this Vision window/template in an Ignition 8.3 Designer to convert it to XML, then rerun the scanner."
copy_of_Heartland_UHT,templates/APS Devices/Valves/Burkert,copy_of_Heartland_UHT\com.inductiveautomation.vision\templates\APS Devices\Valves\Burkert\data.bin,7059,Untracked Vision Binary,"Open/modify/save this Vision window/template in an Ignition 8.3 Designer to convert it to XML, then rerun the scanner."
copy_of_Heartland_UHT,templates/APS Devices/Valves/ControlValve,copy_of_Heartland_UHT\com.inductiveautomation.vision\templates\APS Devices\Valves\ControlValve\data.bin,10387,Untracked Vision Binary,"Open/modify/save this Vision window/template in an Ignition 8.3 Designer to convert it to XML, then rerun the scanner."
copy_of_Heartland_UHT,templates/APS Devices/Valves/ControlValveSanitary,copy_of_Heartland_UHT\com.inductiveautomation.vision\templates\APS Devices\Valves\ControlValveSanitary\data.bin,7551,Untracked Vision Binary,"Open/modify/save this Vision window/template in an Ignition 8.3 Designer to convert it to XML, then rerun the scanner."
copy_of_Heartland_UHT,templates/APS Devices/Valves/ControlValveSanitaryHor,copy_of_Heartland_UHT\com.inductiveautomation.vision\templates\APS Devices\Valves\ControlValveSanitaryHor\data.bin,7542,Untracked Vision Binary,"Open/modify/save this Vision window/template in an Ignition 8.3 Designer to convert it to XML, then rerun the scanner."
copy_of_Heartland_UHT,templates/APS Devices/Valves/DivertDrain,copy_of_Heartland_UHT\com.inductiveautomation.vision\templates\APS Devices\Valves\DivertDrain\data.bin,7333,Untracked Vision Binary,"Open/modify/save this Vision window/template in an Ignition 8.3 Designer to convert it to XML, then rerun the scanner."
copy_of_Heartland_UHT,templates/APS Devices/Valves/Diverter,copy_of_Heartland_UHT\com.inductiveautomation.vision\templates\APS Devices\Valves\Diverter\data.bin,7265,Untracked Vision Binary,"Open/modify/save this Vision window/template in an Ignition 8.3 Designer to convert it to XML, then rerun the scanner."
copy_of_Heartland_UHT,templates/APS Devices/Valves/Double,copy_of_Heartland_UHT\com.inductiveautomation.vision\templates\APS Devices\Valves\Double\template.bin,6448,Untracked Vision Binary,"Open/modify/save this Vision window/template in an Ignition 8.3 Designer to convert it to XML, then rerun the scanner."
copy_of_Heartland_UHT,templates/APS Devices/Valves/PIDLoop,copy_of_Heartland_UHT\com.inductiveautomation.vision\templates\APS Devices\Valves\PIDLoop\data.bin,6018,Untracked Vision Binary,"Open/modify/save this Vision window/template in an Ignition 8.3 Designer to convert it to XML, then rerun the scanner."
copy_of_Heartland_UHT,templates/APS Devices/Valves/Seat,copy_of_Heartland_UHT\com.inductiveautomation.vision\templates\APS Devices\Valves\Seat\data.bin,4167,Untracked Vision Binary,"Open/modify/save this Vision window/template in an Ignition 8.3 Designer to convert it to XML, then rerun the scanner."
copy_of_Heartland_UHT,templates/APS Devices/Valves/Selector,copy_of_Heartland_UHT\com.inductiveautomation.vision\templates\APS Devices\Valves\Selector\data.bin,7252,Untracked Vision Binary,"Open/modify/save this Vision window/template in an Ignition 8.3 Designer to convert it to XML, then rerun the scanner."
copy_of_Heartland_UHT,templates/APS Devices/Valves/Single,copy_of_Heartland_UHT\com.inductiveautomation.vision\templates\APS Devices\Valves\Single\droptarget.bin,520,Untracked Vision Binary,"Open/modify/save this Vision window/template in an Ignition 8.3 Designer to convert it to XML, then rerun the scanner."
copy_of_Heartland_UHT,templates/APS Devices/Valves/Single,copy_of_Heartland_UHT\com.inductiveautomation.vision\templates\APS Devices\Valves\Single\template.bin,5619,Untracked Vision Binary,"Open/modify/save this Vision window/template in an Ignition 8.3 Designer to convert it to XML, then rerun the scanner."
copy_of_Heartland_UHT,templates/RoleRequired,copy_of_Heartland_UHT\com.inductiveautomation.vision\templates\RoleRequired\template.bin,1764,Untracked Vision Binary,"Open/modify/save this Vision window/template in an Ignition 8.3 Designer to convert it to XML, then rerun the scanner."
copy_of_Heartland_UHT,windows/About,copy_of_Heartland_UHT\com.inductiveautomation.vision\windows\About\window.bin,16082,Untracked Vision Binary,"Open/modify/save this Vision window/template in an Ignition 8.3 Designer to convert it to XML, then rerun the scanner."
copy_of_Heartland_UHT,windows/Alarms/Alarm Status,copy_of_Heartland_UHT\com.inductiveautomation.vision\windows\Alarms\Alarm Status\data.bin,3956,Untracked Vision Binary,"Open/modify/save this Vision window/template in an Ignition 8.3 Designer to convert it to XML, then rerun the scanner."
copy_of_Heartland_UHT,windows/Header,copy_of_Heartland_UHT\com.inductiveautomation.vision\windows\Header\window.bin,9988,Untracked Vision Binary,"Open/modify/save this Vision window/template in an Ignition 8.3 Designer to convert it to XML, then rerun the scanner."
copy_of_Heartland_UHT,windows/Main Windows/Air Skid,copy_of_Heartland_UHT\com.inductiveautomation.vision\windows\Main Windows\Air Skid\window.bin,14634,Untracked Vision Binary,"Open/modify/save this Vision window/template in an Ignition 8.3 Designer to convert it to XML, then rerun the scanner."
copy_of_Heartland_UHT,windows/Main Windows/Alarm Summary,copy_of_Heartland_UHT\com.inductiveautomation.vision\windows\Main Windows\Alarm Summary\window.bin,2902,Untracked Vision Binary,"Open/modify/save this Vision window/template in an Ignition 8.3 Designer to convert it to XML, then rerun the scanner."
copy_of_Heartland_UHT,windows/Main Windows/AST 1,copy_of_Heartland_UHT\com.inductiveautomation.vision\windows\Main Windows\AST 1\window.bin,13247,Untracked Vision Binary,"Open/modify/save this Vision window/template in an Ignition 8.3 Designer to convert it to XML, then rerun the scanner."
copy_of_Heartland_UHT,windows/Main Windows/AST 2,copy_of_Heartland_UHT\com.inductiveautomation.vision\windows\Main Windows\AST 2\window.bin,13685,Untracked Vision Binary,"Open/modify/save this Vision window/template in an Ignition 8.3 Designer to convert it to XML, then rerun the scanner."
copy_of_Heartland_UHT,windows/Main Windows/Balance Tank,copy_of_Heartland_UHT\com.inductiveautomation.vision\windows\Main Windows\Balance Tank\window.bin,20264,Untracked Vision Binary,"Open/modify/save this Vision window/template in an Ignition 8.3 Designer to convert it to XML, then rerun the scanner."
copy_of_Heartland_UHT,windows/Main Windows/CIP Control,copy_of_Heartland_UHT\com.inductiveautomation.vision\windows\Main Windows\CIP Control\window.bin,24703,Untracked Vision Binary,"Open/modify/save this Vision window/template in an Ignition 8.3 Designer to convert it to XML, then rerun the scanner."
copy_of_Heartland_UHT,windows/Main Windows/CIP Recipe Management,copy_of_Heartland_UHT\com.inductiveautomation.vision\windows\Main Windows\CIP Recipe Management\window.bin,19333,Untracked Vision Binary,"Open/modify/save this Vision window/template in an Ignition 8.3 Designer to convert it to XML, then rerun the scanner."
copy_of_Heartland_UHT,windows/Main Windows/Coolers,copy_of_Heartland_UHT\com.inductiveautomation.vision\windows\Main Windows\Coolers\window.bin,12140,Untracked Vision Binary,"Open/modify/save this Vision window/template in an Ignition 8.3 Designer to convert it to XML, then rerun the scanner."
copy_of_Heartland_UHT,windows/Main Windows/Filler 3 Steam Blocks,copy_of_Heartland_UHT\com.inductiveautomation.vision\windows\Main Windows\Filler 3 Steam Blocks\data.bin,41041,Untracked Vision Binary,"Open/modify/save this Vision window/template in an Ignition 8.3 Designer to convert it to XML, then rerun the scanner."
copy_of_Heartland_UHT,windows/Main Windows/Heaters,copy_of_Heartland_UHT\com.inductiveautomation.vision\windows\Main Windows\Heaters\window.bin,11827,Untracked Vision Binary,"Open/modify/save this Vision window/template in an Ignition 8.3 Designer to convert it to XML, then rerun the scanner."
copy_of_Heartland_UHT,windows/Main Windows/historian,copy_of_Heartland_UHT\com.inductiveautomation.vision\windows\Main Windows\historian\data.bin,2719,Untracked Vision Binary,"Open/modify/save this Vision window/template in an Ignition 8.3 Designer to convert it to XML, then rerun the scanner."
copy_of_Heartland_UHT,windows/Main Windows/History,copy_of_Heartland_UHT\com.inductiveautomation.vision\windows\Main Windows\History\window.bin,4600,Untracked Vision Binary,"Open/modify/save this Vision window/template in an Ignition 8.3 Designer to convert it to XML, then rerun the scanner."
copy_of_Heartland_UHT,windows/Main Windows/History2,copy_of_Heartland_UHT\com.inductiveautomation.vision\windows\Main Windows\History2\window.bin,4177,Untracked Vision Binary,"Open/modify/save this Vision window/template in an Ignition 8.3 Designer to convert it to XML, then rerun the scanner."
copy_of_Heartland_UHT,windows/Main Windows/Main Menu,copy_of_Heartland_UHT\com.inductiveautomation.vision\windows\Main Windows\Main Menu\window.bin,1034,Untracked Vision Binary,"Open/modify/save this Vision window/template in an Ignition 8.3 Designer to convert it to XML, then rerun the scanner."
copy_of_Heartland_UHT,windows/Main Windows/Process Control,copy_of_Heartland_UHT\com.inductiveautomation.vision\windows\Main Windows\Process Control\window.bin,20575,Untracked Vision Binary,"Open/modify/save this Vision window/template in an Ignition 8.3 Designer to convert it to XML, then rerun the scanner."
copy_of_Heartland_UHT,windows/Main Windows/Process Setpoints,copy_of_Heartland_UHT\com.inductiveautomation.vision\windows\Main Windows\Process Setpoints\window.bin,18379,Untracked Vision Binary,"Open/modify/save this Vision window/template in an Ignition 8.3 Designer to convert it to XML, then rerun the scanner."
copy_of_Heartland_UHT,windows/Main Windows/Steam Block Overview,copy_of_Heartland_UHT\com.inductiveautomation.vision\windows\Main Windows\Steam Block Overview\window.bin,11038,Untracked Vision Binary,"Open/modify/save this Vision window/template in an Ignition 8.3 Designer to convert it to XML, then rerun the scanner."
copy_of_Heartland_UHT,windows/Main Windows/Steam Blocks 1,copy_of_Heartland_UHT\com.inductiveautomation.vision\windows\Main Windows\Steam Blocks 1\window.bin,17001,Untracked Vision Binary,"Open/modify/save this Vision window/template in an Ignition 8.3 Designer to convert it to XML, then rerun the scanner."
copy_of_Heartland_UHT,windows/Main Windows/Steam Blocks 2,copy_of_Heartland_UHT\com.inductiveautomation.vision\windows\Main Windows\Steam Blocks 2\window.bin,17355,Untracked Vision Binary,"Open/modify/save this Vision window/template in an Ignition 8.3 Designer to convert it to XML, then rerun the scanner."
copy_of_Heartland_UHT,windows/Main Windows/Sterile Regen,copy_of_Heartland_UHT\com.inductiveautomation.vision\windows\Main Windows\Sterile Regen\window.bin,11834,Untracked Vision Binary,"Open/modify/save this Vision window/template in an Ignition 8.3 Designer to convert it to XML, then rerun the scanner."
copy_of_Heartland_UHT,windows/Main Windows/Test,copy_of_Heartland_UHT\com.inductiveautomation.vision\windows\Main Windows\Test\data.bin,11505,Untracked Vision Binary,"Open/modify/save this Vision window/template in an Ignition 8.3 Designer to convert it to XML, then rerun the scanner."
copy_of_Heartland_UHT,windows/Main Windows/Timing Pump,copy_of_Heartland_UHT\com.inductiveautomation.vision\windows\Main Windows\Timing Pump\window.bin,10920,Untracked Vision Binary,"Open/modify/save this Vision window/template in an Ignition 8.3 Designer to convert it to XML, then rerun the scanner."
copy_of_Heartland_UHT,windows/Main Windows/User Management,copy_of_Heartland_UHT\com.inductiveautomation.vision\windows\Main Windows\User Management\window.bin,4964,Untracked Vision Binary,"Open/modify/save this Vision window/template in an Ignition 8.3 Designer to convert it to XML, then rerun the scanner."
copy_of_Heartland_UHT,windows/Navigation,copy_of_Heartland_UHT\com.inductiveautomation.vision\windows\Navigation\window.bin,6205,Untracked Vision Binary,"Open/modify/save this Vision window/template in an Ignition 8.3 Designer to convert it to XML, then rerun the scanner."
copy_of_Heartland_UHT,windows/Popups/AST1_CIP_Req,copy_of_Heartland_UHT\com.inductiveautomation.vision\windows\Popups\AST1_CIP_Req\window.bin,4359,Untracked Vision Binary,"Open/modify/save this Vision window/template in an Ignition 8.3 Designer to convert it to XML, then rerun the scanner."
copy_of_Heartland_UHT,windows/Popups/AST1_Start_Req,copy_of_Heartland_UHT\com.inductiveautomation.vision\windows\Popups\AST1_Start_Req\window.bin,4973,Untracked Vision Binary,"Open/modify/save this Vision window/template in an Ignition 8.3 Designer to convert it to XML, then rerun the scanner."
copy_of_Heartland_UHT,windows/Popups/AST1_Sterilization_Req,copy_of_Heartland_UHT\com.inductiveautomation.vision\windows\Popups\AST1_Sterilization_Req\window.bin,7168,Untracked Vision Binary,"Open/modify/save this Vision window/template in an Ignition 8.3 Designer to convert it to XML, then rerun the scanner."
copy_of_Heartland_UHT,windows/Popups/AST2_CIP_Req,copy_of_Heartland_UHT\com.inductiveautomation.vision\windows\Popups\AST2_CIP_Req\window.bin,4362,Untracked Vision Binary,"Open/modify/save this Vision window/template in an Ignition 8.3 Designer to convert it to XML, then rerun the scanner."
copy_of_Heartland_UHT,windows/Popups/AST2_Start_Req,copy_of_Heartland_UHT\com.inductiveautomation.vision\windows\Popups\AST2_Start_Req\window.bin,4850,Untracked Vision Binary,"Open/modify/save this Vision window/template in an Ignition 8.3 Designer to convert it to XML, then rerun the scanner."
copy_of_Heartland_UHT,windows/Popups/AST2_Sterilization_Req,copy_of_Heartland_UHT\com.inductiveautomation.vision\windows\Popups\AST2_Sterilization_Req\data.bin,28207,Untracked Vision Binary,"Open/modify/save this Vision window/template in an Ignition 8.3 Designer to convert it to XML, then rerun the scanner."
copy_of_Heartland_UHT,windows/Popups/Create Recipe,copy_of_Heartland_UHT\com.inductiveautomation.vision\windows\Popups\Create Recipe\window.bin,3617,Untracked Vision Binary,"Open/modify/save this Vision window/template in an Ignition 8.3 Designer to convert it to XML, then rerun the scanner."
copy_of_Heartland_UHT,windows/Popups/Edit Recipe,copy_of_Heartland_UHT\com.inductiveautomation.vision\windows\Popups\Edit Recipe\window.bin,4030,Untracked Vision Binary,"Open/modify/save this Vision window/template in an Ignition 8.3 Designer to convert it to XML, then rerun the scanner."
copy_of_Heartland_UHT,windows/Popups/FIL3_CIP_Req,copy_of_Heartland_UHT\com.inductiveautomation.vision\windows\Popups\FIL3_CIP_Req\window.bin,3447,Untracked Vision Binary,"Open/modify/save this Vision window/template in an Ignition 8.3 Designer to convert it to XML, then rerun the scanner."
copy_of_Heartland_UHT,windows/Popups/FIL3_Sterilization_Req,copy_of_Heartland_UHT\com.inductiveautomation.vision\windows\Popups\FIL3_Sterilization_Req\data.bin,19697,Untracked Vision Binary,"Open/modify/save this Vision window/template in an Ignition 8.3 Designer to convert it to XML, then rerun the scanner."
copy_of_Heartland_UHT,windows/Popups/HOA,copy_of_Heartland_UHT\com.inductiveautomation.vision\windows\Popups\HOA\window.bin,4107,Untracked Vision Binary,"Open/modify/save this Vision window/template in an Ignition 8.3 Designer to convert it to XML, then rerun the scanner."
copy_of_Heartland_UHT,windows/Popups/HUS,copy_of_Heartland_UHT\com.inductiveautomation.vision\windows\Popups\HUS\window.bin,4310,Untracked Vision Binary,"Open/modify/save this Vision window/template in an Ignition 8.3 Designer to convert it to XML, then rerun the scanner."
copy_of_Heartland_UHT,windows/Popups/PID,copy_of_Heartland_UHT\com.inductiveautomation.vision\windows\Popups\PID\window.bin,7286,Untracked Vision Binary,"Open/modify/save this Vision window/template in an Ignition 8.3 Designer to convert it to XML, then rerun the scanner."
copy_of_Heartland_UHT,windows/Popups/Popup,copy_of_Heartland_UHT\com.inductiveautomation.vision\windows\Popups\Popup\data.bin,4479,Untracked Vision Binary,"Open/modify/save this Vision window/template in an Ignition 8.3 Designer to convert it to XML, then rerun the scanner."
copy_of_Heartland_UHT,windows/Popups/Remove Forces,copy_of_Heartland_UHT\com.inductiveautomation.vision\windows\Popups\Remove Forces\window.bin,4835,Untracked Vision Binary,"Open/modify/save this Vision window/template in an Ignition 8.3 Designer to convert it to XML, then rerun the scanner."
copy_of_Heartland_UHT,windows/Popups/Simulation,copy_of_Heartland_UHT\com.inductiveautomation.vision\windows\Popups\Simulation\data.bin,42559,Untracked Vision Binary,"Open/modify/save this Vision window/template in an Ignition 8.3 Designer to convert it to XML, then rerun the scanner."
copy_of_Heartland_UHT,windows/Popups/UHT1_CIP_Req,copy_of_Heartland_UHT\com.inductiveautomation.vision\windows\Popups\UHT1_CIP_Req\data.bin,18776,Untracked Vision Binary,"Open/modify/save this Vision window/template in an Ignition 8.3 Designer to convert it to XML, then rerun the scanner."
copy_of_Heartland_UHT,windows/Popups/UHT1_Flush_Req,copy_of_Heartland_UHT\com.inductiveautomation.vision\windows\Popups\UHT1_Flush_Req\window.bin,3661,Untracked Vision Binary,"Open/modify/save this Vision window/template in an Ignition 8.3 Designer to convert it to XML, then rerun the scanner."
copy_of_Heartland_UHT,windows/Popups/UHT1_Start_Req,copy_of_Heartland_UHT\com.inductiveautomation.vision\windows\Popups\UHT1_Start_Req\window.bin,3774,Untracked Vision Binary,"Open/modify/save this Vision window/template in an Ignition 8.3 Designer to convert it to XML, then rerun the scanner."
copy_of_Heartland_UHT,windows/Popups/UHT1_Start_WP_Req,copy_of_Heartland_UHT\com.inductiveautomation.vision\windows\Popups\UHT1_Start_WP_Req\window.bin,3952,Untracked Vision Binary,"Open/modify/save this Vision window/template in an Ignition 8.3 Designer to convert it to XML, then rerun the scanner."
copy_of_Heartland_UHT,windows/Popups/UHT1_Sterilization_Req,copy_of_Heartland_UHT\com.inductiveautomation.vision\windows\Popups\UHT1_Sterilization_Req\data.bin,22342,Untracked Vision Binary,"Open/modify/save this Vision window/template in an Ignition 8.3 Designer to convert it to XML, then rerun the scanner."
copy_of_Heartland_UHT,windows/User Management/Switch User,copy_of_Heartland_UHT\com.inductiveautomation.vision\windows\User Management\Switch User\data.bin,8705,Untracked Vision Binary,"Open/modify/save this Vision window/template in an Ignition 8.3 Designer to convert it to XML, then rerun the scanner."
Copy_Of_Plant_Displays_rev2,templates/Alarm Count Label,Copy_Of_Plant_Displays_rev2\com.inductiveautomation.vision\templates\Alarm Count Label\data.bin,4675,Untracked Vision Binary,"Open/modify/save this Vision window/template in an Ignition 8.3 Designer to convert it to XML, then rerun the scanner."
Copy_Of_Plant_Displays_rev2,templates/APS Devices/Instruments/Conductivity,Copy_Of_Plant_Displays_rev2\com.inductiveautomation.vision\templates\APS Devices\Instruments\Conductivity\data.bin,3421,Untracked Vision Binary,"Open/modify/save this Vision window/template in an Ignition 8.3 Designer to convert it to XML, then rerun the scanner."
Copy_Of_Plant_Displays_rev2,templates/APS Devices/Instruments/DigitalIndicator,Copy_Of_Plant_Displays_rev2\com.inductiveautomation.vision\templates\APS Devices\Instruments\DigitalIndicator\data.bin,3692,Untracked Vision Binary,"Open/modify/save this Vision window/template in an Ignition 8.3 Designer to convert it to XML, then rerun the scanner."
Copy_Of_Plant_Displays_rev2,templates/APS Devices/Instruments/Flow,Copy_Of_Plant_Displays_rev2\com.inductiveautomation.vision\templates\APS Devices\Instruments\Flow\data.bin,5790,Untracked Vision Binary,"Open/modify/save this Vision window/template in an Ignition 8.3 Designer to convert it to XML, then rerun the scanner."
Copy_Of_Plant_Displays_rev2,templates/APS Devices/Instruments/Pressure,Copy_Of_Plant_Displays_rev2\com.inductiveautomation.vision\templates\APS Devices\Instruments\Pressure\data.bin,4209,Untracked Vision Binary,"Open/modify/save this Vision window/template in an Ignition 8.3 Designer to convert it to XML, then rerun the scanner."
Copy_Of_Plant_Displays_rev2,templates/APS Devices/Instruments/Temperature,Copy_Of_Plant_Displays_rev2\com.inductiveautomation.vision\templates\APS Devices\Instruments\Temperature\data.bin,3497,Untracked Vision Binary,"Open/modify/save this Vision window/template in an Ignition 8.3 Designer to convert it to XML, then rerun the scanner."
Copy_Of_Plant_Displays_rev2,templates/APS Devices/Pumps/Centrifugal,Copy_Of_Plant_Displays_rev2\com.inductiveautomation.vision\templates\APS Devices\Pumps\Centrifugal\data.bin,9916,Untracked Vision Binary,"Open/modify/save this Vision window/template in an Ignition 8.3 Designer to convert it to XML, then rerun the scanner."
Copy_Of_Plant_Displays_rev2,templates/APS Devices/Pumps/Diaphragm,Copy_Of_Plant_Displays_rev2\com.inductiveautomation.vision\templates\APS Devices\Pumps\Diaphragm\data.bin,4773,Untracked Vision Binary,"Open/modify/save this Vision window/template in an Ignition 8.3 Designer to convert it to XML, then rerun the scanner."
Copy_Of_Plant_Displays_rev2,templates/APS Devices/Pumps/Disconnect,Copy_Of_Plant_Displays_rev2\com.inductiveautomation.vision\templates\APS Devices\Pumps\Disconnect\data.bin,4979,Untracked Vision Binary,"Open/modify/save this Vision window/template in an Ignition 8.3 Designer to convert it to XML, then rerun the scanner."
Copy_Of_Plant_Displays_rev2,templates/APS Devices/Pumps/Motor,Copy_Of_Plant_Displays_rev2\com.inductiveautomation.vision\templates\APS Devices\Pumps\Motor\data.bin,5727,Untracked Vision Binary,"Open/modify/save this Vision window/template in an Ignition 8.3 Designer to convert it to XML, then rerun the scanner."
Copy_Of_Plant_Displays_rev2,templates/APS Devices/Static/BrazedPlate,Copy_Of_Plant_Displays_rev2\com.inductiveautomation.vision\templates\APS Devices\Static\BrazedPlate\data.bin,7436,Untracked Vision Binary,"Open/modify/save this Vision window/template in an Ignition 8.3 Designer to convert it to XML, then rerun the scanner."
Copy_Of_Plant_Displays_rev2,templates/APS Devices/Static/Coil,Copy_Of_Plant_Displays_rev2\com.inductiveautomation.vision\templates\APS Devices\Static\Coil\data.bin,5586,Untracked Vision Binary,"Open/modify/save this Vision window/template in an Ignition 8.3 Designer to convert it to XML, then rerun the scanner."
Copy_Of_Plant_Displays_rev2,templates/APS Devices/Static/Filter,Copy_Of_Plant_Displays_rev2\com.inductiveautomation.vision\templates\APS Devices\Static\Filter\data.bin,3598,Untracked Vision Binary,"Open/modify/save this Vision window/template in an Ignition 8.3 Designer to convert it to XML, then rerun the scanner."
Copy_Of_Plant_Displays_rev2,templates/APS Devices/Static/PRV,Copy_Of_Plant_Displays_rev2\com.inductiveautomation.vision\templates\APS Devices\Static\PRV\data.bin,4659,Untracked Vision Binary,"Open/modify/save this Vision window/template in an Ignition 8.3 Designer to convert it to XML, then rerun the scanner."
Copy_Of_Plant_Displays_rev2,templates/APS Devices/Static/SprayBall,Copy_Of_Plant_Displays_rev2\com.inductiveautomation.vision\templates\APS Devices\Static\SprayBall\data.bin,2000,Untracked Vision Binary,"Open/modify/save this Vision window/template in an Ignition 8.3 Designer to convert it to XML, then rerun the scanner."
Copy_Of_Plant_Displays_rev2,templates/APS Devices/Static/SWC,Copy_Of_Plant_Displays_rev2\com.inductiveautomation.vision\templates\APS Devices\Static\SWC\data.bin,3131,Untracked Vision Binary,"Open/modify/save this Vision window/template in an Ignition 8.3 Designer to convert it to XML, then rerun the scanner."
Copy_Of_Plant_Displays_rev2,templates/APS Devices/Tanks/AST,Copy_Of_Plant_Displays_rev2\com.inductiveautomation.vision\templates\APS Devices\Tanks\AST\data.bin,8150,Untracked Vision Binary,"Open/modify/save this Vision window/template in an Ignition 8.3 Designer to convert it to XML, then rerun the scanner."
Copy_Of_Plant_Displays_rev2,templates/APS Devices/Tanks/CondensateTank,Copy_Of_Plant_Displays_rev2\com.inductiveautomation.vision\templates\APS Devices\Tanks\CondensateTank\data.bin,2223,Untracked Vision Binary,"Open/modify/save this Vision window/template in an Ignition 8.3 Designer to convert it to XML, then rerun the scanner."
Copy_Of_Plant_Displays_rev2,templates/APS Devices/Tanks/ProductTank,Copy_Of_Plant_Displays_rev2\com.inductiveautomation.vision\templates\APS Devices\Tanks\ProductTank\data.bin,7460,Untracked Vision Binary,"Open/modify/save this Vision window/template in an Ignition 8.3 Designer to convert it to XML, then rerun the scanner."
Copy_Of_Plant_Displays_rev2,templates/APS Devices/Tanks/WaterTank,Copy_Of_Plant_Displays_rev2\com.inductiveautomation.vision\templates\APS Devices\Tanks\WaterTank\data.bin,4755,Untracked Vision Binary,"Open/modify/save this Vision window/template in an Ignition 8.3 Designer to convert it to XML, then rerun the scanner."
Copy_Of_Plant_Displays_rev2,templates/APS Devices/Valves/BallValve,Copy_Of_Plant_Displays_rev2\com.inductiveautomation.vision\templates\APS Devices\Valves\BallValve\data.bin,7756,Untracked Vision Binary,"Open/modify/save this Vision window/template in an Ignition 8.3 Designer to convert it to XML, then rerun the scanner."
Copy_Of_Plant_Displays_rev2,templates/APS Devices/Valves/Burkert,Copy_Of_Plant_Displays_rev2\com.inductiveautomation.vision\templates\APS Devices\Valves\Burkert\data.bin,7059,Untracked Vision Binary,"Open/modify/save this Vision window/template in an Ignition 8.3 Designer to convert it to XML, then rerun the scanner."
Copy_Of_Plant_Displays_rev2,templates/APS Devices/Valves/ControlValve,Copy_Of_Plant_Displays_rev2\com.inductiveautomation.vision\templates\APS Devices\Valves\ControlValve\data.bin,10387,Untracked Vision Binary,"Open/modify/save this Vision window/template in an Ignition 8.3 Designer to convert it to XML, then rerun the scanner."
Copy_Of_Plant_Displays_rev2,templates/APS Devices/Valves/ControlValveSanitary,Copy_Of_Plant_Displays_rev2\com.inductiveautomation.vision\templates\APS Devices\Valves\ControlValveSanitary\data.bin,7551,Untracked Vision Binary,"Open/modify/save this Vision window/template in an Ignition 8.3 Designer to convert it to XML, then rerun the scanner."
Copy_Of_Plant_Displays_rev2,templates/APS Devices/Valves/ControlValveSanitaryHor,Copy_Of_Plant_Displays_rev2\com.inductiveautomation.vision\templates\APS Devices\Valves\ControlValveSanitaryHor\data.bin,7542,Untracked Vision Binary,"Open/modify/save this Vision window/template in an Ignition 8.3 Designer to convert it to XML, then rerun the scanner."
Copy_Of_Plant_Displays_rev2,templates/APS Devices/Valves/DivertDrain,Copy_Of_Plant_Displays_rev2\com.inductiveautomation.vision\templates\APS Devices\Valves\DivertDrain\data.bin,7333,Untracked Vision Binary,"Open/modify/save this Vision window/template in an Ignition 8.3 Designer to convert it to XML, then rerun the scanner."
Copy_Of_Plant_Displays_rev2,templates/APS Devices/Valves/Diverter,Copy_Of_Plant_Displays_rev2\com.inductiveautomation.vision\templates\APS Devices\Valves\Diverter\data.bin,7265,Untracked Vision Binary,"Open/modify/save this Vision window/template in an Ignition 8.3 Designer to convert it to XML, then rerun the scanner."
Copy_Of_Plant_Displays_rev2,templates/APS Devices/Valves/Diverter Mirrored,Copy_Of_Plant_Displays_rev2\com.inductiveautomation.vision\templates\APS Devices\Valves\Diverter Mirrored\data.bin,7462,Untracked Vision Binary,"Open/modify/save this Vision window/template in an Ignition 8.3 Designer to convert it to XML, then rerun the scanner."
Copy_Of_Plant_Displays_rev2,templates/APS Devices/Valves/Diverter Mirrored_iLO,Copy_Of_Plant_Displays_rev2\com.inductiveautomation.vision\templates\APS Devices\Valves\Diverter Mirrored_iLO\data.bin,7478,Untracked Vision Binary,"Open/modify/save this Vision window/template in an Ignition 8.3 Designer to convert it to XML, then rerun the scanner."
Copy_Of_Plant_Displays_rev2,templates/APS Devices/Valves/Double,Copy_Of_Plant_Displays_rev2\com.inductiveautomation.vision\templates\APS Devices\Valves\Double\data.bin,8652,Untracked Vision Binary,"Open/modify/save this Vision window/template in an Ignition 8.3 Designer to convert it to XML, then rerun the scanner."
Copy_Of_Plant_Displays_rev2,templates/APS Devices/Valves/PIDLoop,Copy_Of_Plant_Displays_rev2\com.inductiveautomation.vision\templates\APS Devices\Valves\PIDLoop\data.bin,6018,Untracked Vision Binary,"Open/modify/save this Vision window/template in an Ignition 8.3 Designer to convert it to XML, then rerun the scanner."
Copy_Of_Plant_Displays_rev2,templates/APS Devices/Valves/Seat,Copy_Of_Plant_Displays_rev2\com.inductiveautomation.vision\templates\APS Devices\Valves\Seat\data.bin,4167,Untracked Vision Binary,"Open/modify/save this Vision window/template in an Ignition 8.3 Designer to convert it to XML, then rerun the scanner."
Copy_Of_Plant_Displays_rev2,templates/APS Devices/Valves/Selector,Copy_Of_Plant_Displays_rev2\com.inductiveautomation.vision\templates\APS Devices\Valves\Selector\data.bin,7252,Untracked Vision Binary,"Open/modify/save this Vision window/template in an Ignition 8.3 Designer to convert it to XML, then rerun the scanner."
Copy_Of_Plant_Displays_rev2,templates/APS Devices/Valves/Single,Copy_Of_Plant_Displays_rev2\com.inductiveautomation.vision\templates\APS Devices\Valves\Single\data.bin,7783,Untracked Vision Binary,"Open/modify/save this Vision window/template in an Ignition 8.3 Designer to convert it to XML, then rerun the scanner."
Copy_Of_Plant_Displays_rev2,templates/APS Devices/Valves/Single_90Bend,Copy_Of_Plant_Displays_rev2\com.inductiveautomation.vision\templates\APS Devices\Valves\Single_90Bend\data.bin,7389,Untracked Vision Binary,"Open/modify/save this Vision window/template in an Ignition 8.3 Designer to convert it to XML, then rerun the scanner."
Copy_Of_Plant_Displays_rev2,templates/APS Devices/Valves/Single_90Bend Mirrored,Copy_Of_Plant_Displays_rev2\com.inductiveautomation.vision\templates\APS Devices\Valves\Single_90Bend Mirrored\data.bin,7304,Untracked Vision Binary,"Open/modify/save this Vision window/template in an Ignition 8.3 Designer to convert it to XML, then rerun the scanner."
Copy_Of_Plant_Displays_rev2,templates/APS Devices/Valves/Single_iLO,Copy_Of_Plant_Displays_rev2\com.inductiveautomation.vision\templates\APS Devices\Valves\Single_iLO\data.bin,6894,Untracked Vision Binary,"Open/modify/save this Vision window/template in an Ignition 8.3 Designer to convert it to XML, then rerun the scanner."
Copy_Of_Plant_Displays_rev2,templates/APS Devices/Valves/Single_Original,Copy_Of_Plant_Displays_rev2\com.inductiveautomation.vision\templates\APS Devices\Valves\Single_Original\data.bin,7402,Untracked Vision Binary,"Open/modify/save this Vision window/template in an Ignition 8.3 Designer to convert it to XML, then rerun the scanner."
Copy_Of_Plant_Displays_rev2,templates/BRA Devices/Pumps/Centrifugal,Copy_Of_Plant_Displays_rev2\com.inductiveautomation.vision\templates\BRA Devices\Pumps\Centrifugal\data.bin,12365,Untracked Vision Binary,"Open/modify/save this Vision window/template in an Ignition 8.3 Designer to convert it to XML, then rerun the scanner."
Copy_Of_Plant_Displays_rev2,templates/BRA Devices/Pumps/Centrifugal_PIDE,Copy_Of_Plant_Displays_rev2\com.inductiveautomation.vision\templates\BRA Devices\Pumps\Centrifugal_PIDE\data.bin,9927,Untracked Vision Binary,"Open/modify/save this Vision window/template in an Ignition 8.3 Designer to convert it to XML, then rerun the scanner."
Copy_Of_Plant_Displays_rev2,templates/BRA Devices/Static/Elbow_NoAnimation,Copy_Of_Plant_Displays_rev2\com.inductiveautomation.vision\templates\BRA Devices\Static\Elbow_NoAnimation\data.bin,2715,Untracked Vision Binary,"Open/modify/save this Vision window/template in an Ignition 8.3 Designer to convert it to XML, then rerun the scanner."
Copy_Of_Plant_Displays_rev2,templates/BRA Devices/Static/Nav_Label,Copy_Of_Plant_Displays_rev2\com.inductiveautomation.vision\templates\BRA Devices\Static\Nav_Label\data.bin,4152,Untracked Vision Binary,"Open/modify/save this Vision window/template in an Ignition 8.3 Designer to convert it to XML, then rerun the scanner."
Copy_Of_Plant_Displays_rev2,templates/BRA Devices/Static/SprayBall,Copy_Of_Plant_Displays_rev2\com.inductiveautomation.vision\templates\BRA Devices\Static\SprayBall\data.bin,2727,Untracked Vision Binary,"Open/modify/save this Vision window/template in an Ignition 8.3 Designer to convert it to XML, then rerun the scanner."
Copy_Of_Plant_Displays_rev2,templates/BRA Devices/Static/Straight_NoAnimation,Copy_Of_Plant_Displays_rev2\com.inductiveautomation.vision\templates\BRA Devices\Static\Straight_NoAnimation\data.bin,2368,Untracked Vision Binary,"Open/modify/save this Vision window/template in an Ignition 8.3 Designer to convert it to XML, then rerun the scanner."
Copy_Of_Plant_Displays_rev2,templates/BRA Devices/Static/Tank,Copy_Of_Plant_Displays_rev2\com.inductiveautomation.vision\templates\BRA Devices\Static\Tank\data.bin,10160,Untracked Vision Binary,"Open/modify/save this Vision window/template in an Ignition 8.3 Designer to convert it to XML, then rerun the scanner."
Copy_Of_Plant_Displays_rev2,templates/BRA Devices/Static/Tee_NoAnimation,Copy_Of_Plant_Displays_rev2\com.inductiveautomation.vision\templates\BRA Devices\Static\Tee_NoAnimation\data.bin,2895,Untracked Vision Binary,"Open/modify/save this Vision window/template in an Ignition 8.3 Designer to convert it to XML, then rerun the scanner."
Copy_Of_Plant_Displays_rev2,templates/BRA Devices/Valves/ControlValve,Copy_Of_Plant_Displays_rev2\com.inductiveautomation.vision\templates\BRA Devices\Valves\ControlValve\data.bin,10266,Untracked Vision Binary,"Open/modify/save this Vision window/template in an Ignition 8.3 Designer to convert it to XML, then rerun the scanner."
Copy_Of_Plant_Displays_rev2,templates/Buttons/BRA_Analog_Trending,Copy_Of_Plant_Displays_rev2\com.inductiveautomation.vision\templates\Buttons\BRA_Analog_Trending\data.bin,4233,Untracked Vision Binary,"Open/modify/save this Vision window/template in an Ignition 8.3 Designer to convert it to XML, then rerun the scanner."
Copy_Of_Plant_Displays_rev2,templates/Buttons/BRA_Discrete_Trending,Copy_Of_Plant_Displays_rev2\com.inductiveautomation.vision\templates\Buttons\BRA_Discrete_Trending\data.bin,4314,Untracked Vision Binary,"Open/modify/save this Vision window/template in an Ignition 8.3 Designer to convert it to XML, then rerun the scanner."
Copy_Of_Plant_Displays_rev2,templates/Buttons/BRA_PhaseButton,Copy_Of_Plant_Displays_rev2\com.inductiveautomation.vision\templates\Buttons\BRA_PhaseButton\data.bin,5298,Untracked Vision Binary,"Open/modify/save this Vision window/template in an Ignition 8.3 Designer to convert it to XML, then rerun the scanner."
Copy_Of_Plant_Displays_rev2,templates/Buttons/BRA_PhaseButton_TK13,Copy_Of_Plant_Displays_rev2\com.inductiveautomation.vision\templates\Buttons\BRA_PhaseButton_TK13\data.bin,5158,Untracked Vision Binary,"Open/modify/save this Vision window/template in an Ignition 8.3 Designer to convert it to XML, then rerun the scanner."
Copy_Of_Plant_Displays_rev2,templates/Motors/Motor,Copy_Of_Plant_Displays_rev2\com.inductiveautomation.vision\templates\Motors\Motor\data.bin,8169,Untracked Vision Binary,"Open/modify/save this Vision window/template in an Ignition 8.3 Designer to convert it to XML, then rerun the scanner."
Copy_Of_Plant_Displays_rev2,templates/Pumps/Centrifugal Pump,Copy_Of_Plant_Displays_rev2\com.inductiveautomation.vision\templates\Pumps\Centrifugal Pump\data.bin,9141,Untracked Vision Binary,"Open/modify/save this Vision window/template in an Ignition 8.3 Designer to convert it to XML, then rerun the scanner."
Copy_Of_Plant_Displays_rev2,templates/Pumps/Centrifugal Pump_PID,Copy_Of_Plant_Displays_rev2\com.inductiveautomation.vision\templates\Pumps\Centrifugal Pump_PID\data.bin,9303,Untracked Vision Binary,"Open/modify/save this Vision window/template in an Ignition 8.3 Designer to convert it to XML, then rerun the scanner."
Copy_Of_Plant_Displays_rev2,windows/Balance Tank,Copy_Of_Plant_Displays_rev2\com.inductiveautomation.vision\windows\Balance Tank\window.bin,19340,Untracked Vision Binary,"Open/modify/save this Vision window/template in an Ignition 8.3 Designer to convert it to XML, then rerun the scanner."
Copy_Of_Plant_Displays_rev2,windows/LWE-3 PT Schedule,Copy_Of_Plant_Displays_rev2\com.inductiveautomation.vision\windows\LWE-3 PT Schedule\window.bin,5255,Untracked Vision Binary,"Open/modify/save this Vision window/template in an Ignition 8.3 Designer to convert it to XML, then rerun the scanner."
Copy_Of_Plant_Displays_rev2,windows/LWE3 Schedule,Copy_Of_Plant_Displays_rev2\com.inductiveautomation.vision\windows\LWE3 Schedule\window.bin,5771,Untracked Vision Binary,"Open/modify/save this Vision window/template in an Ignition 8.3 Designer to convert it to XML, then rerun the scanner."
Copy_Of_Plant_Displays_rev2,windows/Red Lion Data,Copy_Of_Plant_Displays_rev2\com.inductiveautomation.vision\windows\Red Lion Data\window.bin,2437,Untracked Vision Binary,"Open/modify/save this Vision window/template in an Ignition 8.3 Designer to convert it to XML, then rerun the scanner."
Copy_Of_Plant_Displays_rev2,windows/RedLion Recreated,Copy_Of_Plant_Displays_rev2\com.inductiveautomation.vision\windows\RedLion Recreated\window.bin,3798,Untracked Vision Binary,"Open/modify/save this Vision window/template in an Ignition 8.3 Designer to convert it to XML, then rerun the scanner."
Copy_Of_Plant_Displays_rev2,windows/SSRS Report,Copy_Of_Plant_Displays_rev2\com.inductiveautomation.vision\windows\SSRS Report\window.bin,2310,Untracked Vision Binary,"Open/modify/save this Vision window/template in an Ignition 8.3 Designer to convert it to XML, then rerun the scanner."
Copy_Of_Plant_Displays_rev2,windows/SSRS Report2,Copy_Of_Plant_Displays_rev2\com.inductiveautomation.vision\windows\SSRS Report2\window.bin,2280,Untracked Vision Binary,"Open/modify/save this Vision window/template in an Ignition 8.3 Designer to convert it to XML, then rerun the scanner."
Copy_Of_Plant_Displays_rev2,windows/Vorne XL View,Copy_Of_Plant_Displays_rev2\com.inductiveautomation.vision\windows\Vorne XL View\window.bin,903,Untracked Vision Binary,"Open/modify/save this Vision window/template in an Ignition 8.3 Designer to convert it to XML, then rerun the scanner."
Davids_Test3_The_search_4_Spock,templates/Conveyor Template,Davids_Test3_The_search_4_Spock\com.inductiveautomation.vision\templates\Conveyor Template\droptarget.bin,611,Untracked Vision Binary,"Open/modify/save this Vision window/template in an Ignition 8.3 Designer to convert it to XML, then rerun the scanner."
Davids_Test3_The_search_4_Spock,templates/Conveyor Template,Davids_Test3_The_search_4_Spock\com.inductiveautomation.vision\templates\Conveyor Template\template.bin,4905,Untracked Vision Binary,"Open/modify/save this Vision window/template in an Ignition 8.3 Designer to convert it to XML, then rerun the scanner."
Davids_Test3_The_search_4_Spock,windows/Fish Tank Data History,Davids_Test3_The_search_4_Spock\com.inductiveautomation.vision\windows\Fish Tank Data History\window.bin,3328,Untracked Vision Binary,"Open/modify/save this Vision window/template in an Ignition 8.3 Designer to convert it to XML, then rerun the scanner."
Davids_Test3_The_search_4_Spock,windows/Fish Tank Expanded,Davids_Test3_The_search_4_Spock\com.inductiveautomation.vision\windows\Fish Tank Expanded\window.bin,4133,Untracked Vision Binary,"Open/modify/save this Vision window/template in an Ignition 8.3 Designer to convert it to XML, then rerun the scanner."
Davids_Test3_The_search_4_Spock,windows/Labwork Day 1,Davids_Test3_The_search_4_Spock\com.inductiveautomation.vision\windows\Labwork Day 1\window.bin,6512,Untracked Vision Binary,"Open/modify/save this Vision window/template in an Ignition 8.3 Designer to convert it to XML, then rerun the scanner."
Davids_Test3_The_search_4_Spock,windows/Labwork Day 2,Davids_Test3_The_search_4_Spock\com.inductiveautomation.vision\windows\Labwork Day 2\window.bin,1444,Untracked Vision Binary,"Open/modify/save this Vision window/template in an Ignition 8.3 Designer to convert it to XML, then rerun the scanner."
Davids_Test3_The_search_4_Spock,windows/Main Window,Davids_Test3_The_search_4_Spock\com.inductiveautomation.vision\windows\Main Window\window.bin,8036,Untracked Vision Binary,"Open/modify/save this Vision window/template in an Ignition 8.3 Designer to convert it to XML, then rerun the scanner."
Davids_Test3_The_search_4_Spock,windows/Media Bed Expanded,Davids_Test3_The_search_4_Spock\com.inductiveautomation.vision\windows\Media Bed Expanded\window.bin,4128,Untracked Vision Binary,"Open/modify/save this Vision window/template in an Ignition 8.3 Designer to convert it to XML, then rerun the scanner."
Davids_Test3_The_search_4_Spock,windows/Solids Tank Expanded,Davids_Test3_The_search_4_Spock\com.inductiveautomation.vision\windows\Solids Tank Expanded\window.bin,2106,Untracked Vision Binary,"Open/modify/save this Vision window/template in an Ignition 8.3 Designer to convert it to XML, then rerun the scanner."
Davids_Test3_The_search_4_Spock,windows/Sump Expanded,Davids_Test3_The_search_4_Spock\com.inductiveautomation.vision\windows\Sump Expanded\window.bin,4140,Untracked Vision Binary,"Open/modify/save this Vision window/template in an Ignition 8.3 Designer to convert it to XML, then rerun the scanner."
FW_Diagnostics,windows/Database Connection Pooling,FW_Diagnostics\com.inductiveautomation.vision\windows\Database Connection Pooling\window.bin,3155,Untracked Vision Binary,"Open/modify/save this Vision window/template in an Ignition 8.3 Designer to convert it to XML, then rerun the scanner."
global,templates/APS Devices/Instruments/Conductivity,global\com.inductiveautomation.vision\templates\APS Devices\Instruments\Conductivity\data.bin,3603,Untracked Vision Binary,"Open/modify/save this Vision window/template in an Ignition 8.3 Designer to convert it to XML, then rerun the scanner."
global,templates/APS Devices/Instruments/DigitalIndicator,global\com.inductiveautomation.vision\templates\APS Devices\Instruments\DigitalIndicator\data.bin,3692,Untracked Vision Binary,"Open/modify/save this Vision window/template in an Ignition 8.3 Designer to convert it to XML, then rerun the scanner."
global,templates/APS Devices/Instruments/Flow,global\com.inductiveautomation.vision\templates\APS Devices\Instruments\Flow\data.bin,5790,Untracked Vision Binary,"Open/modify/save this Vision window/template in an Ignition 8.3 Designer to convert it to XML, then rerun the scanner."
global,templates/APS Devices/Instruments/Pressure,global\com.inductiveautomation.vision\templates\APS Devices\Instruments\Pressure\data.bin,4209,Untracked Vision Binary,"Open/modify/save this Vision window/template in an Ignition 8.3 Designer to convert it to XML, then rerun the scanner."
global,templates/APS Devices/Instruments/Temperature,global\com.inductiveautomation.vision\templates\APS Devices\Instruments\Temperature\data.bin,3497,Untracked Vision Binary,"Open/modify/save this Vision window/template in an Ignition 8.3 Designer to convert it to XML, then rerun the scanner."
global,templates/APS Devices/Pumps/Centrifugal,global\com.inductiveautomation.vision\templates\APS Devices\Pumps\Centrifugal\data.bin,9916,Untracked Vision Binary,"Open/modify/save this Vision window/template in an Ignition 8.3 Designer to convert it to XML, then rerun the scanner."
global,templates/APS Devices/Pumps/Diaphragm,global\com.inductiveautomation.vision\templates\APS Devices\Pumps\Diaphragm\data.bin,4773,Untracked Vision Binary,"Open/modify/save this Vision window/template in an Ignition 8.3 Designer to convert it to XML, then rerun the scanner."
global,templates/APS Devices/Pumps/Disconnect,global\com.inductiveautomation.vision\templates\APS Devices\Pumps\Disconnect\data.bin,4979,Untracked Vision Binary,"Open/modify/save this Vision window/template in an Ignition 8.3 Designer to convert it to XML, then rerun the scanner."
global,templates/APS Devices/Pumps/Motor,global\com.inductiveautomation.vision\templates\APS Devices\Pumps\Motor\data.bin,5727,Untracked Vision Binary,"Open/modify/save this Vision window/template in an Ignition 8.3 Designer to convert it to XML, then rerun the scanner."
global,templates/APS Devices/Static/BrazedPlate,global\com.inductiveautomation.vision\templates\APS Devices\Static\BrazedPlate\data.bin,7133,Untracked Vision Binary,"Open/modify/save this Vision window/template in an Ignition 8.3 Designer to convert it to XML, then rerun the scanner."
global,templates/APS Devices/Static/Coil,global\com.inductiveautomation.vision\templates\APS Devices\Static\Coil\data.bin,5586,Untracked Vision Binary,"Open/modify/save this Vision window/template in an Ignition 8.3 Designer to convert it to XML, then rerun the scanner."
global,templates/APS Devices/Static/Filter,global\com.inductiveautomation.vision\templates\APS Devices\Static\Filter\data.bin,3598,Untracked Vision Binary,"Open/modify/save this Vision window/template in an Ignition 8.3 Designer to convert it to XML, then rerun the scanner."
global,templates/APS Devices/Static/PRV,global\com.inductiveautomation.vision\templates\APS Devices\Static\PRV\data.bin,4659,Untracked Vision Binary,"Open/modify/save this Vision window/template in an Ignition 8.3 Designer to convert it to XML, then rerun the scanner."
global,templates/APS Devices/Static/SprayBall,global\com.inductiveautomation.vision\templates\APS Devices\Static\SprayBall\data.bin,2000,Untracked Vision Binary,"Open/modify/save this Vision window/template in an Ignition 8.3 Designer to convert it to XML, then rerun the scanner."
global,templates/APS Devices/Static/SWC,global\com.inductiveautomation.vision\templates\APS Devices\Static\SWC\data.bin,3131,Untracked Vision Binary,"Open/modify/save this Vision window/template in an Ignition 8.3 Designer to convert it to XML, then rerun the scanner."
global,templates/APS Devices/Valves/BallValve,global\com.inductiveautomation.vision\templates\APS Devices\Valves\BallValve\data.bin,7756,Untracked Vision Binary,"Open/modify/save this Vision window/template in an Ignition 8.3 Designer to convert it to XML, then rerun the scanner."
global,templates/APS Devices/Valves/Burkert,global\com.inductiveautomation.vision\templates\APS Devices\Valves\Burkert\data.bin,7059,Untracked Vision Binary,"Open/modify/save this Vision window/template in an Ignition 8.3 Designer to convert it to XML, then rerun the scanner."
global,templates/APS Devices/Valves/ControlValve,global\com.inductiveautomation.vision\templates\APS Devices\Valves\ControlValve\data.bin,10387,Untracked Vision Binary,"Open/modify/save this Vision window/template in an Ignition 8.3 Designer to convert it to XML, then rerun the scanner."
global,templates/APS Devices/Valves/ControlValveSanitary,global\com.inductiveautomation.vision\templates\APS Devices\Valves\ControlValveSanitary\data.bin,7551,Untracked Vision Binary,"Open/modify/save this Vision window/template in an Ignition 8.3 Designer to convert it to XML, then rerun the scanner."
global,templates/APS Devices/Valves/ControlValveSanitaryHor,global\com.inductiveautomation.vision\templates\APS Devices\Valves\ControlValveSanitaryHor\data.bin,7565,Untracked Vision Binary,"Open/modify/save this Vision window/template in an Ignition 8.3 Designer to convert it to XML, then rerun the scanner."
global,templates/APS Devices/Valves/DivertDrain,global\com.inductiveautomation.vision\templates\APS Devices\Valves\DivertDrain\data.bin,7924,Untracked Vision Binary,"Open/modify/save this Vision window/template in an Ignition 8.3 Designer to convert it to XML, then rerun the scanner."
global,templates/APS Devices/Valves/Diverter,global\com.inductiveautomation.vision\templates\APS Devices\Valves\Diverter\droptarget.bin,628,Untracked Vision Binary,"Open/modify/save this Vision window/template in an Ignition 8.3 Designer to convert it to XML, then rerun the scanner."
global,templates/APS Devices/Valves/Diverter,global\com.inductiveautomation.vision\templates\APS Devices\Valves\Diverter\template.bin,5176,Untracked Vision Binary,"Open/modify/save this Vision window/template in an Ignition 8.3 Designer to convert it to XML, then rerun the scanner."
global,templates/APS Devices/Valves/Diverter Mirrored,global\com.inductiveautomation.vision\templates\APS Devices\Valves\Diverter Mirrored\droptarget.bin,628,Untracked Vision Binary,"Open/modify/save this Vision window/template in an Ignition 8.3 Designer to convert it to XML, then rerun the scanner."
global,templates/APS Devices/Valves/Diverter Mirrored,global\com.inductiveautomation.vision\templates\APS Devices\Valves\Diverter Mirrored\template.bin,5178,Untracked Vision Binary,"Open/modify/save this Vision window/template in an Ignition 8.3 Designer to convert it to XML, then rerun the scanner."
global,templates/APS Devices/Valves/Diverter Mirrored_iLO,global\com.inductiveautomation.vision\templates\APS Devices\Valves\Diverter Mirrored_iLO\data.bin,7478,Untracked Vision Binary,"Open/modify/save this Vision window/template in an Ignition 8.3 Designer to convert it to XML, then rerun the scanner."
global,templates/APS Devices/Valves/Double,global\com.inductiveautomation.vision\templates\APS Devices\Valves\Double\data.bin,9171,Untracked Vision Binary,"Open/modify/save this Vision window/template in an Ignition 8.3 Designer to convert it to XML, then rerun the scanner."
global,templates/APS Devices/Valves/PIDLoop,global\com.inductiveautomation.vision\templates\APS Devices\Valves\PIDLoop\data.bin,6018,Untracked Vision Binary,"Open/modify/save this Vision window/template in an Ignition 8.3 Designer to convert it to XML, then rerun the scanner."
global,templates/APS Devices/Valves/Seat,global\com.inductiveautomation.vision\templates\APS Devices\Valves\Seat\data.bin,4167,Untracked Vision Binary,"Open/modify/save this Vision window/template in an Ignition 8.3 Designer to convert it to XML, then rerun the scanner."
global,templates/APS Devices/Valves/Single,global\com.inductiveautomation.vision\templates\APS Devices\Valves\Single\droptarget.bin,629,Untracked Vision Binary,"Open/modify/save this Vision window/template in an Ignition 8.3 Designer to convert it to XML, then rerun the scanner."
global,templates/APS Devices/Valves/Single,global\com.inductiveautomation.vision\templates\APS Devices\Valves\Single\template.bin,5152,Untracked Vision Binary,"Open/modify/save this Vision window/template in an Ignition 8.3 Designer to convert it to XML, then rerun the scanner."
global,templates/APS Devices/Valves/Single_90Bend,global\com.inductiveautomation.vision\templates\APS Devices\Valves\Single_90Bend\data.bin,7389,Untracked Vision Binary,"Open/modify/save this Vision window/template in an Ignition 8.3 Designer to convert it to XML, then rerun the scanner."
global,templates/APS Devices/Valves/Single_90Bend Mirrored,global\com.inductiveautomation.vision\templates\APS Devices\Valves\Single_90Bend Mirrored\data.bin,7304,Untracked Vision Binary,"Open/modify/save this Vision window/template in an Ignition 8.3 Designer to convert it to XML, then rerun the scanner."
global,templates/APS Devices/Valves/Single_iLO,global\com.inductiveautomation.vision\templates\APS Devices\Valves\Single_iLO\data.bin,6894,Untracked Vision Binary,"Open/modify/save this Vision window/template in an Ignition 8.3 Designer to convert it to XML, then rerun the scanner."
global,templates/APS Devices/Valves/Single_Original,global\com.inductiveautomation.vision\templates\APS Devices\Valves\Single_Original\data.bin,7402,Untracked Vision Binary,"Open/modify/save this Vision window/template in an Ignition 8.3 Designer to convert it to XML, then rerun the scanner."
global,templates/BRA Devices/Pumps/Centrifugal,global\com.inductiveautomation.vision\templates\BRA Devices\Pumps\Centrifugal\data.bin,12365,Untracked Vision Binary,"Open/modify/save this Vision window/template in an Ignition 8.3 Designer to convert it to XML, then rerun the scanner."
global,templates/BRA Devices/Pumps/Centrifugal_PIDE,global\com.inductiveautomation.vision\templates\BRA Devices\Pumps\Centrifugal_PIDE\data.bin,9927,Untracked Vision Binary,"Open/modify/save this Vision window/template in an Ignition 8.3 Designer to convert it to XML, then rerun the scanner."
global,templates/BRA Devices/Static/Elbow_NoAnimation,global\com.inductiveautomation.vision\templates\BRA Devices\Static\Elbow_NoAnimation\data.bin,2715,Untracked Vision Binary,"Open/modify/save this Vision window/template in an Ignition 8.3 Designer to convert it to XML, then rerun the scanner."
global,templates/BRA Devices/Static/Nav_Label,global\com.inductiveautomation.vision\templates\BRA Devices\Static\Nav_Label\template.bin,3293,Untracked Vision Binary,"Open/modify/save this Vision window/template in an Ignition 8.3 Designer to convert it to XML, then rerun the scanner."
global,templates/BRA Devices/Static/SprayBall,global\com.inductiveautomation.vision\templates\BRA Devices\Static\SprayBall\data.bin,2727,Untracked Vision Binary,"Open/modify/save this Vision window/template in an Ignition 8.3 Designer to convert it to XML, then rerun the scanner."
global,templates/BRA Devices/Static/Straight_NoAnimation,global\com.inductiveautomation.vision\templates\BRA Devices\Static\Straight_NoAnimation\data.bin,2368,Untracked Vision Binary,"Open/modify/save this Vision window/template in an Ignition 8.3 Designer to convert it to XML, then rerun the scanner."
global,templates/BRA Devices/Static/Tee_NoAnimation,global\com.inductiveautomation.vision\templates\BRA Devices\Static\Tee_NoAnimation\data.bin,2895,Untracked Vision Binary,"Open/modify/save this Vision window/template in an Ignition 8.3 Designer to convert it to XML, then rerun the scanner."
global,templates/BRA Devices/Valves/ControlValve,global\com.inductiveautomation.vision\templates\BRA Devices\Valves\ControlValve\data.bin,10086,Untracked Vision Binary,"Open/modify/save this Vision window/template in an Ignition 8.3 Designer to convert it to XML, then rerun the scanner."
global,templates/BRA Devices/Valves/MixProof Valve,global\com.inductiveautomation.vision\templates\BRA Devices\Valves\MixProof Valve\data.bin,7353,Untracked Vision Binary,"Open/modify/save this Vision window/template in an Ignition 8.3 Designer to convert it to XML, then rerun the scanner."
global,templates/Buttons/BRA_Analog_Trending,global\com.inductiveautomation.vision\templates\Buttons\BRA_Analog_Trending\droptarget.bin,709,Untracked Vision Binary,"Open/modify/save this Vision window/template in an Ignition 8.3 Designer to convert it to XML, then rerun the scanner."
global,templates/Buttons/BRA_Analog_Trending,global\com.inductiveautomation.vision\templates\Buttons\BRA_Analog_Trending\template.bin,2147,Untracked Vision Binary,"Open/modify/save this Vision window/template in an Ignition 8.3 Designer to convert it to XML, then rerun the scanner."
global,templates/Faceplates/Interlocks/Interlock Indicator,global\com.inductiveautomation.vision\templates\Faceplates\Interlocks\Interlock Indicator\template.bin,2672,Untracked Vision Binary,"Open/modify/save this Vision window/template in an Ignition 8.3 Designer to convert it to XML, then rerun the scanner."
global,templates/Job Management/AllocatedTank,global\com.inductiveautomation.vision\templates\Job Management\AllocatedTank\template.bin,15718,Untracked Vision Binary,"Open/modify/save this Vision window/template in an Ignition 8.3 Designer to convert it to XML, then rerun the scanner."
global,templates/Job Management/ChangeJob,global\com.inductiveautomation.vision\templates\Job Management\ChangeJob\template.bin,3930,Untracked Vision Binary,"Open/modify/save this Vision window/template in an Ignition 8.3 Designer to convert it to XML, then rerun the scanner."
global,templates/Job Management/Changeover,global\com.inductiveautomation.vision\templates\Job Management\Changeover\template.bin,3651,Untracked Vision Binary,"Open/modify/save this Vision window/template in an Ignition 8.3 Designer to convert it to XML, then rerun the scanner."
global,templates/Job Management/CIPBadge,global\com.inductiveautomation.vision\templates\Job Management\CIPBadge\template.bin,9020,Untracked Vision Binary,"Open/modify/save this Vision window/template in an Ignition 8.3 Designer to convert it to XML, then rerun the scanner."
global,templates/Job Management/DataAndReceipt,global\com.inductiveautomation.vision\templates\Job Management\DataAndReceipt\template.bin,11676,Untracked Vision Binary,"Open/modify/save this Vision window/template in an Ignition 8.3 Designer to convert it to XML, then rerun the scanner."
global,templates/Job Management/Drum,global\com.inductiveautomation.vision\templates\Job Management\Drum\template.bin,5157,Untracked Vision Binary,"Open/modify/save this Vision window/template in an Ignition 8.3 Designer to convert it to XML, then rerun the scanner."
global,templates/Job Management/HoldingTank,global\com.inductiveautomation.vision\templates\Job Management\HoldingTank\template.bin,7206,Untracked Vision Binary,"Open/modify/save this Vision window/template in an Ignition 8.3 Designer to convert it to XML, then rerun the scanner."
global,templates/Job Management/HoldingTank_Small,global\com.inductiveautomation.vision\templates\Job Management\HoldingTank_Small\template.bin,6850,Untracked Vision Binary,"Open/modify/save this Vision window/template in an Ignition 8.3 Designer to convert it to XML, then rerun the scanner."
global,templates/Job Management/HoldingTankForFilling,global\com.inductiveautomation.vision\templates\Job Management\HoldingTankForFilling\template.bin,5001,Untracked Vision Binary,"Open/modify/save this Vision window/template in an Ignition 8.3 Designer to convert it to XML, then rerun the scanner."
global,templates/Job Management/Schedule Details,global\com.inductiveautomation.vision\templates\Job Management\Schedule Details\template.bin,4267,Untracked Vision Binary,"Open/modify/save this Vision window/template in an Ignition 8.3 Designer to convert it to XML, then rerun the scanner."
global,templates/Job Management/SupervisorApproval,global\com.inductiveautomation.vision\templates\Job Management\SupervisorApproval\template.bin,2687,Untracked Vision Binary,"Open/modify/save this Vision window/template in an Ignition 8.3 Designer to convert it to XML, then rerun the scanner."
global,templates/Job Management/TankAllocation,global\com.inductiveautomation.vision\templates\Job Management\TankAllocation\template.bin,13024,Untracked Vision Binary,"Open/modify/save this Vision window/template in an Ignition 8.3 Designer to convert it to XML, then rerun the scanner."
global,templates/Job Management/TankSelect,global\com.inductiveautomation.vision\templates\Job Management\TankSelect\template.bin,11639,Untracked Vision Binary,"Open/modify/save this Vision window/template in an Ignition 8.3 Designer to convert it to XML, then rerun the scanner."
global,templates/Job Management/TankSelect_Filler3,global\com.inductiveautomation.vision\templates\Job Management\TankSelect_Filler3\template.bin,5035,Untracked Vision Binary,"Open/modify/save this Vision window/template in an Ignition 8.3 Designer to convert it to XML, then rerun the scanner."
global,templates/Job Management/Tote,global\com.inductiveautomation.vision\templates\Job Management\Tote\template.bin,5163,Untracked Vision Binary,"Open/modify/save this Vision window/template in an Ignition 8.3 Designer to convert it to XML, then rerun the scanner."
global,templates/Job Management/Tote_Small,global\com.inductiveautomation.vision\templates\Job Management\Tote_Small\template.bin,4860,Untracked Vision Binary,"Open/modify/save this Vision window/template in an Ignition 8.3 Designer to convert it to XML, then rerun the scanner."
global,templates/Labels/NavigationLabel_v1,global\com.inductiveautomation.vision\templates\Labels\NavigationLabel_v1\template.bin,4221,Untracked Vision Binary,"Open/modify/save this Vision window/template in an Ignition 8.3 Designer to convert it to XML, then rerun the scanner."
global,templates/Labels/NavigationRectangleLabel_v1,global\com.inductiveautomation.vision\templates\Labels\NavigationRectangleLabel_v1\template.bin,2941,Untracked Vision Binary,"Open/modify/save this Vision window/template in an Ignition 8.3 Designer to convert it to XML, then rerun the scanner."
global,templates/Motors/Motor,global\com.inductiveautomation.vision\templates\Motors\Motor\data.bin,8178,Untracked Vision Binary,"Open/modify/save this Vision window/template in an Ignition 8.3 Designer to convert it to XML, then rerun the scanner."
global,templates/Pumps/Centrifugal Pump,global\com.inductiveautomation.vision\templates\Pumps\Centrifugal Pump\droptarget.bin,626,Untracked Vision Binary,"Open/modify/save this Vision window/template in an Ignition 8.3 Designer to convert it to XML, then rerun the scanner."
global,templates/Pumps/Centrifugal Pump,global\com.inductiveautomation.vision\templates\Pumps\Centrifugal Pump\template.bin,4745,Untracked Vision Binary,"Open/modify/save this Vision window/template in an Ignition 8.3 Designer to convert it to XML, then rerun the scanner."
global,templates/Pumps/Centrifugal Pump_PID,global\com.inductiveautomation.vision\templates\Pumps\Centrifugal Pump_PID\droptarget.bin,625,Untracked Vision Binary,"Open/modify/save this Vision window/template in an Ignition 8.3 Designer to convert it to XML, then rerun the scanner."
global,templates/Pumps/Centrifugal Pump_PID,global\com.inductiveautomation.vision\templates\Pumps\Centrifugal Pump_PID\template.bin,4861,Untracked Vision Binary,"Open/modify/save this Vision window/template in an Ignition 8.3 Designer to convert it to XML, then rerun the scanner."
global,templates/SharedTemplates/BRA_Agitator,global\com.inductiveautomation.vision\templates\SharedTemplates\BRA_Agitator\data.bin,10934,Untracked Vision Binary,"Open/modify/save this Vision window/template in an Ignition 8.3 Designer to convert it to XML, then rerun the scanner."
global,templates/SharedTemplates/BRA_AirPump,global\com.inductiveautomation.vision\templates\SharedTemplates\BRA_AirPump\data.bin,6305,Untracked Vision Binary,"Open/modify/save this Vision window/template in an Ignition 8.3 Designer to convert it to XML, then rerun the scanner."
global,templates/SharedTemplates/BRA_BinDischarge_Motor,global\com.inductiveautomation.vision\templates\SharedTemplates\BRA_BinDischarge_Motor\data.bin,7628,Untracked Vision Binary,"Open/modify/save this Vision window/template in an Ignition 8.3 Designer to convert it to XML, then rerun the scanner."
global,templates/SharedTemplates/BRA_BinVib,global\com.inductiveautomation.vision\templates\SharedTemplates\BRA_BinVib\data.bin,8369,Untracked Vision Binary,"Open/modify/save this Vision window/template in an Ignition 8.3 Designer to convert it to XML, then rerun the scanner."
global,templates/SharedTemplates/BRA_BlendMotor,global\com.inductiveautomation.vision\templates\SharedTemplates\BRA_BlendMotor\data.bin,8376,Untracked Vision Binary,"Open/modify/save this Vision window/template in an Ignition 8.3 Designer to convert it to XML, then rerun the scanner."
global,templates/SharedTemplates/BRA_BurstSensor,global\com.inductiveautomation.vision\templates\SharedTemplates\BRA_BurstSensor\data.bin,4661,Untracked Vision Binary,"Open/modify/save this Vision window/template in an Ignition 8.3 Designer to convert it to XML, then rerun the scanner."
global,templates/SharedTemplates/BRA_ControlValveUp,global\com.inductiveautomation.vision\templates\SharedTemplates\BRA_ControlValveUp\data.bin,8254,Untracked Vision Binary,"Open/modify/save this Vision window/template in an Ignition 8.3 Designer to convert it to XML, then rerun the scanner."
global,templates/SharedTemplates/BRA_ControlValveUp_CntrLbl,global\com.inductiveautomation.vision\templates\SharedTemplates\BRA_ControlValveUp_CntrLbl\data.bin,8147,Untracked Vision Binary,"Open/modify/save this Vision window/template in an Ignition 8.3 Designer to convert it to XML, then rerun the scanner."
global,templates/SharedTemplates/BRA_ControlValveUp_CntrLbl_Icon,global\com.inductiveautomation.vision\templates\SharedTemplates\BRA_ControlValveUp_CntrLbl_Icon\template.bin,4210,Untracked Vision Binary,"Open/modify/save this Vision window/template in an Ignition 8.3 Designer to convert it to XML, then rerun the scanner."
global,templates/SharedTemplates/BRA_ControlValveUp_NoScripting,global\com.inductiveautomation.vision\templates\SharedTemplates\BRA_ControlValveUp_NoScripting\data.bin,7597,Untracked Vision Binary,"Open/modify/save this Vision window/template in an Ignition 8.3 Designer to convert it to XML, then rerun the scanner."
global,templates/SharedTemplates/BRA_ControlValveUp_PIDE,global\com.inductiveautomation.vision\templates\SharedTemplates\BRA_ControlValveUp_PIDE\data.bin,10356,Untracked Vision Binary,"Open/modify/save this Vision window/template in an Ignition 8.3 Designer to convert it to XML, then rerun the scanner."
global,templates/SharedTemplates/BRA_DryScale_BinDischarge,global\com.inductiveautomation.vision\templates\SharedTemplates\BRA_DryScale_BinDischarge\data.bin,4899,Untracked Vision Binary,"Open/modify/save this Vision window/template in an Ignition 8.3 Designer to convert it to XML, then rerun the scanner."
global,templates/SharedTemplates/BRA_FlowMeter,global\com.inductiveautomation.vision\templates\SharedTemplates\BRA_FlowMeter\data.bin,9144,Untracked Vision Binary,"Open/modify/save this Vision window/template in an Ignition 8.3 Designer to convert it to XML, then rerun the scanner."
global,templates/SharedTemplates/BRA_FlowMeter_Vertical,global\com.inductiveautomation.vision\templates\SharedTemplates\BRA_FlowMeter_Vertical\data.bin,10461,Untracked Vision Binary,"Open/modify/save this Vision window/template in an Ignition 8.3 Designer to convert it to XML, then rerun the scanner."
global,templates/SharedTemplates/BRA_FS_LS_Left,global\com.inductiveautomation.vision\templates\SharedTemplates\BRA_FS_LS_Left\data.bin,4428,Untracked Vision Binary,"Open/modify/save this Vision window/template in an Ignition 8.3 Designer to convert it to XML, then rerun the scanner."
global,templates/SharedTemplates/BRA_FS_LS_Right,global\com.inductiveautomation.vision\templates\SharedTemplates\BRA_FS_LS_Right\data.bin,4432,Untracked Vision Binary,"Open/modify/save this Vision window/template in an Ignition 8.3 Designer to convert it to XML, then rerun the scanner."
global,templates/SharedTemplates/BRA_FS_LS_Up,global\com.inductiveautomation.vision\templates\SharedTemplates\BRA_FS_LS_Up\data.bin,4458,Untracked Vision Binary,"Open/modify/save this Vision window/template in an Ignition 8.3 Designer to convert it to XML, then rerun the scanner."
global,templates/SharedTemplates/BRA_HeatExchanger_Animated,global\com.inductiveautomation.vision\templates\SharedTemplates\BRA_HeatExchanger_Animated\data.bin,7237,Untracked Vision Binary,"Open/modify/save this Vision window/template in an Ignition 8.3 Designer to convert it to XML, then rerun the scanner."
global,templates/SharedTemplates/BRA_HomoMotor,global\com.inductiveautomation.vision\templates\SharedTemplates\BRA_HomoMotor\data.bin,8106,Untracked Vision Binary,"Open/modify/save this Vision window/template in an Ignition 8.3 Designer to convert it to XML, then rerun the scanner."
global,templates/SharedTemplates/BRA_InlineSifter_Motor,global\com.inductiveautomation.vision\templates\SharedTemplates\BRA_InlineSifter_Motor\data.bin,8177,Untracked Vision Binary,"Open/modify/save this Vision window/template in an Ignition 8.3 Designer to convert it to XML, then rerun the scanner."
global,templates/SharedTemplates/BRA_MagMeter,global\com.inductiveautomation.vision\templates\SharedTemplates\BRA_MagMeter\data.bin,5740,Untracked Vision Binary,"Open/modify/save this Vision window/template in an Ignition 8.3 Designer to convert it to XML, then rerun the scanner."
global,templates/SharedTemplates/BRA_MagMeter_Vertical,global\com.inductiveautomation.vision\templates\SharedTemplates\BRA_MagMeter_Vertical\data.bin,5468,Untracked Vision Binary,"Open/modify/save this Vision window/template in an Ignition 8.3 Designer to convert it to XML, then rerun the scanner."
global,templates/SharedTemplates/BRA_MixproofValve_CustomLabel,global\com.inductiveautomation.vision\templates\SharedTemplates\BRA_MixproofValve_CustomLabel\data.bin,8980,Untracked Vision Binary,"Open/modify/save this Vision window/template in an Ignition 8.3 Designer to convert it to XML, then rerun the scanner."
global,templates/SharedTemplates/BRA_MixproofValve_CustomLabel1,global\com.inductiveautomation.vision\templates\SharedTemplates\BRA_MixproofValve_CustomLabel1\data.bin,9057,Untracked Vision Binary,"Open/modify/save this Vision window/template in an Ignition 8.3 Designer to convert it to XML, then rerun the scanner."
global,templates/SharedTemplates/BRA_MixproofValve_Up,global\com.inductiveautomation.vision\templates\SharedTemplates\BRA_MixproofValve_Up\data.bin,9004,Untracked Vision Binary,"Open/modify/save this Vision window/template in an Ignition 8.3 Designer to convert it to XML, then rerun the scanner."
global,templates/SharedTemplates/BRA_MixproofValveUp_LabelUp,global\com.inductiveautomation.vision\templates\SharedTemplates\BRA_MixproofValveUp_LabelUp\data.bin,8724,Untracked Vision Binary,"Open/modify/save this Vision window/template in an Ignition 8.3 Designer to convert it to XML, then rerun the scanner."
global,templates/SharedTemplates/BRA_MixproofValveUp_LblUp,global\com.inductiveautomation.vision\templates\SharedTemplates\BRA_MixproofValveUp_LblUp\data.bin,8955,Untracked Vision Binary,"Open/modify/save this Vision window/template in an Ignition 8.3 Designer to convert it to XML, then rerun the scanner."
global,templates/SharedTemplates/BRA_Motor_FWD_REV,global\com.inductiveautomation.vision\templates\SharedTemplates\BRA_Motor_FWD_REV\data.bin,8219,Untracked Vision Binary,"Open/modify/save this Vision window/template in an Ignition 8.3 Designer to convert it to XML, then rerun the scanner."
global,templates/SharedTemplates/BRA_NavigationLabel,global\com.inductiveautomation.vision\templates\SharedTemplates\BRA_NavigationLabel\data.bin,4238,Untracked Vision Binary,"Open/modify/save this Vision window/template in an Ignition 8.3 Designer to convert it to XML, then rerun the scanner."
global,templates/SharedTemplates/BRA_Operation,global\com.inductiveautomation.vision\templates\SharedTemplates\BRA_Operation\template.bin,10321,Untracked Vision Binary,"Open/modify/save this Vision window/template in an Ignition 8.3 Designer to convert it to XML, then rerun the scanner."
global,templates/SharedTemplates/BRA_Operation_Button,global\com.inductiveautomation.vision\templates\SharedTemplates\BRA_Operation_Button\data.bin,5590,Untracked Vision Binary,"Open/modify/save this Vision window/template in an Ignition 8.3 Designer to convert it to XML, then rerun the scanner."
global,templates/SharedTemplates/BRA_Operation_Button_CIP,global\com.inductiveautomation.vision\templates\SharedTemplates\BRA_Operation_Button_CIP\data.bin,5253,Untracked Vision Binary,"Open/modify/save this Vision window/template in an Ignition 8.3 Designer to convert it to XML, then rerun the scanner."
global,templates/SharedTemplates/BRA_Operation_Button_Custom,global\com.inductiveautomation.vision\templates\SharedTemplates\BRA_Operation_Button_Custom\data.bin,5513,Untracked Vision Binary,"Open/modify/save this Vision window/template in an Ignition 8.3 Designer to convert it to XML, then rerun the scanner."
global,templates/SharedTemplates/BRA_Operation_Button_Custom_COF_CIP,global\com.inductiveautomation.vision\templates\SharedTemplates\BRA_Operation_Button_Custom_COF_CIP\data.bin,5826,Untracked Vision Binary,"Open/modify/save this Vision window/template in an Ignition 8.3 Designer to convert it to XML, then rerun the scanner."
global,templates/SharedTemplates/BRA_Phase,global\com.inductiveautomation.vision\templates\SharedTemplates\BRA_Phase\data.bin,18440,Untracked Vision Binary,"Open/modify/save this Vision window/template in an Ignition 8.3 Designer to convert it to XML, then rerun the scanner."
global,templates/SharedTemplates/BRA_Phase_Button,global\com.inductiveautomation.vision\templates\SharedTemplates\BRA_Phase_Button\data.bin,5645,Untracked Vision Binary,"Open/modify/save this Vision window/template in an Ignition 8.3 Designer to convert it to XML, then rerun the scanner."
global,templates/SharedTemplates/BRA_Phase_Button_CIP,global\com.inductiveautomation.vision\templates\SharedTemplates\BRA_Phase_Button_CIP\data.bin,5196,Untracked Vision Binary,"Open/modify/save this Vision window/template in an Ignition 8.3 Designer to convert it to XML, then rerun the scanner."
global,templates/SharedTemplates/BRA_Phase_Button_COF_Blend,global\com.inductiveautomation.vision\templates\SharedTemplates\BRA_Phase_Button_COF_Blend\data.bin,5432,Untracked Vision Binary,"Open/modify/save this Vision window/template in an Ignition 8.3 Designer to convert it to XML, then rerun the scanner."
global,templates/SharedTemplates/BRA_Phase_Button_Coffee,global\com.inductiveautomation.vision\templates\SharedTemplates\BRA_Phase_Button_Coffee\data.bin,5194,Untracked Vision Binary,"Open/modify/save this Vision window/template in an Ignition 8.3 Designer to convert it to XML, then rerun the scanner."
global,templates/SharedTemplates/BRA_Phase_Button_Custom,global\com.inductiveautomation.vision\templates\SharedTemplates\BRA_Phase_Button_Custom\data.bin,5428,Untracked Vision Binary,"Open/modify/save this Vision window/template in an Ignition 8.3 Designer to convert it to XML, then rerun the scanner."
global,templates/SharedTemplates/BRA_Phase_Button_HighShear,global\com.inductiveautomation.vision\templates\SharedTemplates\BRA_Phase_Button_HighShear\data.bin,5249,Untracked Vision Binary,"Open/modify/save this Vision window/template in an Ignition 8.3 Designer to convert it to XML, then rerun the scanner."
global,templates/SharedTemplates/BRA_Phase_Button_RO,global\com.inductiveautomation.vision\templates\SharedTemplates\BRA_Phase_Button_RO\data.bin,5208,Untracked Vision Binary,"Open/modify/save this Vision window/template in an Ignition 8.3 Designer to convert it to XML, then rerun the scanner."
global,templates/SharedTemplates/BRA_Phase_Button_TeaBlend,global\com.inductiveautomation.vision\templates\SharedTemplates\BRA_Phase_Button_TeaBlend\data.bin,5186,Untracked Vision Binary,"Open/modify/save this Vision window/template in an Ignition 8.3 Designer to convert it to XML, then rerun the scanner."
global,templates/SharedTemplates/BRA_Phase_Coffee,global\com.inductiveautomation.vision\templates\SharedTemplates\BRA_Phase_Coffee\data.bin,18475,Untracked Vision Binary,"Open/modify/save this Vision window/template in an Ignition 8.3 Designer to convert it to XML, then rerun the scanner."
global,templates/SharedTemplates/BRA_Pipe_Animated,global\com.inductiveautomation.vision\templates\SharedTemplates\BRA_Pipe_Animated\data.bin,2962,Untracked Vision Binary,"Open/modify/save this Vision window/template in an Ignition 8.3 Designer to convert it to XML, then rerun the scanner."
global,templates/SharedTemplates/BRA_Pipe_AnimatedHoriz,global\com.inductiveautomation.vision\templates\SharedTemplates\BRA_Pipe_AnimatedHoriz\data.bin,2910,Untracked Vision Binary,"Open/modify/save this Vision window/template in an Ignition 8.3 Designer to convert it to XML, then rerun the scanner."
global,templates/SharedTemplates/BRA_Pipe_AnimatedHoriz (1),global\com.inductiveautomation.vision\templates\SharedTemplates\BRA_Pipe_AnimatedHoriz (1)\data.bin,2952,Untracked Vision Binary,"Open/modify/save this Vision window/template in an Ignition 8.3 Designer to convert it to XML, then rerun the scanner."
global,templates/SharedTemplates/BRA_Pipe_AnimatedHoriz (1) (1),global\com.inductiveautomation.vision\templates\SharedTemplates\BRA_Pipe_AnimatedHoriz (1) (1)\data.bin,2978,Untracked Vision Binary,"Open/modify/save this Vision window/template in an Ignition 8.3 Designer to convert it to XML, then rerun the scanner."
global,templates/SharedTemplates/BRA_Pipe_AnimatedVert,global\com.inductiveautomation.vision\templates\SharedTemplates\BRA_Pipe_AnimatedVert\data.bin,3189,Untracked Vision Binary,"Open/modify/save this Vision window/template in an Ignition 8.3 Designer to convert it to XML, then rerun the scanner."
global,templates/SharedTemplates/BRA_PipeCross_Animated,global\com.inductiveautomation.vision\templates\SharedTemplates\BRA_PipeCross_Animated\data.bin,3434,Untracked Vision Binary,"Open/modify/save this Vision window/template in an Ignition 8.3 Designer to convert it to XML, then rerun the scanner."
global,templates/SharedTemplates/BRA_PipeElbow_Animated,global\com.inductiveautomation.vision\templates\SharedTemplates\BRA_PipeElbow_Animated\data.bin,3324,Untracked Vision Binary,"Open/modify/save this Vision window/template in an Ignition 8.3 Designer to convert it to XML, then rerun the scanner."
global,templates/SharedTemplates/BRA_PipeElbow_AnimatedBotLeft,global\com.inductiveautomation.vision\templates\SharedTemplates\BRA_PipeElbow_AnimatedBotLeft\data.bin,3292,Untracked Vision Binary,"Open/modify/save this Vision window/template in an Ignition 8.3 Designer to convert it to XML, then rerun the scanner."
global,templates/SharedTemplates/BRA_PipeElbow_AnimatedBotRight,global\com.inductiveautomation.vision\templates\SharedTemplates\BRA_PipeElbow_AnimatedBotRight\data.bin,3302,Untracked Vision Binary,"Open/modify/save this Vision window/template in an Ignition 8.3 Designer to convert it to XML, then rerun the scanner."
global,templates/SharedTemplates/BRA_PipeElbow_AnimatedTopLeft,global\com.inductiveautomation.vision\templates\SharedTemplates\BRA_PipeElbow_AnimatedTopLeft\data.bin,3279,Untracked Vision Binary,"Open/modify/save this Vision window/template in an Ignition 8.3 Designer to convert it to XML, then rerun the scanner."
global,templates/SharedTemplates/BRA_PipeElbow_AnimatedTopRight,global\com.inductiveautomation.vision\templates\SharedTemplates\BRA_PipeElbow_AnimatedTopRight\data.bin,3305,Untracked Vision Binary,"Open/modify/save this Vision window/template in an Ignition 8.3 Designer to convert it to XML, then rerun the scanner."
global,templates/SharedTemplates/BRA_PipeTee_Animated,global\com.inductiveautomation.vision\templates\SharedTemplates\BRA_PipeTee_Animated\data.bin,3262,Untracked Vision Binary,"Open/modify/save this Vision window/template in an Ignition 8.3 Designer to convert it to XML, then rerun the scanner."
global,templates/SharedTemplates/BRA_PipeTee_AnimatedDown,global\com.inductiveautomation.vision\templates\SharedTemplates\BRA_PipeTee_AnimatedDown\data.bin,3266,Untracked Vision Binary,"Open/modify/save this Vision window/template in an Ignition 8.3 Designer to convert it to XML, then rerun the scanner."
global,templates/SharedTemplates/BRA_PipeTee_AnimatedLeft,global\com.inductiveautomation.vision\templates\SharedTemplates\BRA_PipeTee_AnimatedLeft\data.bin,3239,Untracked Vision Binary,"Open/modify/save this Vision window/template in an Ignition 8.3 Designer to convert it to XML, then rerun the scanner."
global,templates/SharedTemplates/BRA_PipeTee_AnimatedRight,global\com.inductiveautomation.vision\templates\SharedTemplates\BRA_PipeTee_AnimatedRight\data.bin,3231,Untracked Vision Binary,"Open/modify/save this Vision window/template in an Ignition 8.3 Designer to convert it to XML, then rerun the scanner."
global,templates/SharedTemplates/BRA_PipeTee_AnimatedUp,global\com.inductiveautomation.vision\templates\SharedTemplates\BRA_PipeTee_AnimatedUp\data.bin,3289,Untracked Vision Binary,"Open/modify/save this Vision window/template in an Ignition 8.3 Designer to convert it to XML, then rerun the scanner."
global,templates/SharedTemplates/BRA_Pump_Left,global\com.inductiveautomation.vision\templates\SharedTemplates\BRA_Pump_Left\data.bin,12161,Untracked Vision Binary,"Open/modify/save this Vision window/template in an Ignition 8.3 Designer to convert it to XML, then rerun the scanner."
global,templates/SharedTemplates/BRA_Pump_Left_Discrete,global\com.inductiveautomation.vision\templates\SharedTemplates\BRA_Pump_Left_Discrete\data.bin,12588,Untracked Vision Binary,"Open/modify/save this Vision window/template in an Ignition 8.3 Designer to convert it to XML, then rerun the scanner."
global,templates/SharedTemplates/BRA_Pump_Left_DualDiscrete,global\com.inductiveautomation.vision\templates\SharedTemplates\BRA_Pump_Left_DualDiscrete\data.bin,12688,Untracked Vision Binary,"Open/modify/save this Vision window/template in an Ignition 8.3 Designer to convert it to XML, then rerun the scanner."
global,templates/SharedTemplates/BRA_Pump_Left_FWD_REV,global\com.inductiveautomation.vision\templates\SharedTemplates\BRA_Pump_Left_FWD_REV\data.bin,12667,Untracked Vision Binary,"Open/modify/save this Vision window/template in an Ignition 8.3 Designer to convert it to XML, then rerun the scanner."
global,templates/SharedTemplates/BRA_Pump_Left_LblUp,global\com.inductiveautomation.vision\templates\SharedTemplates\BRA_Pump_Left_LblUp\data.bin,11805,Untracked Vision Binary,"Open/modify/save this Vision window/template in an Ignition 8.3 Designer to convert it to XML, then rerun the scanner."
global,templates/SharedTemplates/BRA_Pump_Left_PIDE,global\com.inductiveautomation.vision\templates\SharedTemplates\BRA_Pump_Left_PIDE\data.bin,12354,Untracked Vision Binary,"Open/modify/save this Vision window/template in an Ignition 8.3 Designer to convert it to XML, then rerun the scanner."
global,templates/SharedTemplates/BRA_Pump_PositiveDisplacement,global\com.inductiveautomation.vision\templates\SharedTemplates\BRA_Pump_PositiveDisplacement\data.bin,13064,Untracked Vision Binary,"Open/modify/save this Vision window/template in an Ignition 8.3 Designer to convert it to XML, then rerun the scanner."
global,templates/SharedTemplates/BRA_Pump_Right,global\com.inductiveautomation.vision\templates\SharedTemplates\BRA_Pump_Right\data.bin,12486,Untracked Vision Binary,"Open/modify/save this Vision window/template in an Ignition 8.3 Designer to convert it to XML, then rerun the scanner."
global,templates/SharedTemplates/BRA_Pump_Right_Discrete,global\com.inductiveautomation.vision\templates\SharedTemplates\BRA_Pump_Right_Discrete\data.bin,12457,Untracked Vision Binary,"Open/modify/save this Vision window/template in an Ignition 8.3 Designer to convert it to XML, then rerun the scanner."
global,templates/SharedTemplates/BRA_Pump_Right_FWD_REV,global\com.inductiveautomation.vision\templates\SharedTemplates\BRA_Pump_Right_FWD_REV\data.bin,12524,Untracked Vision Binary,"Open/modify/save this Vision window/template in an Ignition 8.3 Designer to convert it to XML, then rerun the scanner."
global,templates/SharedTemplates/BRA_Pump_Right_PIDE,global\com.inductiveautomation.vision\templates\SharedTemplates\BRA_Pump_Right_PIDE\data.bin,12200,Untracked Vision Binary,"Open/modify/save this Vision window/template in an Ignition 8.3 Designer to convert it to XML, then rerun the scanner."
global,templates/SharedTemplates/BRA_Pump_Up,global\com.inductiveautomation.vision\templates\SharedTemplates\BRA_Pump_Up\data.bin,10361,Untracked Vision Binary,"Open/modify/save this Vision window/template in an Ignition 8.3 Designer to convert it to XML, then rerun the scanner."
global,templates/SharedTemplates/BRA_Pump_Up_LblRight,global\com.inductiveautomation.vision\templates\SharedTemplates\BRA_Pump_Up_LblRight\data.bin,12819,Untracked Vision Binary,"Open/modify/save this Vision window/template in an Ignition 8.3 Designer to convert it to XML, then rerun the scanner."
global,templates/SharedTemplates/BRA_Pump_Up_LblRight_FWD_REV,global\com.inductiveautomation.vision\templates\SharedTemplates\BRA_Pump_Up_LblRight_FWD_REV\data.bin,12747,Untracked Vision Binary,"Open/modify/save this Vision window/template in an Ignition 8.3 Designer to convert it to XML, then rerun the scanner."
global,templates/SharedTemplates/BRA_Pump_Up_PIDE,global\com.inductiveautomation.vision\templates\SharedTemplates\BRA_Pump_Up_PIDE\data.bin,10494,Untracked Vision Binary,"Open/modify/save this Vision window/template in an Ignition 8.3 Designer to convert it to XML, then rerun the scanner."
global,templates/SharedTemplates/BRA_SprayBall,global\com.inductiveautomation.vision\templates\SharedTemplates\BRA_SprayBall\data.bin,5497,Untracked Vision Binary,"Open/modify/save this Vision window/template in an Ignition 8.3 Designer to convert it to XML, then rerun the scanner."
global,templates/SharedTemplates/BRA_SprayBall_Animated,global\com.inductiveautomation.vision\templates\SharedTemplates\BRA_SprayBall_Animated\data.bin,5084,Untracked Vision Binary,"Open/modify/save this Vision window/template in an Ignition 8.3 Designer to convert it to XML, then rerun the scanner."
global,templates/SharedTemplates/BRA_SprayBall_New,global\com.inductiveautomation.vision\templates\SharedTemplates\BRA_SprayBall_New\data.bin,5910,Untracked Vision Binary,"Open/modify/save this Vision window/template in an Ignition 8.3 Designer to convert it to XML, then rerun the scanner."
global,templates/SharedTemplates/BRA_SugarBin_Agitator,global\com.inductiveautomation.vision\templates\SharedTemplates\BRA_SugarBin_Agitator\data.bin,5199,Untracked Vision Binary,"Open/modify/save this Vision window/template in an Ignition 8.3 Designer to convert it to XML, then rerun the scanner."
global,templates/SharedTemplates/BRA_SugarBin_SealPurge,global\com.inductiveautomation.vision\templates\SharedTemplates\BRA_SugarBin_SealPurge\data.bin,5220,Untracked Vision Binary,"Open/modify/save this Vision window/template in an Ignition 8.3 Designer to convert it to XML, then rerun the scanner."
global,templates/SharedTemplates/BRA_SugarDischarge,global\com.inductiveautomation.vision\templates\SharedTemplates\BRA_SugarDischarge\data.bin,6610,Untracked Vision Binary,"Open/modify/save this Vision window/template in an Ignition 8.3 Designer to convert it to XML, then rerun the scanner."
global,templates/SharedTemplates/BRA_SugarDischarge2,global\com.inductiveautomation.vision\templates\SharedTemplates\BRA_SugarDischarge2\data.bin,6799,Untracked Vision Binary,"Open/modify/save this Vision window/template in an Ignition 8.3 Designer to convert it to XML, then rerun the scanner."
global,templates/SharedTemplates/BRA_SugarDischarge_REV,global\com.inductiveautomation.vision\templates\SharedTemplates\BRA_SugarDischarge_REV\data.bin,6819,Untracked Vision Binary,"Open/modify/save this Vision window/template in an Ignition 8.3 Designer to convert it to XML, then rerun the scanner."
global,templates/SharedTemplates/BRA_SugarFilter,global\com.inductiveautomation.vision\templates\SharedTemplates\BRA_SugarFilter\data.bin,5966,Untracked Vision Binary,"Open/modify/save this Vision window/template in an Ignition 8.3 Designer to convert it to XML, then rerun the scanner."
global,templates/SharedTemplates/BRA_SugarLumpBreaker,global\com.inductiveautomation.vision\templates\SharedTemplates\BRA_SugarLumpBreaker\data.bin,6129,Untracked Vision Binary,"Open/modify/save this Vision window/template in an Ignition 8.3 Designer to convert it to XML, then rerun the scanner."
global,templates/SharedTemplates/BRA_Tanks,global\com.inductiveautomation.vision\templates\SharedTemplates\BRA_Tanks\data.bin,18325,Untracked Vision Binary,"Open/modify/save this Vision window/template in an Ignition 8.3 Designer to convert it to XML, then rerun the scanner."
global,templates/SharedTemplates/BRA_Totalizer_Button,global\com.inductiveautomation.vision\templates\SharedTemplates\BRA_Totalizer_Button\data.bin,3701,Untracked Vision Binary,"Open/modify/save this Vision window/template in an Ignition 8.3 Designer to convert it to XML, then rerun the scanner."
global,templates/SharedTemplates/BRA_Valve_NoLbl,global\com.inductiveautomation.vision\templates\SharedTemplates\BRA_Valve_NoLbl\data.bin,8663,Untracked Vision Binary,"Open/modify/save this Vision window/template in an Ignition 8.3 Designer to convert it to XML, then rerun the scanner."
global,templates/SharedTemplates/BRA_ValveDown,global\com.inductiveautomation.vision\templates\SharedTemplates\BRA_ValveDown\data.bin,7520,Untracked Vision Binary,"Open/modify/save this Vision window/template in an Ignition 8.3 Designer to convert it to XML, then rerun the scanner."
global,templates/SharedTemplates/BRA_ValveDown_NoScripting,global\com.inductiveautomation.vision\templates\SharedTemplates\BRA_ValveDown_NoScripting\data.bin,6637,Untracked Vision Binary,"Open/modify/save this Vision window/template in an Ignition 8.3 Designer to convert it to XML, then rerun the scanner."
global,templates/SharedTemplates/BRA_ValveLeft,global\com.inductiveautomation.vision\templates\SharedTemplates\BRA_ValveLeft\data.bin,9226,Untracked Vision Binary,"Open/modify/save this Vision window/template in an Ignition 8.3 Designer to convert it to XML, then rerun the scanner."
global,templates/SharedTemplates/BRA_ValveLeft_AnimationCustom,global\com.inductiveautomation.vision\templates\SharedTemplates\BRA_ValveLeft_AnimationCustom\data.bin,9230,Untracked Vision Binary,"Open/modify/save this Vision window/template in an Ignition 8.3 Designer to convert it to XML, then rerun the scanner."
global,templates/SharedTemplates/BRA_ValveLeft_NO,global\com.inductiveautomation.vision\templates\SharedTemplates\BRA_ValveLeft_NO\data.bin,8197,Untracked Vision Binary,"Open/modify/save this Vision window/template in an Ignition 8.3 Designer to convert it to XML, then rerun the scanner."
global,templates/SharedTemplates/BRA_ValveLeft_NoLabel,global\com.inductiveautomation.vision\templates\SharedTemplates\BRA_ValveLeft_NoLabel\data.bin,8536,Untracked Vision Binary,"Open/modify/save this Vision window/template in an Ignition 8.3 Designer to convert it to XML, then rerun the scanner."
global,templates/SharedTemplates/BRA_ValveLeft_NoScripting,global\com.inductiveautomation.vision\templates\SharedTemplates\BRA_ValveLeft_NoScripting\data.bin,8356,Untracked Vision Binary,"Open/modify/save this Vision window/template in an Ignition 8.3 Designer to convert it to XML, then rerun the scanner."
global,templates/SharedTemplates/BRA_ValveLeft_VariableLabel,global\com.inductiveautomation.vision\templates\SharedTemplates\BRA_ValveLeft_VariableLabel\data.bin,7545,Untracked Vision Binary,"Open/modify/save this Vision window/template in an Ignition 8.3 Designer to convert it to XML, then rerun the scanner."
global,templates/SharedTemplates/BRA_ValveRight,global\com.inductiveautomation.vision\templates\SharedTemplates\BRA_ValveRight\data.bin,7358,Untracked Vision Binary,"Open/modify/save this Vision window/template in an Ignition 8.3 Designer to convert it to XML, then rerun the scanner."
global,templates/SharedTemplates/BRA_ValveRight1,global\com.inductiveautomation.vision\templates\SharedTemplates\BRA_ValveRight1\data.bin,9221,Untracked Vision Binary,"Open/modify/save this Vision window/template in an Ignition 8.3 Designer to convert it to XML, then rerun the scanner."
global,templates/SharedTemplates/BRA_ValveRight1_AnimationCustom,global\com.inductiveautomation.vision\templates\SharedTemplates\BRA_ValveRight1_AnimationCustom\data.bin,9279,Untracked Vision Binary,"Open/modify/save this Vision window/template in an Ignition 8.3 Designer to convert it to XML, then rerun the scanner."
global,templates/SharedTemplates/BRA_ValveRight_NoLabel,global\com.inductiveautomation.vision\templates\SharedTemplates\BRA_ValveRight_NoLabel\data.bin,6997,Untracked Vision Binary,"Open/modify/save this Vision window/template in an Ignition 8.3 Designer to convert it to XML, then rerun the scanner."
global,templates/SharedTemplates/BRA_ValveRight_VariableLabel,global\com.inductiveautomation.vision\templates\SharedTemplates\BRA_ValveRight_VariableLabel\data.bin,7461,Untracked Vision Binary,"Open/modify/save this Vision window/template in an Ignition 8.3 Designer to convert it to XML, then rerun the scanner."
global,templates/SharedTemplates/BRA_ValveUp,global\com.inductiveautomation.vision\templates\SharedTemplates\BRA_ValveUp\data.bin,7465,Untracked Vision Binary,"Open/modify/save this Vision window/template in an Ignition 8.3 Designer to convert it to XML, then rerun the scanner."
global,templates/SharedTemplates/BRA_ValveUp (1),global\com.inductiveautomation.vision\templates\SharedTemplates\BRA_ValveUp (1)\data.bin,7437,Untracked Vision Binary,"Open/modify/save this Vision window/template in an Ignition 8.3 Designer to convert it to XML, then rerun the scanner."
global,templates/SharedTemplates/BRA_ValveUp_AnimationCustom,global\com.inductiveautomation.vision\templates\SharedTemplates\BRA_ValveUp_AnimationCustom\data.bin,7445,Untracked Vision Binary,"Open/modify/save this Vision window/template in an Ignition 8.3 Designer to convert it to XML, then rerun the scanner."
global,templates/SharedTemplates/BRA_ValveUp_AnimationCustom1,global\com.inductiveautomation.vision\templates\SharedTemplates\BRA_ValveUp_AnimationCustom1\data.bin,7442,Untracked Vision Binary,"Open/modify/save this Vision window/template in an Ignition 8.3 Designer to convert it to XML, then rerun the scanner."
global,templates/SharedTemplates/BRA_ValveUp_NoLabel,global\com.inductiveautomation.vision\templates\SharedTemplates\BRA_ValveUp_NoLabel\data.bin,7109,Untracked Vision Binary,"Open/modify/save this Vision window/template in an Ignition 8.3 Designer to convert it to XML, then rerun the scanner."
global,templates/SharedTemplates/BRA_ValveUp_NoScripting,global\com.inductiveautomation.vision\templates\SharedTemplates\BRA_ValveUp_NoScripting\data.bin,6616,Untracked Vision Binary,"Open/modify/save this Vision window/template in an Ignition 8.3 Designer to convert it to XML, then rerun the scanner."
global,templates/SharedTemplates/CIP Required Timer,global\com.inductiveautomation.vision\templates\SharedTemplates\CIP Required Timer\template.bin,2345,Untracked Vision Binary,"Open/modify/save this Vision window/template in an Ignition 8.3 Designer to convert it to XML, then rerun the scanner."
global,templates/SharedTemplates/New Template,global\com.inductiveautomation.vision\templates\SharedTemplates\New Template\data.bin,1041,Untracked Vision Binary,"Open/modify/save this Vision window/template in an Ignition 8.3 Designer to convert it to XML, then rerun the scanner."
global,templates/Shick Devices/HOA SS Valve,global\com.inductiveautomation.vision\templates\Shick Devices\HOA SS Valve\template.bin,5726,Untracked Vision Binary,"Open/modify/save this Vision window/template in an Ignition 8.3 Designer to convert it to XML, then rerun the scanner."
global,templates/Symbol Icons/MPVAlarm,global\com.inductiveautomation.vision\templates\Symbol Icons\MPVAlarm\template.bin,2481,Untracked Vision Binary,"Open/modify/save this Vision window/template in an Ignition 8.3 Designer to convert it to XML, then rerun the scanner."
global,templates/Symbol Icons/OperatorMode,global\com.inductiveautomation.vision\templates\Symbol Icons\OperatorMode\template.bin,1789,Untracked Vision Binary,"Open/modify/save this Vision window/template in an Ignition 8.3 Designer to convert it to XML, then rerun the scanner."
global,templates/Symbol Icons/SVAlarm,global\com.inductiveautomation.vision\templates\Symbol Icons\SVAlarm\template.bin,2483,Untracked Vision Binary,"Open/modify/save this Vision window/template in an Ignition 8.3 Designer to convert it to XML, then rerun the scanner."
global,templates/Symbol Icons/VFDAlarm,global\com.inductiveautomation.vision\templates\Symbol Icons\VFDAlarm\template.bin,2484,Untracked Vision Binary,"Open/modify/save this Vision window/template in an Ignition 8.3 Designer to convert it to XML, then rerun the scanner."
global,templates/Symbols/Analog Inputs/LevelTransmitter_v1,global\com.inductiveautomation.vision\templates\Symbols\Analog Inputs\LevelTransmitter_v1\template.bin,2266,Untracked Vision Binary,"Open/modify/save this Vision window/template in an Ignition 8.3 Designer to convert it to XML, then rerun the scanner."
global,templates/Symbols/Analog Inputs/PressureTransmitter_v1,global\com.inductiveautomation.vision\templates\Symbols\Analog Inputs\PressureTransmitter_v1\template.bin,2275,Untracked Vision Binary,"Open/modify/save this Vision window/template in an Ignition 8.3 Designer to convert it to XML, then rerun the scanner."
global,templates/Symbols/Analog Inputs/WeightTransmitter_v1,global\com.inductiveautomation.vision\templates\Symbols\Analog Inputs\WeightTransmitter_v1\template.bin,2269,Untracked Vision Binary,"Open/modify/save this Vision window/template in an Ignition 8.3 Designer to convert it to XML, then rerun the scanner."
global,templates/Symbols/CheckValve_v1,global\com.inductiveautomation.vision\templates\Symbols\CheckValve_v1\template.bin,1071,Untracked Vision Binary,"Open/modify/save this Vision window/template in an Ignition 8.3 Designer to convert it to XML, then rerun the scanner."
global,templates/Symbols/Digital Inputs/DigitalLabel_v1,global\com.inductiveautomation.vision\templates\Symbols\Digital Inputs\DigitalLabel_v1\template.bin,1878,Untracked Vision Binary,"Open/modify/save this Vision window/template in an Ignition 8.3 Designer to convert it to XML, then rerun the scanner."
global,templates/Symbols/Digital Inputs/DigitalLabel_v1 PID,global\com.inductiveautomation.vision\templates\Symbols\Digital Inputs\DigitalLabel_v1 PID\template.bin,2711,Untracked Vision Binary,"Open/modify/save this Vision window/template in an Ignition 8.3 Designer to convert it to XML, then rerun the scanner."
global,templates/Symbols/ManualValve_v1,global\com.inductiveautomation.vision\templates\Symbols\ManualValve_v1\template.bin,3564,Untracked Vision Binary,"Open/modify/save this Vision window/template in an Ignition 8.3 Designer to convert it to XML, then rerun the scanner."
global,templates/Symbols/Pipes/HorizontalPipe,global\com.inductiveautomation.vision\templates\Symbols\Pipes\HorizontalPipe\template.bin,2260,Untracked Vision Binary,"Open/modify/save this Vision window/template in an Ignition 8.3 Designer to convert it to XML, then rerun the scanner."
global,templates/Symbols/Pipes/VerticalPipe,global\com.inductiveautomation.vision\templates\Symbols\Pipes\VerticalPipe\template.bin,2267,Untracked Vision Binary,"Open/modify/save this Vision window/template in an Ignition 8.3 Designer to convert it to XML, then rerun the scanner."
global,windows/Popups/BRA_Alarms,global\com.inductiveautomation.vision\windows\Popups\BRA_Alarms\data.bin,8075,Untracked Vision Binary,"Open/modify/save this Vision window/template in an Ignition 8.3 Designer to convert it to XML, then rerun the scanner."
global,windows/Popups/BRA_Analog_Trending,global\com.inductiveautomation.vision\windows\Popups\BRA_Analog_Trending\data.bin,17846,Untracked Vision Binary,"Open/modify/save this Vision window/template in an Ignition 8.3 Designer to convert it to XML, then rerun the scanner."
global,windows/Popups/BRA_CIP_Passivation,global\com.inductiveautomation.vision\windows\Popups\BRA_CIP_Passivation\data.bin,11826,Untracked Vision Binary,"Open/modify/save this Vision window/template in an Ignition 8.3 Designer to convert it to XML, then rerun the scanner."
global,windows/Popups/BRA_CIP_SequenceViewer,global\com.inductiveautomation.vision\windows\Popups\BRA_CIP_SequenceViewer\data.bin,24603,Untracked Vision Binary,"Open/modify/save this Vision window/template in an Ignition 8.3 Designer to convert it to XML, then rerun the scanner."
global,windows/Popups/BRA_Config_AsepticRecipe,global\com.inductiveautomation.vision\windows\Popups\BRA_Config_AsepticRecipe\window.bin,7248,Untracked Vision Binary,"Open/modify/save this Vision window/template in an Ignition 8.3 Designer to convert it to XML, then rerun the scanner."
global,windows/Popups/BRA_Configuration_CIPRecipe,global\com.inductiveautomation.vision\windows\Popups\BRA_Configuration_CIPRecipe\data.bin,23939,Untracked Vision Binary,"Open/modify/save this Vision window/template in an Ignition 8.3 Designer to convert it to XML, then rerun the scanner."
global,windows/Popups/BRA_Configuration_CIPSequence,global\com.inductiveautomation.vision\windows\Popups\BRA_Configuration_CIPSequence\data.bin,29576,Untracked Vision Binary,"Open/modify/save this Vision window/template in an Ignition 8.3 Designer to convert it to XML, then rerun the scanner."
global,windows/Popups/BRA_ConfigurationSelection,global\com.inductiveautomation.vision\windows\Popups\BRA_ConfigurationSelection\window.bin,3395,Untracked Vision Binary,"Open/modify/save this Vision window/template in an Ignition 8.3 Designer to convert it to XML, then rerun the scanner."
global,windows/Popups/BRA_ControlValve_Faceplate,global\com.inductiveautomation.vision\windows\Popups\BRA_ControlValve_Faceplate\data.bin,16541,Untracked Vision Binary,"Open/modify/save this Vision window/template in an Ignition 8.3 Designer to convert it to XML, then rerun the scanner."
global,windows/Popups/BRA_DiscreteMotor_Faceplate,global\com.inductiveautomation.vision\windows\Popups\BRA_DiscreteMotor_Faceplate\data.bin,14484,Untracked Vision Binary,"Open/modify/save this Vision window/template in an Ignition 8.3 Designer to convert it to XML, then rerun the scanner."
global,windows/Popups/BRA_MixProofSeats_Coffee13,global\com.inductiveautomation.vision\windows\Popups\BRA_MixProofSeats_Coffee13\data.bin,14587,Untracked Vision Binary,"Open/modify/save this Vision window/template in an Ignition 8.3 Designer to convert it to XML, then rerun the scanner."
global,windows/Popups/BRA_MixProofValve_Faceplate_Coffee13,global\com.inductiveautomation.vision\windows\Popups\BRA_MixProofValve_Faceplate_Coffee13\data.bin,15692,Untracked Vision Binary,"Open/modify/save this Vision window/template in an Ignition 8.3 Designer to convert it to XML, then rerun the scanner."
global,windows/Popups/BRA_OpAlarms,global\com.inductiveautomation.vision\windows\Popups\BRA_OpAlarms\data.bin,8741,Untracked Vision Binary,"Open/modify/save this Vision window/template in an Ignition 8.3 Designer to convert it to XML, then rerun the scanner."
global,windows/Popups/BRA_Operation,global\com.inductiveautomation.vision\windows\Popups\BRA_Operation\data.bin,16223,Untracked Vision Binary,"Open/modify/save this Vision window/template in an Ignition 8.3 Designer to convert it to XML, then rerun the scanner."
global,windows/Popups/BRA_Operation_Alarms_CIP2,global\com.inductiveautomation.vision\windows\Popups\BRA_Operation_Alarms_CIP2\data.bin,8922,Untracked Vision Binary,"Open/modify/save this Vision window/template in an Ignition 8.3 Designer to convert it to XML, then rerun the scanner."
global,windows/Popups/BRA_Operation_Alarms_Custom,global\com.inductiveautomation.vision\windows\Popups\BRA_Operation_Alarms_Custom\data.bin,8764,Untracked Vision Binary,"Open/modify/save this Vision window/template in an Ignition 8.3 Designer to convert it to XML, then rerun the scanner."
global,windows/Popups/BRA_Operation_CIP2,global\com.inductiveautomation.vision\windows\Popups\BRA_Operation_CIP2\window.bin,12479,Untracked Vision Binary,"Open/modify/save this Vision window/template in an Ignition 8.3 Designer to convert it to XML, then rerun the scanner."
global,windows/Popups/BRA_Operation_Interlocks,global\com.inductiveautomation.vision\windows\Popups\BRA_Operation_Interlocks\data.bin,9590,Untracked Vision Binary,"Open/modify/save this Vision window/template in an Ignition 8.3 Designer to convert it to XML, then rerun the scanner."
global,windows/Popups/BRA_Operation_Interlocks_CIP2,global\com.inductiveautomation.vision\windows\Popups\BRA_Operation_Interlocks_CIP2\data.bin,10647,Untracked Vision Binary,"Open/modify/save this Vision window/template in an Ignition 8.3 Designer to convert it to XML, then rerun the scanner."
global,windows/Popups/BRA_Operation_Interlocks_Custom,global\com.inductiveautomation.vision\windows\Popups\BRA_Operation_Interlocks_Custom\data.bin,9566,Untracked Vision Binary,"Open/modify/save this Vision window/template in an Ignition 8.3 Designer to convert it to XML, then rerun the scanner."
global,windows/Popups/BRA_Operation_Parameters_CIP2,global\com.inductiveautomation.vision\windows\Popups\BRA_Operation_Parameters_CIP2\data.bin,14465,Untracked Vision Binary,"Open/modify/save this Vision window/template in an Ignition 8.3 Designer to convert it to XML, then rerun the scanner."
global,windows/Popups/BRA_Operation_Parameters_Custom,global\com.inductiveautomation.vision\windows\Popups\BRA_Operation_Parameters_Custom\data.bin,14438,Untracked Vision Binary,"Open/modify/save this Vision window/template in an Ignition 8.3 Designer to convert it to XML, then rerun the scanner."
global,windows/Popups/BRA_Phase,global\com.inductiveautomation.vision\windows\Popups\BRA_Phase\data.bin,12701,Untracked Vision Binary,"Open/modify/save this Vision window/template in an Ignition 8.3 Designer to convert it to XML, then rerun the scanner."
global,windows/Popups/BRA_Phase_Alarms_Custom,global\com.inductiveautomation.vision\windows\Popups\BRA_Phase_Alarms_Custom\data.bin,7402,Untracked Vision Binary,"Open/modify/save this Vision window/template in an Ignition 8.3 Designer to convert it to XML, then rerun the scanner."
global,windows/Popups/BRA_Phase_Alarms_Custom_TK13,global\com.inductiveautomation.vision\windows\Popups\BRA_Phase_Alarms_Custom_TK13\window.bin,4844,Untracked Vision Binary,"Open/modify/save this Vision window/template in an Ignition 8.3 Designer to convert it to XML, then rerun the scanner."
global,windows/Popups/BRA_Phase_CIP,global\com.inductiveautomation.vision\windows\Popups\BRA_Phase_CIP\data.bin,18267,Untracked Vision Binary,"Open/modify/save this Vision window/template in an Ignition 8.3 Designer to convert it to XML, then rerun the scanner."
global,windows/Popups/BRA_Phase_CIP12,global\com.inductiveautomation.vision\windows\Popups\BRA_Phase_CIP12\data.bin,18419,Untracked Vision Binary,"Open/modify/save this Vision window/template in an Ignition 8.3 Designer to convert it to XML, then rerun the scanner."
global,windows/Popups/BRA_Phase_CIP13,global\com.inductiveautomation.vision\windows\Popups\BRA_Phase_CIP13\data.bin,18439,Untracked Vision Binary,"Open/modify/save this Vision window/template in an Ignition 8.3 Designer to convert it to XML, then rerun the scanner."
global,windows/Popups/BRA_Phase_Custom,global\com.inductiveautomation.vision\windows\Popups\BRA_Phase_Custom\window.bin,9876,Untracked Vision Binary,"Open/modify/save this Vision window/template in an Ignition 8.3 Designer to convert it to XML, then rerun the scanner."
global,windows/Popups/BRA_Phase_Custom_TK13,global\com.inductiveautomation.vision\windows\Popups\BRA_Phase_Custom_TK13\window.bin,9347,Untracked Vision Binary,"Open/modify/save this Vision window/template in an Ignition 8.3 Designer to convert it to XML, then rerun the scanner."
global,windows/Popups/BRA_Phase_HighShear,global\com.inductiveautomation.vision\windows\Popups\BRA_Phase_HighShear\window.bin,9942,Untracked Vision Binary,"Open/modify/save this Vision window/template in an Ignition 8.3 Designer to convert it to XML, then rerun the scanner."
global,windows/Popups/BRA_Phase_Interlocks,global\com.inductiveautomation.vision\windows\Popups\BRA_Phase_Interlocks\data.bin,10251,Untracked Vision Binary,"Open/modify/save this Vision window/template in an Ignition 8.3 Designer to convert it to XML, then rerun the scanner."
global,windows/Popups/BRA_Phase_Interlocks_Custom,global\com.inductiveautomation.vision\windows\Popups\BRA_Phase_Interlocks_Custom\data.bin,9131,Untracked Vision Binary,"Open/modify/save this Vision window/template in an Ignition 8.3 Designer to convert it to XML, then rerun the scanner."
global,windows/Popups/BRA_Phase_Interlocks_Custom_TK13,global\com.inductiveautomation.vision\windows\Popups\BRA_Phase_Interlocks_Custom_TK13\window.bin,6402,Untracked Vision Binary,"Open/modify/save this Vision window/template in an Ignition 8.3 Designer to convert it to XML, then rerun the scanner."
global,windows/Popups/BRA_Phase_Parameters,global\com.inductiveautomation.vision\windows\Popups\BRA_Phase_Parameters\window.bin,8678,Untracked Vision Binary,"Open/modify/save this Vision window/template in an Ignition 8.3 Designer to convert it to XML, then rerun the scanner."
global,windows/Popups/BRA_Phase_Parameters_Custom,global\com.inductiveautomation.vision\windows\Popups\BRA_Phase_Parameters_Custom\window.bin,7903,Untracked Vision Binary,"Open/modify/save this Vision window/template in an Ignition 8.3 Designer to convert it to XML, then rerun the scanner."
global,windows/Popups/BRA_Phase_Parameters_Custom_TK13,global\com.inductiveautomation.vision\windows\Popups\BRA_Phase_Parameters_Custom_TK13\window.bin,8542,Untracked Vision Binary,"Open/modify/save this Vision window/template in an Ignition 8.3 Designer to convert it to XML, then rerun the scanner."
global,windows/Popups/BRA_Phase_RO,global\com.inductiveautomation.vision\windows\Popups\BRA_Phase_RO\data.bin,20840,Untracked Vision Binary,"Open/modify/save this Vision window/template in an Ignition 8.3 Designer to convert it to XML, then rerun the scanner."
global,windows/Popups/BRA_Phase_Tk13Transfer,global\com.inductiveautomation.vision\windows\Popups\BRA_Phase_Tk13Transfer\data.bin,19848,Untracked Vision Binary,"Open/modify/save this Vision window/template in an Ignition 8.3 Designer to convert it to XML, then rerun the scanner."
global,windows/Popups/BRA_Phase_Tk5B_Transfer,global\com.inductiveautomation.vision\windows\Popups\BRA_Phase_Tk5B_Transfer\data.bin,19306,Untracked Vision Binary,"Open/modify/save this Vision window/template in an Ignition 8.3 Designer to convert it to XML, then rerun the scanner."
global,windows/Popups/BRA_Phase_TransferLineCIP,global\com.inductiveautomation.vision\windows\Popups\BRA_Phase_TransferLineCIP\data.bin,18284,Untracked Vision Binary,"Open/modify/save this Vision window/template in an Ignition 8.3 Designer to convert it to XML, then rerun the scanner."
global,windows/Popups/BRA_PIDE,global\com.inductiveautomation.vision\windows\Popups\BRA_PIDE\data.bin,17502,Untracked Vision Binary,"Open/modify/save this Vision window/template in an Ignition 8.3 Designer to convert it to XML, then rerun the scanner."
global,windows/Popups/BRA_PIDE_ControlValve,global\com.inductiveautomation.vision\windows\Popups\BRA_PIDE_ControlValve\data.bin,17665,Untracked Vision Binary,"Open/modify/save this Vision window/template in an Ignition 8.3 Designer to convert it to XML, then rerun the scanner."
global,windows/Popups/BRA_PIDE_Pump_Faceplate,global\com.inductiveautomation.vision\windows\Popups\BRA_PIDE_Pump_Faceplate\window.bin,8825,Untracked Vision Binary,"Open/modify/save this Vision window/template in an Ignition 8.3 Designer to convert it to XML, then rerun the scanner."
global,windows/Popups/BRA_PIDE_Trending,global\com.inductiveautomation.vision\windows\Popups\BRA_PIDE_Trending\window.bin,8585,Untracked Vision Binary,"Open/modify/save this Vision window/template in an Ignition 8.3 Designer to convert it to XML, then rerun the scanner."
global,windows/Popups/BRA_PIDE_Valve_Faceplate,global\com.inductiveautomation.vision\windows\Popups\BRA_PIDE_Valve_Faceplate\window.bin,7928,Untracked Vision Binary,"Open/modify/save this Vision window/template in an Ignition 8.3 Designer to convert it to XML, then rerun the scanner."
global,windows/Popups/BRA_Valve_AutoManual_OpenClose_Trending,global\com.inductiveautomation.vision\windows\Popups\BRA_Valve_AutoManual_OpenClose_Trending\data.bin,17939,Untracked Vision Binary,"Open/modify/save this Vision window/template in an Ignition 8.3 Designer to convert it to XML, then rerun the scanner."
global,windows/Popups/BRA_Valve_Faceplate,global\com.inductiveautomation.vision\windows\Popups\BRA_Valve_Faceplate\data.bin,13082,Untracked Vision Binary,"Open/modify/save this Vision window/template in an Ignition 8.3 Designer to convert it to XML, then rerun the scanner."
global,windows/Popups/BRA_VFD_Faceplate,global\com.inductiveautomation.vision\windows\Popups\BRA_VFD_Faceplate\data.bin,15751,Untracked Vision Binary,"Open/modify/save this Vision window/template in an Ignition 8.3 Designer to convert it to XML, then rerun the scanner."
global,windows/Popups/BRA_VFD_FwdRev_Faceplate,global\com.inductiveautomation.vision\windows\Popups\BRA_VFD_FwdRev_Faceplate\data.bin,15678,Untracked Vision Binary,"Open/modify/save this Vision window/template in an Ignition 8.3 Designer to convert it to XML, then rerun the scanner."
global,windows/Popups/BRA_View_AsepticRecipe,global\com.inductiveautomation.vision\windows\Popups\BRA_View_AsepticRecipe\data.bin,18273,Untracked Vision Binary,"Open/modify/save this Vision window/template in an Ignition 8.3 Designer to convert it to XML, then rerun the scanner."
global,windows/Popups/Control Modules/BRA_DMotor,global\com.inductiveautomation.vision\windows\Popups\Control Modules\BRA_DMotor\data.bin,16563,Untracked Vision Binary,"Open/modify/save this Vision window/template in an Ignition 8.3 Designer to convert it to XML, then rerun the scanner."
global,windows/Popups/Control Modules/BRA_DValve,global\com.inductiveautomation.vision\windows\Popups\Control Modules\BRA_DValve\data.bin,8568,Untracked Vision Binary,"Open/modify/save this Vision window/template in an Ignition 8.3 Designer to convert it to XML, then rerun the scanner."
global,windows/Popups/Control Modules/BRA_DValve_Maintenance,global\com.inductiveautomation.vision\windows\Popups\Control Modules\BRA_DValve_Maintenance\data.bin,16027,Untracked Vision Binary,"Open/modify/save this Vision window/template in an Ignition 8.3 Designer to convert it to XML, then rerun the scanner."
global,windows/Popups/Control Modules/BRA_PIDE_Pump,global\com.inductiveautomation.vision\windows\Popups\Control Modules\BRA_PIDE_Pump\window.bin,8872,Untracked Vision Binary,"Open/modify/save this Vision window/template in an Ignition 8.3 Designer to convert it to XML, then rerun the scanner."
global,windows/Popups/Control Modules/BRA_PIDE_Valve,global\com.inductiveautomation.vision\windows\Popups\Control Modules\BRA_PIDE_Valve\window.bin,8193,Untracked Vision Binary,"Open/modify/save this Vision window/template in an Ignition 8.3 Designer to convert it to XML, then rerun the scanner."
global,windows/Popups/Control Modules/BRA_VFD,global\com.inductiveautomation.vision\windows\Popups\Control Modules\BRA_VFD\data.bin,17527,Untracked Vision Binary,"Open/modify/save this Vision window/template in an Ignition 8.3 Designer to convert it to XML, then rerun the scanner."
global,windows/Popups/Faceplates/CV_V1,global\com.inductiveautomation.vision\windows\Popups\Faceplates\CV_V1\window.bin,1656,Untracked Vision Binary,"Open/modify/save this Vision window/template in an Ignition 8.3 Designer to convert it to XML, then rerun the scanner."
global,windows/Popups/Faceplates/MPV_v1,global\com.inductiveautomation.vision\windows\Popups\Faceplates\MPV_v1\window.bin,2263,Untracked Vision Binary,"Open/modify/save this Vision window/template in an Ignition 8.3 Designer to convert it to XML, then rerun the scanner."
global,windows/Popups/Job Management/Filler Schedule,global\com.inductiveautomation.vision\windows\Popups\Job Management\Filler Schedule\window.bin,16053,Untracked Vision Binary,"Open/modify/save this Vision window/template in an Ignition 8.3 Designer to convert it to XML, then rerun the scanner."
global,windows/Popups/Job Management/Filler Schedule_old,global\com.inductiveautomation.vision\windows\Popups\Job Management\Filler Schedule_old\window.bin,7371,Untracked Vision Binary,"Open/modify/save this Vision window/template in an Ignition 8.3 Designer to convert it to XML, then rerun the scanner."
global,windows/Popups/Job Management/Job Schedule,global\com.inductiveautomation.vision\windows\Popups\Job Management\Job Schedule\window.bin,31656,Untracked Vision Binary,"Open/modify/save this Vision window/template in an Ignition 8.3 Designer to convert it to XML, then rerun the scanner."
global,windows/Popups/Job Management/Job Schedule_old,global\com.inductiveautomation.vision\windows\Popups\Job Management\Job Schedule_old\window.bin,8378,Untracked Vision Binary,"Open/modify/save this Vision window/template in an Ignition 8.3 Designer to convert it to XML, then rerun the scanner."
global,windows/Popups/Phase Control and Visualization/BRA_Alarms,global\com.inductiveautomation.vision\windows\Popups\Phase Control and Visualization\BRA_Alarms\data.bin,9064,Untracked Vision Binary,"Open/modify/save this Vision window/template in an Ignition 8.3 Designer to convert it to XML, then rerun the scanner."
global,windows/Popups/Phase Control and Visualization/BRA_Interlocks,global\com.inductiveautomation.vision\windows\Popups\Phase Control and Visualization\BRA_Interlocks\data.bin,9095,Untracked Vision Binary,"Open/modify/save this Vision window/template in an Ignition 8.3 Designer to convert it to XML, then rerun the scanner."
global,windows/Popups/Phase Control and Visualization/BRA_Parameters,global\com.inductiveautomation.vision\windows\Popups\Phase Control and Visualization\BRA_Parameters\data.bin,19541,Untracked Vision Binary,"Open/modify/save this Vision window/template in an Ignition 8.3 Designer to convert it to XML, then rerun the scanner."
global,windows/Popups/Phase Control and Visualization/BRA_Phase,global\com.inductiveautomation.vision\windows\Popups\Phase Control and Visualization\BRA_Phase\data.bin,22441,Untracked Vision Binary,"Open/modify/save this Vision window/template in an Ignition 8.3 Designer to convert it to XML, then rerun the scanner."
global,windows/Popups/Phase Control and Visualization/BRA_Phase_RO,global\com.inductiveautomation.vision\windows\Popups\Phase Control and Visualization\BRA_Phase_RO\data.bin,23828,Untracked Vision Binary,"Open/modify/save this Vision window/template in an Ignition 8.3 Designer to convert it to XML, then rerun the scanner."
global,windows/Popups/Phase Popups/Phase_Messages_v1,global\com.inductiveautomation.vision\windows\Popups\Phase Popups\Phase_Messages_v1\window.bin,5992,Untracked Vision Binary,"Open/modify/save this Vision window/template in an Ignition 8.3 Designer to convert it to XML, then rerun the scanner."
global,windows/Popups/Phase Popups/Phase_Messages_v2,global\com.inductiveautomation.vision\windows\Popups\Phase Popups\Phase_Messages_v2\window.bin,5569,Untracked Vision Binary,"Open/modify/save this Vision window/template in an Ignition 8.3 Designer to convert it to XML, then rerun the scanner."
global,windows/Popups/Phase Popups/Phase_Parameters_Custom_v1,global\com.inductiveautomation.vision\windows\Popups\Phase Popups\Phase_Parameters_Custom_v1\window.bin,9102,Untracked Vision Binary,"Open/modify/save this Vision window/template in an Ignition 8.3 Designer to convert it to XML, then rerun the scanner."
global,windows/Popups/Trending/BRA_Analog_20260303,global\com.inductiveautomation.vision\windows\Popups\Trending\BRA_Analog_20260303\window.bin,8857,Untracked Vision Binary,"Open/modify/save this Vision window/template in an Ignition 8.3 Designer to convert it to XML, then rerun the scanner."
global,windows/Popups/Trending/BRA_Discrete_OLD,global\com.inductiveautomation.vision\windows\Popups\Trending\BRA_Discrete_OLD\window.bin,8987,Untracked Vision Binary,"Open/modify/save this Vision window/template in an Ignition 8.3 Designer to convert it to XML, then rerun the scanner."
global,windows/Popups/Trending/BRA_PIDE_Pump,global\com.inductiveautomation.vision\windows\Popups\Trending\BRA_PIDE_Pump\window.bin,8423,Untracked Vision Binary,"Open/modify/save this Vision window/template in an Ignition 8.3 Designer to convert it to XML, then rerun the scanner."
global,windows/Popups/Trending/BRA_PIDE_Valve,global\com.inductiveautomation.vision\windows\Popups\Trending\BRA_PIDE_Valve\window.bin,8488,Untracked Vision Binary,"Open/modify/save this Vision window/template in an Ignition 8.3 Designer to convert it to XML, then rerun the scanner."
global,windows/Red Lion Data,global\com.inductiveautomation.vision\windows\Red Lion Data\window.bin,2438,Untracked Vision Binary,"Open/modify/save this Vision window/template in an Ignition 8.3 Designer to convert it to XML, then rerun the scanner."
Heartland_Tea,templates/APS Devices/Instruments/Conductivity,Heartland_Tea\com.inductiveautomation.vision\templates\APS Devices\Instruments\Conductivity\data.bin,3603,Untracked Vision Binary,"Open/modify/save this Vision window/template in an Ignition 8.3 Designer to convert it to XML, then rerun the scanner."
Heartland_Tea,templates/APS Devices/Instruments/DigitalIndicator,Heartland_Tea\com.inductiveautomation.vision\templates\APS Devices\Instruments\DigitalIndicator\data.bin,3692,Untracked Vision Binary,"Open/modify/save this Vision window/template in an Ignition 8.3 Designer to convert it to XML, then rerun the scanner."
Heartland_Tea,templates/APS Devices/Instruments/Flow,Heartland_Tea\com.inductiveautomation.vision\templates\APS Devices\Instruments\Flow\data.bin,5790,Untracked Vision Binary,"Open/modify/save this Vision window/template in an Ignition 8.3 Designer to convert it to XML, then rerun the scanner."
Heartland_Tea,templates/APS Devices/Instruments/Pressure,Heartland_Tea\com.inductiveautomation.vision\templates\APS Devices\Instruments\Pressure\data.bin,4209,Untracked Vision Binary,"Open/modify/save this Vision window/template in an Ignition 8.3 Designer to convert it to XML, then rerun the scanner."
Heartland_Tea,templates/APS Devices/Instruments/Temperature,Heartland_Tea\com.inductiveautomation.vision\templates\APS Devices\Instruments\Temperature\data.bin,3497,Untracked Vision Binary,"Open/modify/save this Vision window/template in an Ignition 8.3 Designer to convert it to XML, then rerun the scanner."
Heartland_Tea,templates/APS Devices/Pumps/Centrifugal,Heartland_Tea\com.inductiveautomation.vision\templates\APS Devices\Pumps\Centrifugal\data.bin,9916,Untracked Vision Binary,"Open/modify/save this Vision window/template in an Ignition 8.3 Designer to convert it to XML, then rerun the scanner."
Heartland_Tea,templates/APS Devices/Pumps/Diaphragm,Heartland_Tea\com.inductiveautomation.vision\templates\APS Devices\Pumps\Diaphragm\data.bin,4773,Untracked Vision Binary,"Open/modify/save this Vision window/template in an Ignition 8.3 Designer to convert it to XML, then rerun the scanner."
Heartland_Tea,templates/APS Devices/Pumps/Disconnect,Heartland_Tea\com.inductiveautomation.vision\templates\APS Devices\Pumps\Disconnect\data.bin,4979,Untracked Vision Binary,"Open/modify/save this Vision window/template in an Ignition 8.3 Designer to convert it to XML, then rerun the scanner."
Heartland_Tea,templates/APS Devices/Pumps/Motor,Heartland_Tea\com.inductiveautomation.vision\templates\APS Devices\Pumps\Motor\data.bin,5727,Untracked Vision Binary,"Open/modify/save this Vision window/template in an Ignition 8.3 Designer to convert it to XML, then rerun the scanner."
Heartland_Tea,templates/APS Devices/Static/BrazedPlate,Heartland_Tea\com.inductiveautomation.vision\templates\APS Devices\Static\BrazedPlate\data.bin,7133,Untracked Vision Binary,"Open/modify/save this Vision window/template in an Ignition 8.3 Designer to convert it to XML, then rerun the scanner."
Heartland_Tea,templates/APS Devices/Static/Coil,Heartland_Tea\com.inductiveautomation.vision\templates\APS Devices\Static\Coil\data.bin,5586,Untracked Vision Binary,"Open/modify/save this Vision window/template in an Ignition 8.3 Designer to convert it to XML, then rerun the scanner."
Heartland_Tea,templates/APS Devices/Static/Filter,Heartland_Tea\com.inductiveautomation.vision\templates\APS Devices\Static\Filter\data.bin,3598,Untracked Vision Binary,"Open/modify/save this Vision window/template in an Ignition 8.3 Designer to convert it to XML, then rerun the scanner."
Heartland_Tea,templates/APS Devices/Static/PRV,Heartland_Tea\com.inductiveautomation.vision\templates\APS Devices\Static\PRV\data.bin,4659,Untracked Vision Binary,"Open/modify/save this Vision window/template in an Ignition 8.3 Designer to convert it to XML, then rerun the scanner."
Heartland_Tea,templates/APS Devices/Static/SprayBall,Heartland_Tea\com.inductiveautomation.vision\templates\APS Devices\Static\SprayBall\data.bin,2000,Untracked Vision Binary,"Open/modify/save this Vision window/template in an Ignition 8.3 Designer to convert it to XML, then rerun the scanner."
Heartland_Tea,templates/APS Devices/Static/SWC,Heartland_Tea\com.inductiveautomation.vision\templates\APS Devices\Static\SWC\data.bin,3131,Untracked Vision Binary,"Open/modify/save this Vision window/template in an Ignition 8.3 Designer to convert it to XML, then rerun the scanner."
Heartland_Tea,templates/APS Devices/Valves/BallValve,Heartland_Tea\com.inductiveautomation.vision\templates\APS Devices\Valves\BallValve\data.bin,7756,Untracked Vision Binary,"Open/modify/save this Vision window/template in an Ignition 8.3 Designer to convert it to XML, then rerun the scanner."
Heartland_Tea,templates/APS Devices/Valves/Burkert,Heartland_Tea\com.inductiveautomation.vision\templates\APS Devices\Valves\Burkert\data.bin,7059,Untracked Vision Binary,"Open/modify/save this Vision window/template in an Ignition 8.3 Designer to convert it to XML, then rerun the scanner."
Heartland_Tea,templates/APS Devices/Valves/ControlValve,Heartland_Tea\com.inductiveautomation.vision\templates\APS Devices\Valves\ControlValve\data.bin,10387,Untracked Vision Binary,"Open/modify/save this Vision window/template in an Ignition 8.3 Designer to convert it to XML, then rerun the scanner."
Heartland_Tea,templates/APS Devices/Valves/ControlValveSanitary,Heartland_Tea\com.inductiveautomation.vision\templates\APS Devices\Valves\ControlValveSanitary\data.bin,7551,Untracked Vision Binary,"Open/modify/save this Vision window/template in an Ignition 8.3 Designer to convert it to XML, then rerun the scanner."
Heartland_Tea,templates/APS Devices/Valves/ControlValveSanitaryHor,Heartland_Tea\com.inductiveautomation.vision\templates\APS Devices\Valves\ControlValveSanitaryHor\data.bin,7565,Untracked Vision Binary,"Open/modify/save this Vision window/template in an Ignition 8.3 Designer to convert it to XML, then rerun the scanner."
Heartland_Tea,templates/APS Devices/Valves/DivertDrain,Heartland_Tea\com.inductiveautomation.vision\templates\APS Devices\Valves\DivertDrain\data.bin,7929,Untracked Vision Binary,"Open/modify/save this Vision window/template in an Ignition 8.3 Designer to convert it to XML, then rerun the scanner."
Heartland_Tea,templates/APS Devices/Valves/Diverter,Heartland_Tea\com.inductiveautomation.vision\templates\APS Devices\Valves\Diverter\data.bin,7244,Untracked Vision Binary,"Open/modify/save this Vision window/template in an Ignition 8.3 Designer to convert it to XML, then rerun the scanner."
Heartland_Tea,templates/APS Devices/Valves/Diverter Mirrored,Heartland_Tea\com.inductiveautomation.vision\templates\APS Devices\Valves\Diverter Mirrored\data.bin,7253,Untracked Vision Binary,"Open/modify/save this Vision window/template in an Ignition 8.3 Designer to convert it to XML, then rerun the scanner."
Heartland_Tea,templates/APS Devices/Valves/Double,Heartland_Tea\com.inductiveautomation.vision\templates\APS Devices\Valves\Double\data.bin,8652,Untracked Vision Binary,"Open/modify/save this Vision window/template in an Ignition 8.3 Designer to convert it to XML, then rerun the scanner."
Heartland_Tea,templates/APS Devices/Valves/PIDLoop,Heartland_Tea\com.inductiveautomation.vision\templates\APS Devices\Valves\PIDLoop\data.bin,6018,Untracked Vision Binary,"Open/modify/save this Vision window/template in an Ignition 8.3 Designer to convert it to XML, then rerun the scanner."
Heartland_Tea,templates/APS Devices/Valves/Seat,Heartland_Tea\com.inductiveautomation.vision\templates\APS Devices\Valves\Seat\data.bin,4167,Untracked Vision Binary,"Open/modify/save this Vision window/template in an Ignition 8.3 Designer to convert it to XML, then rerun the scanner."
Heartland_Tea,templates/APS Devices/Valves/Single,Heartland_Tea\com.inductiveautomation.vision\templates\APS Devices\Valves\Single\data.bin,6673,Untracked Vision Binary,"Open/modify/save this Vision window/template in an Ignition 8.3 Designer to convert it to XML, then rerun the scanner."
Heartland_Tea,templates/APS Devices/Valves/Single_90Bend,Heartland_Tea\com.inductiveautomation.vision\templates\APS Devices\Valves\Single_90Bend\data.bin,7389,Untracked Vision Binary,"Open/modify/save this Vision window/template in an Ignition 8.3 Designer to convert it to XML, then rerun the scanner."
Heartland_Tea,templates/APS Devices/Valves/Single_90Bend Mirrored,Heartland_Tea\com.inductiveautomation.vision\templates\APS Devices\Valves\Single_90Bend Mirrored\data.bin,7304,Untracked Vision Binary,"Open/modify/save this Vision window/template in an Ignition 8.3 Designer to convert it to XML, then rerun the scanner."
Heartland_Tea,templates/APS Devices/Valves/Single_Original,Heartland_Tea\com.inductiveautomation.vision\templates\APS Devices\Valves\Single_Original\data.bin,7388,Untracked Vision Binary,"Open/modify/save this Vision window/template in an Ignition 8.3 Designer to convert it to XML, then rerun the scanner."
Heartland_Tea,templates/BRA Devices/Pumps/Centrifugal,Heartland_Tea\com.inductiveautomation.vision\templates\BRA Devices\Pumps\Centrifugal\data.bin,12370,Untracked Vision Binary,"Open/modify/save this Vision window/template in an Ignition 8.3 Designer to convert it to XML, then rerun the scanner."
Heartland_Tea,templates/BRA Devices/Pumps/Centrifugal_PIDE,Heartland_Tea\com.inductiveautomation.vision\templates\BRA Devices\Pumps\Centrifugal_PIDE\data.bin,9927,Untracked Vision Binary,"Open/modify/save this Vision window/template in an Ignition 8.3 Designer to convert it to XML, then rerun the scanner."
Heartland_Tea,templates/BRA Devices/Static/Elbow_NoAnimation,Heartland_Tea\com.inductiveautomation.vision\templates\BRA Devices\Static\Elbow_NoAnimation\data.bin,2715,Untracked Vision Binary,"Open/modify/save this Vision window/template in an Ignition 8.3 Designer to convert it to XML, then rerun the scanner."
Heartland_Tea,templates/BRA Devices/Static/SprayBall,Heartland_Tea\com.inductiveautomation.vision\templates\BRA Devices\Static\SprayBall\data.bin,2727,Untracked Vision Binary,"Open/modify/save this Vision window/template in an Ignition 8.3 Designer to convert it to XML, then rerun the scanner."
Heartland_Tea,templates/BRA Devices/Static/Straight_NoAnimation,Heartland_Tea\com.inductiveautomation.vision\templates\BRA Devices\Static\Straight_NoAnimation\data.bin,2368,Untracked Vision Binary,"Open/modify/save this Vision window/template in an Ignition 8.3 Designer to convert it to XML, then rerun the scanner."
Heartland_Tea,templates/BRA Devices/Static/Tee_NoAnimation,Heartland_Tea\com.inductiveautomation.vision\templates\BRA Devices\Static\Tee_NoAnimation\data.bin,2895,Untracked Vision Binary,"Open/modify/save this Vision window/template in an Ignition 8.3 Designer to convert it to XML, then rerun the scanner."
Heartland_Tea,templates/BRA Devices/Valves/ControlValve,Heartland_Tea\com.inductiveautomation.vision\templates\BRA Devices\Valves\ControlValve\data.bin,10086,Untracked Vision Binary,"Open/modify/save this Vision window/template in an Ignition 8.3 Designer to convert it to XML, then rerun the scanner."
Heartland_Tea,templates/Buttons/BRA_Analog_Trending,Heartland_Tea\com.inductiveautomation.vision\templates\Buttons\BRA_Analog_Trending\data.bin,3763,Untracked Vision Binary,"Open/modify/save this Vision window/template in an Ignition 8.3 Designer to convert it to XML, then rerun the scanner."
Heartland_Tea,templates/Buttons/BRA_Discrete_Trending,Heartland_Tea\com.inductiveautomation.vision\templates\Buttons\BRA_Discrete_Trending\data.bin,3673,Untracked Vision Binary,"Open/modify/save this Vision window/template in an Ignition 8.3 Designer to convert it to XML, then rerun the scanner."
Heartland_Tea,templates/Buttons/BRA_PhaseButton,Heartland_Tea\com.inductiveautomation.vision\templates\Buttons\BRA_PhaseButton\data.bin,5164,Untracked Vision Binary,"Open/modify/save this Vision window/template in an Ignition 8.3 Designer to convert it to XML, then rerun the scanner."
Heartland_Tea,windows/Main Windows/BreddoTank11,Heartland_Tea\com.inductiveautomation.vision\windows\Main Windows\BreddoTank11\window.bin,20400,Untracked Vision Binary,"Open/modify/save this Vision window/template in an Ignition 8.3 Designer to convert it to XML, then rerun the scanner."
Heartland_Tea,windows/Main Windows/CIP1,Heartland_Tea\com.inductiveautomation.vision\windows\Main Windows\CIP1\window.bin,24215,Untracked Vision Binary,"Open/modify/save this Vision window/template in an Ignition 8.3 Designer to convert it to XML, then rerun the scanner."
Heartland_Tea,windows/Main Windows/Navigation_StatusOverview,Heartland_Tea\com.inductiveautomation.vision\windows\Main Windows\Navigation_StatusOverview\data.bin,12151,Untracked Vision Binary,"Open/modify/save this Vision window/template in an Ignition 8.3 Designer to convert it to XML, then rerun the scanner."
Heartland_Tea,windows/Main Windows/Plant CIP Circuit Statuses,Heartland_Tea\com.inductiveautomation.vision\windows\Main Windows\Plant CIP Circuit Statuses\window.bin,32374,Untracked Vision Binary,"Open/modify/save this Vision window/template in an Ignition 8.3 Designer to convert it to XML, then rerun the scanner."
Heartland_Tea,windows/Main Windows/Tea Process,Heartland_Tea\com.inductiveautomation.vision\windows\Main Windows\Tea Process\window.bin,31161,Untracked Vision Binary,"Open/modify/save this Vision window/template in an Ignition 8.3 Designer to convert it to XML, then rerun the scanner."
Heartland_Tea,windows/Popups/BRA_Alarms,Heartland_Tea\com.inductiveautomation.vision\windows\Popups\BRA_Alarms\data.bin,8076,Untracked Vision Binary,"Open/modify/save this Vision window/template in an Ignition 8.3 Designer to convert it to XML, then rerun the scanner."
Heartland_Tea,windows/Popups/BRA_Analog_Trending,Heartland_Tea\com.inductiveautomation.vision\windows\Popups\BRA_Analog_Trending\data.bin,15320,Untracked Vision Binary,"Open/modify/save this Vision window/template in an Ignition 8.3 Designer to convert it to XML, then rerun the scanner."
Heartland_Tea,windows/Popups/BRA_CIP_SequenceViewer,Heartland_Tea\com.inductiveautomation.vision\windows\Popups\BRA_CIP_SequenceViewer\data.bin,23964,Untracked Vision Binary,"Open/modify/save this Vision window/template in an Ignition 8.3 Designer to convert it to XML, then rerun the scanner."
Heartland_Tea,windows/Popups/BRA_Configuration_CIPRecipe,Heartland_Tea\com.inductiveautomation.vision\windows\Popups\BRA_Configuration_CIPRecipe\data.bin,23942,Untracked Vision Binary,"Open/modify/save this Vision window/template in an Ignition 8.3 Designer to convert it to XML, then rerun the scanner."
Heartland_Tea,windows/Popups/BRA_Configuration_CIPSequence,Heartland_Tea\com.inductiveautomation.vision\windows\Popups\BRA_Configuration_CIPSequence\data.bin,29576,Untracked Vision Binary,"Open/modify/save this Vision window/template in an Ignition 8.3 Designer to convert it to XML, then rerun the scanner."
Heartland_Tea,windows/Popups/BRA_DValve_Faceplate_iLO,Heartland_Tea\com.inductiveautomation.vision\windows\Popups\BRA_DValve_Faceplate_iLO\data.bin,13420,Untracked Vision Binary,"Open/modify/save this Vision window/template in an Ignition 8.3 Designer to convert it to XML, then rerun the scanner."
Heartland_Tea,windows/Popups/BRA_DValve_Maint_iLO,Heartland_Tea\com.inductiveautomation.vision\windows\Popups\BRA_DValve_Maint_iLO\data.bin,15973,Untracked Vision Binary,"Open/modify/save this Vision window/template in an Ignition 8.3 Designer to convert it to XML, then rerun the scanner."
Heartland_Tea,windows/Popups/BRA_OP_CIP,Heartland_Tea\com.inductiveautomation.vision\windows\Popups\BRA_OP_CIP\data.bin,11974,Untracked Vision Binary,"Open/modify/save this Vision window/template in an Ignition 8.3 Designer to convert it to XML, then rerun the scanner."
Heartland_Tea,windows/Popups/BRA_OP_Production,Heartland_Tea\com.inductiveautomation.vision\windows\Popups\BRA_OP_Production\data.bin,15649,Untracked Vision Binary,"Open/modify/save this Vision window/template in an Ignition 8.3 Designer to convert it to XML, then rerun the scanner."
Heartland_Tea,windows/Popups/BRA_Operation_Alarms_Custom,Heartland_Tea\com.inductiveautomation.vision\windows\Popups\BRA_Operation_Alarms_Custom\data.bin,8922,Untracked Vision Binary,"Open/modify/save this Vision window/template in an Ignition 8.3 Designer to convert it to XML, then rerun the scanner."
Heartland_Tea,windows/Popups/BRA_Operation_Custom,Heartland_Tea\com.inductiveautomation.vision\windows\Popups\BRA_Operation_Custom\window.bin,11247,Untracked Vision Binary,"Open/modify/save this Vision window/template in an Ignition 8.3 Designer to convert it to XML, then rerun the scanner."
Heartland_Tea,windows/Popups/BRA_Operation_Interlocks_Custom,Heartland_Tea\com.inductiveautomation.vision\windows\Popups\BRA_Operation_Interlocks_Custom\data.bin,10647,Untracked Vision Binary,"Open/modify/save this Vision window/template in an Ignition 8.3 Designer to convert it to XML, then rerun the scanner."
Heartland_Tea,windows/Popups/BRA_Operation_Parameters_Custom,Heartland_Tea\com.inductiveautomation.vision\windows\Popups\BRA_Operation_Parameters_Custom\data.bin,14465,Untracked Vision Binary,"Open/modify/save this Vision window/template in an Ignition 8.3 Designer to convert it to XML, then rerun the scanner."
Heartland_Tea,windows/Popups/BRA_Phase_Custom,Heartland_Tea\com.inductiveautomation.vision\windows\Popups\BRA_Phase_Custom\window.bin,8033,Untracked Vision Binary,"Open/modify/save this Vision window/template in an Ignition 8.3 Designer to convert it to XML, then rerun the scanner."
Heartland_Tea,windows/Popups/BRA_Phase_Interlocks_Custom,Heartland_Tea\com.inductiveautomation.vision\windows\Popups\BRA_Phase_Interlocks_Custom\data.bin,9897,Untracked Vision Binary,"Open/modify/save this Vision window/template in an Ignition 8.3 Designer to convert it to XML, then rerun the scanner."
Heartland_Tea,windows/Popups/BRA_Phase_Parameters_Custom,Heartland_Tea\com.inductiveautomation.vision\windows\Popups\BRA_Phase_Parameters_Custom\data.bin,14280,Untracked Vision Binary,"Open/modify/save this Vision window/template in an Ignition 8.3 Designer to convert it to XML, then rerun the scanner."
Heartland_Tea,windows/Popups/BRA_PIDE_Pump_Faceplate,Heartland_Tea\com.inductiveautomation.vision\windows\Popups\BRA_PIDE_Pump_Faceplate\window.bin,9407,Untracked Vision Binary,"Open/modify/save this Vision window/template in an Ignition 8.3 Designer to convert it to XML, then rerun the scanner."
Heartland_Tea,windows/Popups/BRA_PIDE_Trending,Heartland_Tea\com.inductiveautomation.vision\windows\Popups\BRA_PIDE_Trending\data.bin,21542,Untracked Vision Binary,"Open/modify/save this Vision window/template in an Ignition 8.3 Designer to convert it to XML, then rerun the scanner."
Heartland_Tea,windows/Popups/BRA_PIDE_Trending_Valve_iLO,Heartland_Tea\com.inductiveautomation.vision\windows\Popups\BRA_PIDE_Trending_Valve_iLO\data.bin,20462,Untracked Vision Binary,"Open/modify/save this Vision window/template in an Ignition 8.3 Designer to convert it to XML, then rerun the scanner."
Heartland_Tea,windows/Popups/BRA_PIDE_Valve_Faceplate,Heartland_Tea\com.inductiveautomation.vision\windows\Popups\BRA_PIDE_Valve_Faceplate\window.bin,7940,Untracked Vision Binary,"Open/modify/save this Vision window/template in an Ignition 8.3 Designer to convert it to XML, then rerun the scanner."
Heartland_Tea,windows/Popups/BRA_PIDE_Valve_Faceplate_iLO,Heartland_Tea\com.inductiveautomation.vision\windows\Popups\BRA_PIDE_Valve_Faceplate_iLO\window.bin,8959,Untracked Vision Binary,"Open/modify/save this Vision window/template in an Ignition 8.3 Designer to convert it to XML, then rerun the scanner."
Heartland_Tea,windows/Popups/BRA_TEA_Recipe,Heartland_Tea\com.inductiveautomation.vision\windows\Popups\BRA_TEA_Recipe\data.bin,28578,Untracked Vision Binary,"Open/modify/save this Vision window/template in an Ignition 8.3 Designer to convert it to XML, then rerun the scanner."
Heartland_Tea,windows/Popups/BRA_Valve_AutoManual_OpenClose_Trending,Heartland_Tea\com.inductiveautomation.vision\windows\Popups\BRA_Valve_AutoManual_OpenClose_Trending\data.bin,18591,Untracked Vision Binary,"Open/modify/save this Vision window/template in an Ignition 8.3 Designer to convert it to XML, then rerun the scanner."
Heartland_Tea,windows/Popups/BRA_Valve_AutoManual_OpenClose_Trending_Unused,Heartland_Tea\com.inductiveautomation.vision\windows\Popups\BRA_Valve_AutoManual_OpenClose_Trending_Unused\data.bin,19953,Untracked Vision Binary,"Open/modify/save this Vision window/template in an Ignition 8.3 Designer to convert it to XML, then rerun the scanner."
Heartland_Tea,windows/Popups/BRA_Valve_Faceplate,Heartland_Tea\com.inductiveautomation.vision\windows\Popups\BRA_Valve_Faceplate\data.bin,14250,Untracked Vision Binary,"Open/modify/save this Vision window/template in an Ignition 8.3 Designer to convert it to XML, then rerun the scanner."
Heartland_Tea,windows/Popups/BRA_VFD_Faceplate,Heartland_Tea\com.inductiveautomation.vision\windows\Popups\BRA_VFD_Faceplate\data.bin,17963,Untracked Vision Binary,"Open/modify/save this Vision window/template in an Ignition 8.3 Designer to convert it to XML, then rerun the scanner."
Heartland_Tea,windows/Popups/BRA_VFD_FwdRev_Faceplate,Heartland_Tea\com.inductiveautomation.vision\windows\Popups\BRA_VFD_FwdRev_Faceplate\data.bin,15556,Untracked Vision Binary,"Open/modify/save this Vision window/template in an Ignition 8.3 Designer to convert it to XML, then rerun the scanner."
Heartland_Tea,windows/Popups/Trending/BRA_Analog,Heartland_Tea\com.inductiveautomation.vision\windows\Popups\Trending\BRA_Analog\window.bin,6466,Untracked Vision Binary,"Open/modify/save this Vision window/template in an Ignition 8.3 Designer to convert it to XML, then rerun the scanner."
Heartland_Tea,windows/Popups/Trending/BRA_Discrete,Heartland_Tea\com.inductiveautomation.vision\windows\Popups\Trending\BRA_Discrete\window.bin,6714,Untracked Vision Binary,"Open/modify/save this Vision window/template in an Ignition 8.3 Designer to convert it to XML, then rerun the scanner."
Heartland_Tea,windows/Red Lion Data,Heartland_Tea\com.inductiveautomation.vision\windows\Red Lion Data\window.bin,2438,Untracked Vision Binary,"Open/modify/save this Vision window/template in an Ignition 8.3 Designer to convert it to XML, then rerun the scanner."
Heartland_Tea,windows/User Management/Switch User,Heartland_Tea\com.inductiveautomation.vision\windows\User Management\Switch User\data.bin,8705,Untracked Vision Binary,"Open/modify/save this Vision window/template in an Ignition 8.3 Designer to convert it to XML, then rerun the scanner."
Heartland_UHT,templates/Alarm Count Label,Heartland_UHT\com.inductiveautomation.vision\templates\Alarm Count Label\template.bin,3907,Untracked Vision Binary,"Open/modify/save this Vision window/template in an Ignition 8.3 Designer to convert it to XML, then rerun the scanner."
Heartland_UHT,templates/APS Devices/Instruments/Conductivity,Heartland_UHT\com.inductiveautomation.vision\templates\APS Devices\Instruments\Conductivity\data.bin,3421,Untracked Vision Binary,"Open/modify/save this Vision window/template in an Ignition 8.3 Designer to convert it to XML, then rerun the scanner."
Heartland_UHT,templates/APS Devices/Instruments/DigitalIndicator,Heartland_UHT\com.inductiveautomation.vision\templates\APS Devices\Instruments\DigitalIndicator\data.bin,3692,Untracked Vision Binary,"Open/modify/save this Vision window/template in an Ignition 8.3 Designer to convert it to XML, then rerun the scanner."
Heartland_UHT,templates/APS Devices/Instruments/Flow,Heartland_UHT\com.inductiveautomation.vision\templates\APS Devices\Instruments\Flow\data.bin,5790,Untracked Vision Binary,"Open/modify/save this Vision window/template in an Ignition 8.3 Designer to convert it to XML, then rerun the scanner."
Heartland_UHT,templates/APS Devices/Instruments/Pressure,Heartland_UHT\com.inductiveautomation.vision\templates\APS Devices\Instruments\Pressure\data.bin,4209,Untracked Vision Binary,"Open/modify/save this Vision window/template in an Ignition 8.3 Designer to convert it to XML, then rerun the scanner."
Heartland_UHT,templates/APS Devices/Instruments/Temperature,Heartland_UHT\com.inductiveautomation.vision\templates\APS Devices\Instruments\Temperature\data.bin,3497,Untracked Vision Binary,"Open/modify/save this Vision window/template in an Ignition 8.3 Designer to convert it to XML, then rerun the scanner."
Heartland_UHT,templates/APS Devices/Pumps/Centrifugal,Heartland_UHT\com.inductiveautomation.vision\templates\APS Devices\Pumps\Centrifugal\data.bin,9916,Untracked Vision Binary,"Open/modify/save this Vision window/template in an Ignition 8.3 Designer to convert it to XML, then rerun the scanner."
Heartland_UHT,templates/APS Devices/Pumps/Diaphragm,Heartland_UHT\com.inductiveautomation.vision\templates\APS Devices\Pumps\Diaphragm\data.bin,4773,Untracked Vision Binary,"Open/modify/save this Vision window/template in an Ignition 8.3 Designer to convert it to XML, then rerun the scanner."
Heartland_UHT,templates/APS Devices/Pumps/Disconnect,Heartland_UHT\com.inductiveautomation.vision\templates\APS Devices\Pumps\Disconnect\data.bin,4979,Untracked Vision Binary,"Open/modify/save this Vision window/template in an Ignition 8.3 Designer to convert it to XML, then rerun the scanner."
Heartland_UHT,templates/APS Devices/Pumps/Motor,Heartland_UHT\com.inductiveautomation.vision\templates\APS Devices\Pumps\Motor\data.bin,5727,Untracked Vision Binary,"Open/modify/save this Vision window/template in an Ignition 8.3 Designer to convert it to XML, then rerun the scanner."
Heartland_UHT,templates/APS Devices/Static/BrazedPlate,Heartland_UHT\com.inductiveautomation.vision\templates\APS Devices\Static\BrazedPlate\data.bin,7436,Untracked Vision Binary,"Open/modify/save this Vision window/template in an Ignition 8.3 Designer to convert it to XML, then rerun the scanner."
Heartland_UHT,templates/APS Devices/Static/Coil,Heartland_UHT\com.inductiveautomation.vision\templates\APS Devices\Static\Coil\data.bin,5586,Untracked Vision Binary,"Open/modify/save this Vision window/template in an Ignition 8.3 Designer to convert it to XML, then rerun the scanner."
Heartland_UHT,templates/APS Devices/Static/Filter,Heartland_UHT\com.inductiveautomation.vision\templates\APS Devices\Static\Filter\data.bin,3598,Untracked Vision Binary,"Open/modify/save this Vision window/template in an Ignition 8.3 Designer to convert it to XML, then rerun the scanner."
Heartland_UHT,templates/APS Devices/Static/PRV,Heartland_UHT\com.inductiveautomation.vision\templates\APS Devices\Static\PRV\data.bin,4659,Untracked Vision Binary,"Open/modify/save this Vision window/template in an Ignition 8.3 Designer to convert it to XML, then rerun the scanner."
Heartland_UHT,templates/APS Devices/Static/SprayBall,Heartland_UHT\com.inductiveautomation.vision\templates\APS Devices\Static\SprayBall\data.bin,2000,Untracked Vision Binary,"Open/modify/save this Vision window/template in an Ignition 8.3 Designer to convert it to XML, then rerun the scanner."
Heartland_UHT,templates/APS Devices/Static/SWC,Heartland_UHT\com.inductiveautomation.vision\templates\APS Devices\Static\SWC\data.bin,3131,Untracked Vision Binary,"Open/modify/save this Vision window/template in an Ignition 8.3 Designer to convert it to XML, then rerun the scanner."
Heartland_UHT,templates/APS Devices/Tanks/AST,Heartland_UHT\com.inductiveautomation.vision\templates\APS Devices\Tanks\AST\droptarget.bin,534,Untracked Vision Binary,"Open/modify/save this Vision window/template in an Ignition 8.3 Designer to convert it to XML, then rerun the scanner."
Heartland_UHT,templates/APS Devices/Tanks/AST,Heartland_UHT\com.inductiveautomation.vision\templates\APS Devices\Tanks\AST\template.bin,3559,Untracked Vision Binary,"Open/modify/save this Vision window/template in an Ignition 8.3 Designer to convert it to XML, then rerun the scanner."
Heartland_UHT,templates/APS Devices/Tanks/CondensateTank,Heartland_UHT\com.inductiveautomation.vision\templates\APS Devices\Tanks\CondensateTank\data.bin,2223,Untracked Vision Binary,"Open/modify/save this Vision window/template in an Ignition 8.3 Designer to convert it to XML, then rerun the scanner."
Heartland_UHT,templates/APS Devices/Tanks/ProductTank,Heartland_UHT\com.inductiveautomation.vision\templates\APS Devices\Tanks\ProductTank\data.bin,7460,Untracked Vision Binary,"Open/modify/save this Vision window/template in an Ignition 8.3 Designer to convert it to XML, then rerun the scanner."
Heartland_UHT,templates/APS Devices/Tanks/WaterTank,Heartland_UHT\com.inductiveautomation.vision\templates\APS Devices\Tanks\WaterTank\data.bin,4755,Untracked Vision Binary,"Open/modify/save this Vision window/template in an Ignition 8.3 Designer to convert it to XML, then rerun the scanner."
Heartland_UHT,templates/APS Devices/Valves/BallValve,Heartland_UHT\com.inductiveautomation.vision\templates\APS Devices\Valves\BallValve\data.bin,7756,Untracked Vision Binary,"Open/modify/save this Vision window/template in an Ignition 8.3 Designer to convert it to XML, then rerun the scanner."
Heartland_UHT,templates/APS Devices/Valves/Burkert,Heartland_UHT\com.inductiveautomation.vision\templates\APS Devices\Valves\Burkert\data.bin,7059,Untracked Vision Binary,"Open/modify/save this Vision window/template in an Ignition 8.3 Designer to convert it to XML, then rerun the scanner."
Heartland_UHT,templates/APS Devices/Valves/ControlValve,Heartland_UHT\com.inductiveautomation.vision\templates\APS Devices\Valves\ControlValve\data.bin,10387,Untracked Vision Binary,"Open/modify/save this Vision window/template in an Ignition 8.3 Designer to convert it to XML, then rerun the scanner."
Heartland_UHT,templates/APS Devices/Valves/ControlValveSanitary,Heartland_UHT\com.inductiveautomation.vision\templates\APS Devices\Valves\ControlValveSanitary\data.bin,7551,Untracked Vision Binary,"Open/modify/save this Vision window/template in an Ignition 8.3 Designer to convert it to XML, then rerun the scanner."
Heartland_UHT,templates/APS Devices/Valves/ControlValveSanitaryHor,Heartland_UHT\com.inductiveautomation.vision\templates\APS Devices\Valves\ControlValveSanitaryHor\data.bin,7542,Untracked Vision Binary,"Open/modify/save this Vision window/template in an Ignition 8.3 Designer to convert it to XML, then rerun the scanner."
Heartland_UHT,templates/APS Devices/Valves/DivertDrain,Heartland_UHT\com.inductiveautomation.vision\templates\APS Devices\Valves\DivertDrain\data.bin,7333,Untracked Vision Binary,"Open/modify/save this Vision window/template in an Ignition 8.3 Designer to convert it to XML, then rerun the scanner."
Heartland_UHT,templates/APS Devices/Valves/Diverter,Heartland_UHT\com.inductiveautomation.vision\templates\APS Devices\Valves\Diverter\data.bin,7265,Untracked Vision Binary,"Open/modify/save this Vision window/template in an Ignition 8.3 Designer to convert it to XML, then rerun the scanner."
Heartland_UHT,templates/APS Devices/Valves/Double,Heartland_UHT\com.inductiveautomation.vision\templates\APS Devices\Valves\Double\template.bin,6448,Untracked Vision Binary,"Open/modify/save this Vision window/template in an Ignition 8.3 Designer to convert it to XML, then rerun the scanner."
Heartland_UHT,templates/APS Devices/Valves/PIDLoop,Heartland_UHT\com.inductiveautomation.vision\templates\APS Devices\Valves\PIDLoop\data.bin,6018,Untracked Vision Binary,"Open/modify/save this Vision window/template in an Ignition 8.3 Designer to convert it to XML, then rerun the scanner."
Heartland_UHT,templates/APS Devices/Valves/Seat,Heartland_UHT\com.inductiveautomation.vision\templates\APS Devices\Valves\Seat\data.bin,4167,Untracked Vision Binary,"Open/modify/save this Vision window/template in an Ignition 8.3 Designer to convert it to XML, then rerun the scanner."
Heartland_UHT,templates/APS Devices/Valves/Selector,Heartland_UHT\com.inductiveautomation.vision\templates\APS Devices\Valves\Selector\data.bin,7252,Untracked Vision Binary,"Open/modify/save this Vision window/template in an Ignition 8.3 Designer to convert it to XML, then rerun the scanner."
Heartland_UHT,templates/APS Devices/Valves/Single,Heartland_UHT\com.inductiveautomation.vision\templates\APS Devices\Valves\Single\droptarget.bin,520,Untracked Vision Binary,"Open/modify/save this Vision window/template in an Ignition 8.3 Designer to convert it to XML, then rerun the scanner."
Heartland_UHT,templates/APS Devices/Valves/Single,Heartland_UHT\com.inductiveautomation.vision\templates\APS Devices\Valves\Single\template.bin,5619,Untracked Vision Binary,"Open/modify/save this Vision window/template in an Ignition 8.3 Designer to convert it to XML, then rerun the scanner."
Heartland_UHT,templates/RoleRequired,Heartland_UHT\com.inductiveautomation.vision\templates\RoleRequired\template.bin,1764,Untracked Vision Binary,"Open/modify/save this Vision window/template in an Ignition 8.3 Designer to convert it to XML, then rerun the scanner."
Heartland_UHT,windows/About,Heartland_UHT\com.inductiveautomation.vision\windows\About\window.bin,16082,Untracked Vision Binary,"Open/modify/save this Vision window/template in an Ignition 8.3 Designer to convert it to XML, then rerun the scanner."
Heartland_UHT,windows/Alarms/Alarm Status,Heartland_UHT\com.inductiveautomation.vision\windows\Alarms\Alarm Status\data.bin,3956,Untracked Vision Binary,"Open/modify/save this Vision window/template in an Ignition 8.3 Designer to convert it to XML, then rerun the scanner."
Heartland_UHT,windows/Header,Heartland_UHT\com.inductiveautomation.vision\windows\Header\window.bin,9988,Untracked Vision Binary,"Open/modify/save this Vision window/template in an Ignition 8.3 Designer to convert it to XML, then rerun the scanner."
Heartland_UHT,windows/Main Windows/Air Skid,Heartland_UHT\com.inductiveautomation.vision\windows\Main Windows\Air Skid\window.bin,14634,Untracked Vision Binary,"Open/modify/save this Vision window/template in an Ignition 8.3 Designer to convert it to XML, then rerun the scanner."
Heartland_UHT,windows/Main Windows/Alarm Summary,Heartland_UHT\com.inductiveautomation.vision\windows\Main Windows\Alarm Summary\window.bin,2898,Untracked Vision Binary,"Open/modify/save this Vision window/template in an Ignition 8.3 Designer to convert it to XML, then rerun the scanner."
Heartland_UHT,windows/Main Windows/AST 2,Heartland_UHT\com.inductiveautomation.vision\windows\Main Windows\AST 2\window.bin,13768,Untracked Vision Binary,"Open/modify/save this Vision window/template in an Ignition 8.3 Designer to convert it to XML, then rerun the scanner."
Heartland_UHT,windows/Main Windows/CIP Control,Heartland_UHT\com.inductiveautomation.vision\windows\Main Windows\CIP Control\window.bin,24703,Untracked Vision Binary,"Open/modify/save this Vision window/template in an Ignition 8.3 Designer to convert it to XML, then rerun the scanner."
Heartland_UHT,windows/Main Windows/CIP Recipe Management,Heartland_UHT\com.inductiveautomation.vision\windows\Main Windows\CIP Recipe Management\window.bin,19333,Untracked Vision Binary,"Open/modify/save this Vision window/template in an Ignition 8.3 Designer to convert it to XML, then rerun the scanner."
Heartland_UHT,windows/Main Windows/Coolers,Heartland_UHT\com.inductiveautomation.vision\windows\Main Windows\Coolers\window.bin,12140,Untracked Vision Binary,"Open/modify/save this Vision window/template in an Ignition 8.3 Designer to convert it to XML, then rerun the scanner."
Heartland_UHT,windows/Main Windows/Filler 3 Steam Blocks,Heartland_UHT\com.inductiveautomation.vision\windows\Main Windows\Filler 3 Steam Blocks\data.bin,41041,Untracked Vision Binary,"Open/modify/save this Vision window/template in an Ignition 8.3 Designer to convert it to XML, then rerun the scanner."
Heartland_UHT,windows/Main Windows/Heaters,Heartland_UHT\com.inductiveautomation.vision\windows\Main Windows\Heaters\window.bin,11827,Untracked Vision Binary,"Open/modify/save this Vision window/template in an Ignition 8.3 Designer to convert it to XML, then rerun the scanner."
Heartland_UHT,windows/Main Windows/historian,Heartland_UHT\com.inductiveautomation.vision\windows\Main Windows\historian\data.bin,2719,Untracked Vision Binary,"Open/modify/save this Vision window/template in an Ignition 8.3 Designer to convert it to XML, then rerun the scanner."
Heartland_UHT,windows/Main Windows/History,Heartland_UHT\com.inductiveautomation.vision\windows\Main Windows\History\window.bin,5064,Untracked Vision Binary,"Open/modify/save this Vision window/template in an Ignition 8.3 Designer to convert it to XML, then rerun the scanner."
Heartland_UHT,windows/Main Windows/History2,Heartland_UHT\com.inductiveautomation.vision\windows\Main Windows\History2\window.bin,4177,Untracked Vision Binary,"Open/modify/save this Vision window/template in an Ignition 8.3 Designer to convert it to XML, then rerun the scanner."
Heartland_UHT,windows/Main Windows/Main Menu,Heartland_UHT\com.inductiveautomation.vision\windows\Main Windows\Main Menu\window.bin,1036,Untracked Vision Binary,"Open/modify/save this Vision window/template in an Ignition 8.3 Designer to convert it to XML, then rerun the scanner."
Heartland_UHT,windows/Main Windows/Steam Block Overview,Heartland_UHT\com.inductiveautomation.vision\windows\Main Windows\Steam Block Overview\window.bin,11038,Untracked Vision Binary,"Open/modify/save this Vision window/template in an Ignition 8.3 Designer to convert it to XML, then rerun the scanner."
Heartland_UHT,windows/Main Windows/Steam Blocks 1,Heartland_UHT\com.inductiveautomation.vision\windows\Main Windows\Steam Blocks 1\window.bin,17001,Untracked Vision Binary,"Open/modify/save this Vision window/template in an Ignition 8.3 Designer to convert it to XML, then rerun the scanner."
Heartland_UHT,windows/Main Windows/Steam Blocks 2,Heartland_UHT\com.inductiveautomation.vision\windows\Main Windows\Steam Blocks 2\window.bin,17355,Untracked Vision Binary,"Open/modify/save this Vision window/template in an Ignition 8.3 Designer to convert it to XML, then rerun the scanner."
Heartland_UHT,windows/Main Windows/Sterile Regen,Heartland_UHT\com.inductiveautomation.vision\windows\Main Windows\Sterile Regen\window.bin,11834,Untracked Vision Binary,"Open/modify/save this Vision window/template in an Ignition 8.3 Designer to convert it to XML, then rerun the scanner."
Heartland_UHT,windows/Main Windows/Test,Heartland_UHT\com.inductiveautomation.vision\windows\Main Windows\Test\data.bin,11505,Untracked Vision Binary,"Open/modify/save this Vision window/template in an Ignition 8.3 Designer to convert it to XML, then rerun the scanner."
Heartland_UHT,windows/Main Windows/Timing Pump,Heartland_UHT\com.inductiveautomation.vision\windows\Main Windows\Timing Pump\window.bin,10920,Untracked Vision Binary,"Open/modify/save this Vision window/template in an Ignition 8.3 Designer to convert it to XML, then rerun the scanner."
Heartland_UHT,windows/Main Windows/User Management,Heartland_UHT\com.inductiveautomation.vision\windows\Main Windows\User Management\window.bin,4964,Untracked Vision Binary,"Open/modify/save this Vision window/template in an Ignition 8.3 Designer to convert it to XML, then rerun the scanner."
Heartland_UHT,windows/Popups/AST1_CIP_Req,Heartland_UHT\com.inductiveautomation.vision\windows\Popups\AST1_CIP_Req\window.bin,4349,Untracked Vision Binary,"Open/modify/save this Vision window/template in an Ignition 8.3 Designer to convert it to XML, then rerun the scanner."
Heartland_UHT,windows/Popups/AST1_Start_Req,Heartland_UHT\com.inductiveautomation.vision\windows\Popups\AST1_Start_Req\window.bin,4973,Untracked Vision Binary,"Open/modify/save this Vision window/template in an Ignition 8.3 Designer to convert it to XML, then rerun the scanner."
Heartland_UHT,windows/Popups/AST1_Sterilization_Req,Heartland_UHT\com.inductiveautomation.vision\windows\Popups\AST1_Sterilization_Req\window.bin,7273,Untracked Vision Binary,"Open/modify/save this Vision window/template in an Ignition 8.3 Designer to convert it to XML, then rerun the scanner."
Heartland_UHT,windows/Popups/AST2_CIP_Req,Heartland_UHT\com.inductiveautomation.vision\windows\Popups\AST2_CIP_Req\window.bin,4362,Untracked Vision Binary,"Open/modify/save this Vision window/template in an Ignition 8.3 Designer to convert it to XML, then rerun the scanner."
Heartland_UHT,windows/Popups/AST2_Start_Req,Heartland_UHT\com.inductiveautomation.vision\windows\Popups\AST2_Start_Req\window.bin,4850,Untracked Vision Binary,"Open/modify/save this Vision window/template in an Ignition 8.3 Designer to convert it to XML, then rerun the scanner."
Heartland_UHT,windows/Popups/AST2_Sterilization_Req,Heartland_UHT\com.inductiveautomation.vision\windows\Popups\AST2_Sterilization_Req\window.bin,7632,Untracked Vision Binary,"Open/modify/save this Vision window/template in an Ignition 8.3 Designer to convert it to XML, then rerun the scanner."
Heartland_UHT,windows/Popups/Create Recipe,Heartland_UHT\com.inductiveautomation.vision\windows\Popups\Create Recipe\window.bin,3617,Untracked Vision Binary,"Open/modify/save this Vision window/template in an Ignition 8.3 Designer to convert it to XML, then rerun the scanner."
Heartland_UHT,windows/Popups/Edit Recipe,Heartland_UHT\com.inductiveautomation.vision\windows\Popups\Edit Recipe\window.bin,4073,Untracked Vision Binary,"Open/modify/save this Vision window/template in an Ignition 8.3 Designer to convert it to XML, then rerun the scanner."
Heartland_UHT,windows/Popups/FIL3_CIP_Req,Heartland_UHT\com.inductiveautomation.vision\windows\Popups\FIL3_CIP_Req\window.bin,3447,Untracked Vision Binary,"Open/modify/save this Vision window/template in an Ignition 8.3 Designer to convert it to XML, then rerun the scanner."
Heartland_UHT,windows/Popups/FIL3_Sterilization_Req,Heartland_UHT\com.inductiveautomation.vision\windows\Popups\FIL3_Sterilization_Req\window.bin,5298,Untracked Vision Binary,"Open/modify/save this Vision window/template in an Ignition 8.3 Designer to convert it to XML, then rerun the scanner."
Heartland_UHT,windows/Popups/HOA,Heartland_UHT\com.inductiveautomation.vision\windows\Popups\HOA\window.bin,4107,Untracked Vision Binary,"Open/modify/save this Vision window/template in an Ignition 8.3 Designer to convert it to XML, then rerun the scanner."
Heartland_UHT,windows/Popups/HUS,Heartland_UHT\com.inductiveautomation.vision\windows\Popups\HUS\window.bin,4310,Untracked Vision Binary,"Open/modify/save this Vision window/template in an Ignition 8.3 Designer to convert it to XML, then rerun the scanner."
Heartland_UHT,windows/Popups/PID,Heartland_UHT\com.inductiveautomation.vision\windows\Popups\PID\window.bin,7286,Untracked Vision Binary,"Open/modify/save this Vision window/template in an Ignition 8.3 Designer to convert it to XML, then rerun the scanner."
Heartland_UHT,windows/Popups/Popup,Heartland_UHT\com.inductiveautomation.vision\windows\Popups\Popup\data.bin,4479,Untracked Vision Binary,"Open/modify/save this Vision window/template in an Ignition 8.3 Designer to convert it to XML, then rerun the scanner."
Heartland_UHT,windows/Popups/Remove Forces,Heartland_UHT\com.inductiveautomation.vision\windows\Popups\Remove Forces\window.bin,4835,Untracked Vision Binary,"Open/modify/save this Vision window/template in an Ignition 8.3 Designer to convert it to XML, then rerun the scanner."
Heartland_UHT,windows/Popups/Simulation,Heartland_UHT\com.inductiveautomation.vision\windows\Popups\Simulation\data.bin,42559,Untracked Vision Binary,"Open/modify/save this Vision window/template in an Ignition 8.3 Designer to convert it to XML, then rerun the scanner."
Heartland_UHT,windows/Popups/UHT1_Flush_Req,Heartland_UHT\com.inductiveautomation.vision\windows\Popups\UHT1_Flush_Req\window.bin,3661,Untracked Vision Binary,"Open/modify/save this Vision window/template in an Ignition 8.3 Designer to convert it to XML, then rerun the scanner."
Heartland_UHT,windows/Popups/UHT1_Start_Req,Heartland_UHT\com.inductiveautomation.vision\windows\Popups\UHT1_Start_Req\window.bin,3774,Untracked Vision Binary,"Open/modify/save this Vision window/template in an Ignition 8.3 Designer to convert it to XML, then rerun the scanner."
Heartland_UHT,windows/Popups/UHT1_Start_WP_Req,Heartland_UHT\com.inductiveautomation.vision\windows\Popups\UHT1_Start_WP_Req\window.bin,3952,Untracked Vision Binary,"Open/modify/save this Vision window/template in an Ignition 8.3 Designer to convert it to XML, then rerun the scanner."
Heartland_UHT,windows/User Management/Switch User,Heartland_UHT\com.inductiveautomation.vision\windows\User Management\Switch User\data.bin,8705,Untracked Vision Binary,"Open/modify/save this Vision window/template in an Ignition 8.3 Designer to convert it to XML, then rerun the scanner."
HFG_CIP,templates/Alarm Count Label,HFG_CIP\com.inductiveautomation.vision\templates\Alarm Count Label\data.bin,4619,Untracked Vision Binary,"Open/modify/save this Vision window/template in an Ignition 8.3 Designer to convert it to XML, then rerun the scanner."
HFG_CIP,templates/Buttons/BRA_Analog_Trending,HFG_CIP\com.inductiveautomation.vision\templates\Buttons\BRA_Analog_Trending\droptarget.bin,712,Untracked Vision Binary,"Open/modify/save this Vision window/template in an Ignition 8.3 Designer to convert it to XML, then rerun the scanner."
HFG_CIP,templates/Buttons/BRA_Analog_Trending,HFG_CIP\com.inductiveautomation.vision\templates\Buttons\BRA_Analog_Trending\template.bin,2151,Untracked Vision Binary,"Open/modify/save this Vision window/template in an Ignition 8.3 Designer to convert it to XML, then rerun the scanner."
HFG_CIP,templates/Buttons/BRA_Discrete_Trending,HFG_CIP\com.inductiveautomation.vision\templates\Buttons\BRA_Discrete_Trending\data.bin,3673,Untracked Vision Binary,"Open/modify/save this Vision window/template in an Ignition 8.3 Designer to convert it to XML, then rerun the scanner."
HFG_CIP,templates/SharedTemplates/BRA_Operation_Button_Custom,HFG_CIP\com.inductiveautomation.vision\templates\SharedTemplates\BRA_Operation_Button_Custom\droptarget.bin,610,Untracked Vision Binary,"Open/modify/save this Vision window/template in an Ignition 8.3 Designer to convert it to XML, then rerun the scanner."
HFG_CIP,templates/SharedTemplates/BRA_Operation_Button_Custom,HFG_CIP\com.inductiveautomation.vision\templates\SharedTemplates\BRA_Operation_Button_Custom\template.bin,4285,Untracked Vision Binary,"Open/modify/save this Vision window/template in an Ignition 8.3 Designer to convert it to XML, then rerun the scanner."
HFG_CIP,templates/Symbols/Analog Inputs/TempTransmitter_v1,HFG_CIP\com.inductiveautomation.vision\templates\Symbols\Analog Inputs\TempTransmitter_v1\template.bin,2835,Untracked Vision Binary,"Open/modify/save this Vision window/template in an Ignition 8.3 Designer to convert it to XML, then rerun the scanner."
HFG_CIP,windows/Alarms/Alarm Status,HFG_CIP\com.inductiveautomation.vision\windows\Alarms\Alarm Status\data.bin,3614,Untracked Vision Binary,"Open/modify/save this Vision window/template in an Ignition 8.3 Designer to convert it to XML, then rerun the scanner."
HFG_CIP,windows/Main Windows/Alarm Status,HFG_CIP\com.inductiveautomation.vision\windows\Main Windows\Alarm Status\data.bin,11495,Untracked Vision Binary,"Open/modify/save this Vision window/template in an Ignition 8.3 Designer to convert it to XML, then rerun the scanner."
HFG_CIP,windows/Main Windows/Schedule Management,HFG_CIP\com.inductiveautomation.vision\windows\Main Windows\Schedule Management\data.bin,8929,Untracked Vision Binary,"Open/modify/save this Vision window/template in an Ignition 8.3 Designer to convert it to XML, then rerun the scanner."
HFG_CIP,windows/Popups/BRA_Alarms,HFG_CIP\com.inductiveautomation.vision\windows\Popups\BRA_Alarms\data.bin,8076,Untracked Vision Binary,"Open/modify/save this Vision window/template in an Ignition 8.3 Designer to convert it to XML, then rerun the scanner."
HFG_CIP,windows/Popups/BRA_CIP_Passivation,HFG_CIP\com.inductiveautomation.vision\windows\Popups\BRA_CIP_Passivation\data.bin,11798,Untracked Vision Binary,"Open/modify/save this Vision window/template in an Ignition 8.3 Designer to convert it to XML, then rerun the scanner."
HFG_CIP,windows/Popups/BRA_CIP_SequenceViewer,HFG_CIP\com.inductiveautomation.vision\windows\Popups\BRA_CIP_SequenceViewer\window.bin,8119,Untracked Vision Binary,"Open/modify/save this Vision window/template in an Ignition 8.3 Designer to convert it to XML, then rerun the scanner."
HFG_CIP,windows/Popups/BRA_CIP_Timing_Watchlist,HFG_CIP\com.inductiveautomation.vision\windows\Popups\BRA_CIP_Timing_Watchlist\data.bin,18484,Untracked Vision Binary,"Open/modify/save this Vision window/template in an Ignition 8.3 Designer to convert it to XML, then rerun the scanner."
HFG_CIP,windows/Popups/BRA_Configuration_CIPRecipe,HFG_CIP\com.inductiveautomation.vision\windows\Popups\BRA_Configuration_CIPRecipe\window.bin,7814,Untracked Vision Binary,"Open/modify/save this Vision window/template in an Ignition 8.3 Designer to convert it to XML, then rerun the scanner."
HFG_CIP,windows/Popups/BRA_Configuration_CIPSequence,HFG_CIP\com.inductiveautomation.vision\windows\Popups\BRA_Configuration_CIPSequence\window.bin,8572,Untracked Vision Binary,"Open/modify/save this Vision window/template in an Ignition 8.3 Designer to convert it to XML, then rerun the scanner."
HFG_CIP,windows/Popups/BRA_ConfigurationSelection,HFG_CIP\com.inductiveautomation.vision\windows\Popups\BRA_ConfigurationSelection\window.bin,3389,Untracked Vision Binary,"Open/modify/save this Vision window/template in an Ignition 8.3 Designer to convert it to XML, then rerun the scanner."
HFG_CIP,windows/Popups/BRA_DosingPump_Faceplate,HFG_CIP\com.inductiveautomation.vision\windows\Popups\BRA_DosingPump_Faceplate\data.bin,13804,Untracked Vision Binary,"Open/modify/save this Vision window/template in an Ignition 8.3 Designer to convert it to XML, then rerun the scanner."
HFG_CIP,windows/Popups/BRA_MixProofSeats,HFG_CIP\com.inductiveautomation.vision\windows\Popups\BRA_MixProofSeats\data.bin,13373,Untracked Vision Binary,"Open/modify/save this Vision window/template in an Ignition 8.3 Designer to convert it to XML, then rerun the scanner."
HFG_CIP,windows/Popups/BRA_MixProofValve_Faceplate,HFG_CIP\com.inductiveautomation.vision\windows\Popups\BRA_MixProofValve_Faceplate\data.bin,13156,Untracked Vision Binary,"Open/modify/save this Vision window/template in an Ignition 8.3 Designer to convert it to XML, then rerun the scanner."
HFG_CIP,windows/Popups/BRA_Operation_Alarms_Custom,HFG_CIP\com.inductiveautomation.vision\windows\Popups\BRA_Operation_Alarms_Custom\window.bin,4850,Untracked Vision Binary,"Open/modify/save this Vision window/template in an Ignition 8.3 Designer to convert it to XML, then rerun the scanner."
HFG_CIP,windows/Popups/BRA_Operation_CIP2,HFG_CIP\com.inductiveautomation.vision\windows\Popups\BRA_Operation_CIP2\window.bin,12571,Untracked Vision Binary,"Open/modify/save this Vision window/template in an Ignition 8.3 Designer to convert it to XML, then rerun the scanner."
HFG_CIP,windows/Popups/BRA_Operation_Custom,HFG_CIP\com.inductiveautomation.vision\windows\Popups\BRA_Operation_Custom\window.bin,11454,Untracked Vision Binary,"Open/modify/save this Vision window/template in an Ignition 8.3 Designer to convert it to XML, then rerun the scanner."
HFG_CIP,windows/Popups/BRA_Operation_Interlocks_Custom,HFG_CIP\com.inductiveautomation.vision\windows\Popups\BRA_Operation_Interlocks_Custom\data.bin,10647,Untracked Vision Binary,"Open/modify/save this Vision window/template in an Ignition 8.3 Designer to convert it to XML, then rerun the scanner."
HFG_CIP,windows/Popups/BRA_Operation_Parameters_Custom,HFG_CIP\com.inductiveautomation.vision\windows\Popups\BRA_Operation_Parameters_Custom\data.bin,14483,Untracked Vision Binary,"Open/modify/save this Vision window/template in an Ignition 8.3 Designer to convert it to XML, then rerun the scanner."
HFG_CIP,windows/Popups/BRA_Phase_Alarms_Custom,HFG_CIP\com.inductiveautomation.vision\windows\Popups\BRA_Phase_Alarms_Custom\data.bin,8627,Untracked Vision Binary,"Open/modify/save this Vision window/template in an Ignition 8.3 Designer to convert it to XML, then rerun the scanner."
HFG_CIP,windows/Popups/BRA_Phase_Custom,HFG_CIP\com.inductiveautomation.vision\windows\Popups\BRA_Phase_Custom\window.bin,8015,Untracked Vision Binary,"Open/modify/save this Vision window/template in an Ignition 8.3 Designer to convert it to XML, then rerun the scanner."
HFG_CIP,windows/Popups/BRA_Phase_HighShear,HFG_CIP\com.inductiveautomation.vision\windows\Popups\BRA_Phase_HighShear\window.bin,9978,Untracked Vision Binary,"Open/modify/save this Vision window/template in an Ignition 8.3 Designer to convert it to XML, then rerun the scanner."
HFG_CIP,windows/Popups/BRA_Phase_Interlocks_Custom,HFG_CIP\com.inductiveautomation.vision\windows\Popups\BRA_Phase_Interlocks_Custom\data.bin,9897,Untracked Vision Binary,"Open/modify/save this Vision window/template in an Ignition 8.3 Designer to convert it to XML, then rerun the scanner."
HFG_CIP,windows/Popups/BRA_Phase_Parameters_Custom,HFG_CIP\com.inductiveautomation.vision\windows\Popups\BRA_Phase_Parameters_Custom\data.bin,14280,Untracked Vision Binary,"Open/modify/save this Vision window/template in an Ignition 8.3 Designer to convert it to XML, then rerun the scanner."
HFG_CIP,windows/Popups/BRA_PIDE_Pump_Faceplate,HFG_CIP\com.inductiveautomation.vision\windows\Popups\BRA_PIDE_Pump_Faceplate\window.bin,8775,Untracked Vision Binary,"Open/modify/save this Vision window/template in an Ignition 8.3 Designer to convert it to XML, then rerun the scanner."
HFG_CIP,windows/Popups/BRA_PIDE_Trending,HFG_CIP\com.inductiveautomation.vision\windows\Popups\BRA_PIDE_Trending\data.bin,21928,Untracked Vision Binary,"Open/modify/save this Vision window/template in an Ignition 8.3 Designer to convert it to XML, then rerun the scanner."
HFG_CIP,windows/Popups/BRA_PIDE_Valve_Faceplate,HFG_CIP\com.inductiveautomation.vision\windows\Popups\BRA_PIDE_Valve_Faceplate\window.bin,7934,Untracked Vision Binary,"Open/modify/save this Vision window/template in an Ignition 8.3 Designer to convert it to XML, then rerun the scanner."
HFG_CIP,windows/Popups/BRA_Valve_AutoManual_OpenClose_Trending,HFG_CIP\com.inductiveautomation.vision\windows\Popups\BRA_Valve_AutoManual_OpenClose_Trending\data.bin,19953,Untracked Vision Binary,"Open/modify/save this Vision window/template in an Ignition 8.3 Designer to convert it to XML, then rerun the scanner."
HFG_CIP,windows/Popups/BRA_Valve_AutoManual_OpenClose_TrendingMP,HFG_CIP\com.inductiveautomation.vision\windows\Popups\BRA_Valve_AutoManual_OpenClose_TrendingMP\data.bin,18915,Untracked Vision Binary,"Open/modify/save this Vision window/template in an Ignition 8.3 Designer to convert it to XML, then rerun the scanner."
HFG_CIP,windows/Popups/BRA_Valve_Faceplate,HFG_CIP\com.inductiveautomation.vision\windows\Popups\BRA_Valve_Faceplate\data.bin,14205,Untracked Vision Binary,"Open/modify/save this Vision window/template in an Ignition 8.3 Designer to convert it to XML, then rerun the scanner."
HFG_CIP,windows/Popups/BRA_VFD_Faceplate,HFG_CIP\com.inductiveautomation.vision\windows\Popups\BRA_VFD_Faceplate\data.bin,15832,Untracked Vision Binary,"Open/modify/save this Vision window/template in an Ignition 8.3 Designer to convert it to XML, then rerun the scanner."
HFG_CIP,windows/Popups/BRA_VFD_FwdRev_Faceplate,HFG_CIP\com.inductiveautomation.vision\windows\Popups\BRA_VFD_FwdRev_Faceplate\data.bin,15556,Untracked Vision Binary,"Open/modify/save this Vision window/template in an Ignition 8.3 Designer to convert it to XML, then rerun the scanner."
HFG_CIP,windows/Popups/Control Modules/BRA_PIDE_Pump,HFG_CIP\com.inductiveautomation.vision\windows\Popups\Control Modules\BRA_PIDE_Pump\window.bin,8773,Untracked Vision Binary,"Open/modify/save this Vision window/template in an Ignition 8.3 Designer to convert it to XML, then rerun the scanner."
HFG_CIP,windows/Popups/Control Modules/BRA_PIDE_Valve,HFG_CIP\com.inductiveautomation.vision\windows\Popups\Control Modules\BRA_PIDE_Valve\window.bin,8207,Untracked Vision Binary,"Open/modify/save this Vision window/template in an Ignition 8.3 Designer to convert it to XML, then rerun the scanner."
HFG_CIP,windows/Popups/Faceplates/Phase_Basic_V1,HFG_CIP\com.inductiveautomation.vision\windows\Popups\Faceplates\Phase_Basic_V1\window.bin,4055,Untracked Vision Binary,"Open/modify/save this Vision window/template in an Ignition 8.3 Designer to convert it to XML, then rerun the scanner."
HFG_CIP,windows/Popups/Faceplates/SV_v1,HFG_CIP\com.inductiveautomation.vision\windows\Popups\Faceplates\SV_v1\window.bin,1623,Untracked Vision Binary,"Open/modify/save this Vision window/template in an Ignition 8.3 Designer to convert it to XML, then rerun the scanner."
HFG_CIP,windows/Popups/Shick Device Popups/Generic Shick FSM Popup,HFG_CIP\com.inductiveautomation.vision\windows\Popups\Shick Device Popups\Generic Shick FSM Popup\window.bin,11871,Untracked Vision Binary,"Open/modify/save this Vision window/template in an Ignition 8.3 Designer to convert it to XML, then rerun the scanner."
HFG_CIP,windows/Popups/Shick Device Popups/Tank Farm FSM Popup,HFG_CIP\com.inductiveautomation.vision\windows\Popups\Shick Device Popups\Tank Farm FSM Popup\window.bin,4488,Untracked Vision Binary,"Open/modify/save this Vision window/template in an Ignition 8.3 Designer to convert it to XML, then rerun the scanner."
HFG_CIP,windows/Popups/Trending/BRA_PIDE_Pump,HFG_CIP\com.inductiveautomation.vision\windows\Popups\Trending\BRA_PIDE_Pump\window.bin,8408,Untracked Vision Binary,"Open/modify/save this Vision window/template in an Ignition 8.3 Designer to convert it to XML, then rerun the scanner."
HFG_CIP,windows/Popups/Trending/BRA_PIDE_Valve,HFG_CIP\com.inductiveautomation.vision\windows\Popups\Trending\BRA_PIDE_Valve\window.bin,8477,Untracked Vision Binary,"Open/modify/save this Vision window/template in an Ignition 8.3 Designer to convert it to XML, then rerun the scanner."
HFG_CIP,windows/Red Lion Data,HFG_CIP\com.inductiveautomation.vision\windows\Red Lion Data\window.bin,2460,Untracked Vision Binary,"Open/modify/save this Vision window/template in an Ignition 8.3 Designer to convert it to XML, then rerun the scanner."
HFG_CIP,windows/TEST DELETE,HFG_CIP\com.inductiveautomation.vision\windows\TEST DELETE\window.bin,1907,Untracked Vision Binary,"Open/modify/save this Vision window/template in an Ignition 8.3 Designer to convert it to XML, then rerun the scanner."
HFG_CIP,windows/Trend_Test,HFG_CIP\com.inductiveautomation.vision\windows\Trend_Test\data.bin,3612,Untracked Vision Binary,"Open/modify/save this Vision window/template in an Ignition 8.3 Designer to convert it to XML, then rerun the scanner."
HFG_CIP,windows/User Management/Switch User,HFG_CIP\com.inductiveautomation.vision\windows\User Management\Switch User\data.bin,8705,Untracked Vision Binary,"Open/modify/save this Vision window/template in an Ignition 8.3 Designer to convert it to XML, then rerun the scanner."
HFG_CIP_Admin,templates/Alarm Count Label,HFG_CIP_Admin\com.inductiveautomation.vision\templates\Alarm Count Label\data.bin,4619,Untracked Vision Binary,"Open/modify/save this Vision window/template in an Ignition 8.3 Designer to convert it to XML, then rerun the scanner."
HFG_CIP_Admin,windows/Alarms/Alarm Status,HFG_CIP_Admin\com.inductiveautomation.vision\windows\Alarms\Alarm Status\data.bin,3614,Untracked Vision Binary,"Open/modify/save this Vision window/template in an Ignition 8.3 Designer to convert it to XML, then rerun the scanner."
HFG_CIP_Admin,windows/Main Windows/Alarm Status,HFG_CIP_Admin\com.inductiveautomation.vision\windows\Main Windows\Alarm Status\data.bin,11495,Untracked Vision Binary,"Open/modify/save this Vision window/template in an Ignition 8.3 Designer to convert it to XML, then rerun the scanner."
HFG_CIP_Admin,windows/Main Windows/CIP1,HFG_CIP_Admin\com.inductiveautomation.vision\windows\Main Windows\CIP1\window.bin,34625,Untracked Vision Binary,"Open/modify/save this Vision window/template in an Ignition 8.3 Designer to convert it to XML, then rerun the scanner."
HFG_CIP_Admin,windows/Main Windows/CIP2,HFG_CIP_Admin\com.inductiveautomation.vision\windows\Main Windows\CIP2\window.bin,23573,Untracked Vision Binary,"Open/modify/save this Vision window/template in an Ignition 8.3 Designer to convert it to XML, then rerun the scanner."
HFG_CIP_Admin,windows/Main Windows/CIP3,HFG_CIP_Admin\com.inductiveautomation.vision\windows\Main Windows\CIP3\window.bin,32363,Untracked Vision Binary,"Open/modify/save this Vision window/template in an Ignition 8.3 Designer to convert it to XML, then rerun the scanner."
HFG_CIP_Admin,windows/Main Windows/Reporting,HFG_CIP_Admin\com.inductiveautomation.vision\windows\Main Windows\Reporting\data.bin,1484,Untracked Vision Binary,"Open/modify/save this Vision window/template in an Ignition 8.3 Designer to convert it to XML, then rerun the scanner."
HFG_CIP_Admin,windows/Main Windows/Roster Management,HFG_CIP_Admin\com.inductiveautomation.vision\windows\Main Windows\Roster Management\data.bin,5862,Untracked Vision Binary,"Open/modify/save this Vision window/template in an Ignition 8.3 Designer to convert it to XML, then rerun the scanner."
HFG_CIP_Admin,windows/Main Windows/Schedule Management,HFG_CIP_Admin\com.inductiveautomation.vision\windows\Main Windows\Schedule Management\data.bin,8929,Untracked Vision Binary,"Open/modify/save this Vision window/template in an Ignition 8.3 Designer to convert it to XML, then rerun the scanner."
HFG_CIP_Admin,windows/Main Windows/User Management,HFG_CIP_Admin\com.inductiveautomation.vision\windows\Main Windows\User Management\data.bin,14686,Untracked Vision Binary,"Open/modify/save this Vision window/template in an Ignition 8.3 Designer to convert it to XML, then rerun the scanner."
HFG_CIP_Admin,windows/Navigation,HFG_CIP_Admin\com.inductiveautomation.vision\windows\Navigation\window.bin,5481,Untracked Vision Binary,"Open/modify/save this Vision window/template in an Ignition 8.3 Designer to convert it to XML, then rerun the scanner."
HFG_CIP_Admin,windows/Popups/BRA_Alarms,HFG_CIP_Admin\com.inductiveautomation.vision\windows\Popups\BRA_Alarms\data.bin,8076,Untracked Vision Binary,"Open/modify/save this Vision window/template in an Ignition 8.3 Designer to convert it to XML, then rerun the scanner."
HFG_CIP_Admin,windows/Popups/BRA_CIP_Passivation,HFG_CIP_Admin\com.inductiveautomation.vision\windows\Popups\BRA_CIP_Passivation\data.bin,11826,Untracked Vision Binary,"Open/modify/save this Vision window/template in an Ignition 8.3 Designer to convert it to XML, then rerun the scanner."
HFG_CIP_Admin,windows/Popups/BRA_CIP_SequenceViewer,HFG_CIP_Admin\com.inductiveautomation.vision\windows\Popups\BRA_CIP_SequenceViewer\data.bin,24603,Untracked Vision Binary,"Open/modify/save this Vision window/template in an Ignition 8.3 Designer to convert it to XML, then rerun the scanner."
HFG_CIP_Admin,windows/Popups/BRA_Configuration_CIPRecipe,HFG_CIP_Admin\com.inductiveautomation.vision\windows\Popups\BRA_Configuration_CIPRecipe\data.bin,23939,Untracked Vision Binary,"Open/modify/save this Vision window/template in an Ignition 8.3 Designer to convert it to XML, then rerun the scanner."
HFG_CIP_Admin,windows/Popups/BRA_Configuration_CIPSequence,HFG_CIP_Admin\com.inductiveautomation.vision\windows\Popups\BRA_Configuration_CIPSequence\data.bin,29576,Untracked Vision Binary,"Open/modify/save this Vision window/template in an Ignition 8.3 Designer to convert it to XML, then rerun the scanner."
HFG_CIP_Admin,windows/Popups/BRA_DosingPump_Faceplate,HFG_CIP_Admin\com.inductiveautomation.vision\windows\Popups\BRA_DosingPump_Faceplate\data.bin,13804,Untracked Vision Binary,"Open/modify/save this Vision window/template in an Ignition 8.3 Designer to convert it to XML, then rerun the scanner."
HFG_CIP_Admin,windows/Popups/BRA_MixProofSeats,HFG_CIP_Admin\com.inductiveautomation.vision\windows\Popups\BRA_MixProofSeats\data.bin,13373,Untracked Vision Binary,"Open/modify/save this Vision window/template in an Ignition 8.3 Designer to convert it to XML, then rerun the scanner."
HFG_CIP_Admin,windows/Popups/BRA_MixProofValve_Faceplate,HFG_CIP_Admin\com.inductiveautomation.vision\windows\Popups\BRA_MixProofValve_Faceplate\data.bin,13156,Untracked Vision Binary,"Open/modify/save this Vision window/template in an Ignition 8.3 Designer to convert it to XML, then rerun the scanner."
HFG_CIP_Admin,windows/Popups/BRA_Operation_Alarms_Custom,HFG_CIP_Admin\com.inductiveautomation.vision\windows\Popups\BRA_Operation_Alarms_Custom\data.bin,8922,Untracked Vision Binary,"Open/modify/save this Vision window/template in an Ignition 8.3 Designer to convert it to XML, then rerun the scanner."
HFG_CIP_Admin,windows/Popups/BRA_Operation_Custom,HFG_CIP_Admin\com.inductiveautomation.vision\windows\Popups\BRA_Operation_Custom\window.bin,10925,Untracked Vision Binary,"Open/modify/save this Vision window/template in an Ignition 8.3 Designer to convert it to XML, then rerun the scanner."
HFG_CIP_Admin,windows/Popups/BRA_Operation_Interlocks_Custom,HFG_CIP_Admin\com.inductiveautomation.vision\windows\Popups\BRA_Operation_Interlocks_Custom\data.bin,10647,Untracked Vision Binary,"Open/modify/save this Vision window/template in an Ignition 8.3 Designer to convert it to XML, then rerun the scanner."
HFG_CIP_Admin,windows/Popups/BRA_Operation_Parameters_Custom,HFG_CIP_Admin\com.inductiveautomation.vision\windows\Popups\BRA_Operation_Parameters_Custom\data.bin,14465,Untracked Vision Binary,"Open/modify/save this Vision window/template in an Ignition 8.3 Designer to convert it to XML, then rerun the scanner."
HFG_CIP_Admin,windows/Popups/BRA_Phase_Alarms_Custom,HFG_CIP_Admin\com.inductiveautomation.vision\windows\Popups\BRA_Phase_Alarms_Custom\data.bin,8627,Untracked Vision Binary,"Open/modify/save this Vision window/template in an Ignition 8.3 Designer to convert it to XML, then rerun the scanner."
HFG_CIP_Admin,windows/Popups/BRA_Phase_Custom,HFG_CIP_Admin\com.inductiveautomation.vision\windows\Popups\BRA_Phase_Custom\window.bin,7954,Untracked Vision Binary,"Open/modify/save this Vision window/template in an Ignition 8.3 Designer to convert it to XML, then rerun the scanner."
HFG_CIP_Admin,windows/Popups/BRA_Phase_Interlocks_Custom,HFG_CIP_Admin\com.inductiveautomation.vision\windows\Popups\BRA_Phase_Interlocks_Custom\data.bin,9897,Untracked Vision Binary,"Open/modify/save this Vision window/template in an Ignition 8.3 Designer to convert it to XML, then rerun the scanner."
HFG_CIP_Admin,windows/Popups/BRA_Phase_Parameters_Custom,HFG_CIP_Admin\com.inductiveautomation.vision\windows\Popups\BRA_Phase_Parameters_Custom\data.bin,14280,Untracked Vision Binary,"Open/modify/save this Vision window/template in an Ignition 8.3 Designer to convert it to XML, then rerun the scanner."
HFG_CIP_Admin,windows/Popups/BRA_PIDE_Pump_Faceplate,HFG_CIP_Admin\com.inductiveautomation.vision\windows\Popups\BRA_PIDE_Pump_Faceplate\window.bin,8992,Untracked Vision Binary,"Open/modify/save this Vision window/template in an Ignition 8.3 Designer to convert it to XML, then rerun the scanner."
HFG_CIP_Admin,windows/Popups/BRA_PIDE_Trending,HFG_CIP_Admin\com.inductiveautomation.vision\windows\Popups\BRA_PIDE_Trending\data.bin,23973,Untracked Vision Binary,"Open/modify/save this Vision window/template in an Ignition 8.3 Designer to convert it to XML, then rerun the scanner."
HFG_CIP_Admin,windows/Popups/BRA_PIDE_Valve_Faceplate,HFG_CIP_Admin\com.inductiveautomation.vision\windows\Popups\BRA_PIDE_Valve_Faceplate\window.bin,8132,Untracked Vision Binary,"Open/modify/save this Vision window/template in an Ignition 8.3 Designer to convert it to XML, then rerun the scanner."
HFG_CIP_Admin,windows/Popups/BRA_Valve_Faceplate,HFG_CIP_Admin\com.inductiveautomation.vision\windows\Popups\BRA_Valve_Faceplate\data.bin,14205,Untracked Vision Binary,"Open/modify/save this Vision window/template in an Ignition 8.3 Designer to convert it to XML, then rerun the scanner."
HFG_CIP_Admin,windows/Popups/BRA_VFD_Faceplate,HFG_CIP_Admin\com.inductiveautomation.vision\windows\Popups\BRA_VFD_Faceplate\data.bin,15832,Untracked Vision Binary,"Open/modify/save this Vision window/template in an Ignition 8.3 Designer to convert it to XML, then rerun the scanner."
HFG_CIP_Admin,windows/Popups/BRA_VFD_FwdRev_Faceplate,HFG_CIP_Admin\com.inductiveautomation.vision\windows\Popups\BRA_VFD_FwdRev_Faceplate\data.bin,15556,Untracked Vision Binary,"Open/modify/save this Vision window/template in an Ignition 8.3 Designer to convert it to XML, then rerun the scanner."
HFG_CIP_Admin,windows/Red Lion Data,HFG_CIP_Admin\com.inductiveautomation.vision\windows\Red Lion Data\window.bin,2438,Untracked Vision Binary,"Open/modify/save this Vision window/template in an Ignition 8.3 Designer to convert it to XML, then rerun the scanner."
HFG_CIP_Admin,windows/Trend_Test,HFG_CIP_Admin\com.inductiveautomation.vision\windows\Trend_Test\data.bin,3612,Untracked Vision Binary,"Open/modify/save this Vision window/template in an Ignition 8.3 Designer to convert it to XML, then rerun the scanner."
HFG_CIP_Admin,windows/User Management/Switch User,HFG_CIP_Admin\com.inductiveautomation.vision\windows\User Management\Switch User\data.bin,8705,Untracked Vision Binary,"Open/modify/save this Vision window/template in an Ignition 8.3 Designer to convert it to XML, then rerun the scanner."
HFG_Coffee,templates/Alarm Count Label,HFG_Coffee\com.inductiveautomation.vision\templates\Alarm Count Label\data.bin,4617,Untracked Vision Binary,"Open/modify/save this Vision window/template in an Ignition 8.3 Designer to convert it to XML, then rerun the scanner."
HFG_Coffee,templates/BRA Devices/Pumps/Centrifugal,HFG_Coffee\com.inductiveautomation.vision\templates\BRA Devices\Pumps\Centrifugal\data.bin,12365,Untracked Vision Binary,"Open/modify/save this Vision window/template in an Ignition 8.3 Designer to convert it to XML, then rerun the scanner."
HFG_Coffee,templates/BRA Devices/Pumps/Centrifugal_PIDE,HFG_Coffee\com.inductiveautomation.vision\templates\BRA Devices\Pumps\Centrifugal_PIDE\data.bin,9927,Untracked Vision Binary,"Open/modify/save this Vision window/template in an Ignition 8.3 Designer to convert it to XML, then rerun the scanner."
HFG_Coffee,templates/BRA Devices/Static/Elbow_NoAnimation,HFG_Coffee\com.inductiveautomation.vision\templates\BRA Devices\Static\Elbow_NoAnimation\data.bin,2715,Untracked Vision Binary,"Open/modify/save this Vision window/template in an Ignition 8.3 Designer to convert it to XML, then rerun the scanner."
HFG_Coffee,templates/BRA Devices/Static/Nav_Label,HFG_Coffee\com.inductiveautomation.vision\templates\BRA Devices\Static\Nav_Label\template.bin,3293,Untracked Vision Binary,"Open/modify/save this Vision window/template in an Ignition 8.3 Designer to convert it to XML, then rerun the scanner."
HFG_Coffee,templates/BRA Devices/Static/SprayBall,HFG_Coffee\com.inductiveautomation.vision\templates\BRA Devices\Static\SprayBall\data.bin,2727,Untracked Vision Binary,"Open/modify/save this Vision window/template in an Ignition 8.3 Designer to convert it to XML, then rerun the scanner."
HFG_Coffee,templates/BRA Devices/Static/Straight_NoAnimation,HFG_Coffee\com.inductiveautomation.vision\templates\BRA Devices\Static\Straight_NoAnimation\data.bin,2368,Untracked Vision Binary,"Open/modify/save this Vision window/template in an Ignition 8.3 Designer to convert it to XML, then rerun the scanner."
HFG_Coffee,templates/BRA Devices/Static/Tee_NoAnimation,HFG_Coffee\com.inductiveautomation.vision\templates\BRA Devices\Static\Tee_NoAnimation\data.bin,2895,Untracked Vision Binary,"Open/modify/save this Vision window/template in an Ignition 8.3 Designer to convert it to XML, then rerun the scanner."
HFG_Coffee,templates/BRA Devices/Valves/ControlValve,HFG_Coffee\com.inductiveautomation.vision\templates\BRA Devices\Valves\ControlValve\data.bin,10086,Untracked Vision Binary,"Open/modify/save this Vision window/template in an Ignition 8.3 Designer to convert it to XML, then rerun the scanner."
HFG_Coffee,templates/BRA Devices/Valves/MixProof Valve,HFG_Coffee\com.inductiveautomation.vision\templates\BRA Devices\Valves\MixProof Valve\data.bin,7353,Untracked Vision Binary,"Open/modify/save this Vision window/template in an Ignition 8.3 Designer to convert it to XML, then rerun the scanner."
HFG_Coffee,templates/Motors/Motor,HFG_Coffee\com.inductiveautomation.vision\templates\Motors\Motor\droptarget.bin,628,Untracked Vision Binary,"Open/modify/save this Vision window/template in an Ignition 8.3 Designer to convert it to XML, then rerun the scanner."
HFG_Coffee,templates/Motors/Motor,HFG_Coffee\com.inductiveautomation.vision\templates\Motors\Motor\template.bin,5250,Untracked Vision Binary,"Open/modify/save this Vision window/template in an Ignition 8.3 Designer to convert it to XML, then rerun the scanner."
HFG_Coffee,templates/Pumps/Centrifugal Pump,HFG_Coffee\com.inductiveautomation.vision\templates\Pumps\Centrifugal Pump\droptarget.bin,624,Untracked Vision Binary,"Open/modify/save this Vision window/template in an Ignition 8.3 Designer to convert it to XML, then rerun the scanner."
HFG_Coffee,templates/Pumps/Centrifugal Pump,HFG_Coffee\com.inductiveautomation.vision\templates\Pumps\Centrifugal Pump\template.bin,4755,Untracked Vision Binary,"Open/modify/save this Vision window/template in an Ignition 8.3 Designer to convert it to XML, then rerun the scanner."
HFG_Coffee,templates/Pumps/Centrifugal Pump_PID,HFG_Coffee\com.inductiveautomation.vision\templates\Pumps\Centrifugal Pump_PID\droptarget.bin,625,Untracked Vision Binary,"Open/modify/save this Vision window/template in an Ignition 8.3 Designer to convert it to XML, then rerun the scanner."
HFG_Coffee,templates/Pumps/Centrifugal Pump_PID,HFG_Coffee\com.inductiveautomation.vision\templates\Pumps\Centrifugal Pump_PID\template.bin,4861,Untracked Vision Binary,"Open/modify/save this Vision window/template in an Ignition 8.3 Designer to convert it to XML, then rerun the scanner."
HFG_Coffee,templates/Single,HFG_Coffee\com.inductiveautomation.vision\templates\Single\droptarget.bin,618,Untracked Vision Binary,"Open/modify/save this Vision window/template in an Ignition 8.3 Designer to convert it to XML, then rerun the scanner."
HFG_Coffee,templates/Single,HFG_Coffee\com.inductiveautomation.vision\templates\Single\template.bin,5117,Untracked Vision Binary,"Open/modify/save this Vision window/template in an Ignition 8.3 Designer to convert it to XML, then rerun the scanner."
HFG_Coffee,windows/Alarms/Alarm Status,HFG_Coffee\com.inductiveautomation.vision\windows\Alarms\Alarm Status\data.bin,4149,Untracked Vision Binary,"Open/modify/save this Vision window/template in an Ignition 8.3 Designer to convert it to XML, then rerun the scanner."
HFG_Coffee,windows/Main Windows/Alarm Status,HFG_Coffee\com.inductiveautomation.vision\windows\Main Windows\Alarm Status\data.bin,7177,Untracked Vision Binary,"Open/modify/save this Vision window/template in an Ignition 8.3 Designer to convert it to XML, then rerun the scanner."
HFG_Coffee,windows/Main Windows/Alarms/Alarm Status_v1,HFG_Coffee\com.inductiveautomation.vision\windows\Main Windows\Alarms\Alarm Status_v1\window.bin,4482,Untracked Vision Binary,"Open/modify/save this Vision window/template in an Ignition 8.3 Designer to convert it to XML, then rerun the scanner."
HFG_Coffee,windows/Main Windows/CIP/CIP3_v1,HFG_Coffee\com.inductiveautomation.vision\windows\Main Windows\CIP\CIP3_v1\window.bin,24361,Untracked Vision Binary,"Open/modify/save this Vision window/template in an Ignition 8.3 Designer to convert it to XML, then rerun the scanner."
HFG_Coffee,windows/Main Windows/Main Window,HFG_Coffee\com.inductiveautomation.vision\windows\Main Windows\Main Window\window.bin,781,Untracked Vision Binary,"Open/modify/save this Vision window/template in an Ignition 8.3 Designer to convert it to XML, then rerun the scanner."
HFG_Coffee,windows/Main Windows/Plant CIP Circuit Statuses,HFG_Coffee\com.inductiveautomation.vision\windows\Main Windows\Plant CIP Circuit Statuses\window.bin,32389,Untracked Vision Binary,"Open/modify/save this Vision window/template in an Ignition 8.3 Designer to convert it to XML, then rerun the scanner."
HFG_Coffee,windows/Main Windows/Roster Management,HFG_Coffee\com.inductiveautomation.vision\windows\Main Windows\Roster Management\data.bin,5862,Untracked Vision Binary,"Open/modify/save this Vision window/template in an Ignition 8.3 Designer to convert it to XML, then rerun the scanner."
HFG_Coffee,windows/Main Windows/Schedule Management,HFG_Coffee\com.inductiveautomation.vision\windows\Main Windows\Schedule Management\data.bin,8929,Untracked Vision Binary,"Open/modify/save this Vision window/template in an Ignition 8.3 Designer to convert it to XML, then rerun the scanner."
HFG_Coffee,windows/Main Windows/User Management,HFG_Coffee\com.inductiveautomation.vision\windows\Main Windows\User Management\data.bin,14686,Untracked Vision Binary,"Open/modify/save this Vision window/template in an Ignition 8.3 Designer to convert it to XML, then rerun the scanner."
HFG_Coffee,windows/Navigation/Line4_v1,HFG_Coffee\com.inductiveautomation.vision\windows\Navigation\Line4_v1\window.bin,44487,Untracked Vision Binary,"Open/modify/save this Vision window/template in an Ignition 8.3 Designer to convert it to XML, then rerun the scanner."
HFG_Coffee,windows/Navigation_OLD,HFG_Coffee\com.inductiveautomation.vision\windows\Navigation_OLD\window.bin,170459,Untracked Vision Binary,"Open/modify/save this Vision window/template in an Ignition 8.3 Designer to convert it to XML, then rerun the scanner."
HFG_Coffee,windows/Popups/BRA_AlarmStatus_COF,HFG_Coffee\com.inductiveautomation.vision\windows\Popups\BRA_AlarmStatus_COF\data.bin,3901,Untracked Vision Binary,"Open/modify/save this Vision window/template in an Ignition 8.3 Designer to convert it to XML, then rerun the scanner."
HFG_Coffee,windows/Popups/BRA_AlarmStatus_COF1,HFG_Coffee\com.inductiveautomation.vision\windows\Popups\BRA_AlarmStatus_COF1\data.bin,3879,Untracked Vision Binary,"Open/modify/save this Vision window/template in an Ignition 8.3 Designer to convert it to XML, then rerun the scanner."
HFG_Coffee,windows/Popups/BRA_CIP1_L1_Passivation,HFG_Coffee\com.inductiveautomation.vision\windows\Popups\BRA_CIP1_L1_Passivation\window.bin,3812,Untracked Vision Binary,"Open/modify/save this Vision window/template in an Ignition 8.3 Designer to convert it to XML, then rerun the scanner."
HFG_Coffee,windows/Popups/BRA_Configuration_CIPSequence,HFG_Coffee\com.inductiveautomation.vision\windows\Popups\BRA_Configuration_CIPSequence\window.bin,8881,Untracked Vision Binary,"Open/modify/save this Vision window/template in an Ignition 8.3 Designer to convert it to XML, then rerun the scanner."
HFG_Coffee,windows/Popups/BRA_DosingPump_Faceplate,HFG_Coffee\com.inductiveautomation.vision\windows\Popups\BRA_DosingPump_Faceplate\data.bin,13931,Untracked Vision Binary,"Open/modify/save this Vision window/template in an Ignition 8.3 Designer to convert it to XML, then rerun the scanner."
HFG_Coffee,windows/Popups/BRA_Operation_Parameters,HFG_Coffee\com.inductiveautomation.vision\windows\Popups\BRA_Operation_Parameters\window.bin,8552,Untracked Vision Binary,"Open/modify/save this Vision window/template in an Ignition 8.3 Designer to convert it to XML, then rerun the scanner."
HFG_Coffee,windows/Popups/BRA_Phase_Coffee,HFG_Coffee\com.inductiveautomation.vision\windows\Popups\BRA_Phase_Coffee\data.bin,17470,Untracked Vision Binary,"Open/modify/save this Vision window/template in an Ignition 8.3 Designer to convert it to XML, then rerun the scanner."
HFG_Coffee,windows/Popups/BRA_Phase_PkgCIP,HFG_Coffee\com.inductiveautomation.vision\windows\Popups\BRA_Phase_PkgCIP\data.bin,19765,Untracked Vision Binary,"Open/modify/save this Vision window/template in an Ignition 8.3 Designer to convert it to XML, then rerun the scanner."
HFG_Coffee,windows/Popups/BRA_Phase_Tk12Transfer,HFG_Coffee\com.inductiveautomation.vision\windows\Popups\BRA_Phase_Tk12Transfer\data.bin,19819,Untracked Vision Binary,"Open/modify/save this Vision window/template in an Ignition 8.3 Designer to convert it to XML, then rerun the scanner."
HFG_Coffee,windows/Popups/BRA_PIDE_TrendingOLD,HFG_Coffee\com.inductiveautomation.vision\windows\Popups\BRA_PIDE_TrendingOLD\data.bin,22109,Untracked Vision Binary,"Open/modify/save this Vision window/template in an Ignition 8.3 Designer to convert it to XML, then rerun the scanner."
HFG_Coffee,windows/Popups/BRA_Totalizer_Faceplate,HFG_Coffee\com.inductiveautomation.vision\windows\Popups\BRA_Totalizer_Faceplate\data.bin,10763,Untracked Vision Binary,"Open/modify/save this Vision window/template in an Ignition 8.3 Designer to convert it to XML, then rerun the scanner."
HFG_Coffee,windows/Popups/BRA_Valve_AutoManual_OpenClose_TrendingMP,HFG_Coffee\com.inductiveautomation.vision\windows\Popups\BRA_Valve_AutoManual_OpenClose_TrendingMP\data.bin,18984,Untracked Vision Binary,"Open/modify/save this Vision window/template in an Ignition 8.3 Designer to convert it to XML, then rerun the scanner."
HFG_Coffee,windows/Popups/BRA_Valve_Faceplate,HFG_Coffee\com.inductiveautomation.vision\windows\Popups\BRA_Valve_Faceplate\window.bin,5543,Untracked Vision Binary,"Open/modify/save this Vision window/template in an Ignition 8.3 Designer to convert it to XML, then rerun the scanner."
HFG_Coffee,windows/Popups/BRA_Valve_Trending,HFG_Coffee\com.inductiveautomation.vision\windows\Popups\BRA_Valve_Trending\window.bin,5879,Untracked Vision Binary,"Open/modify/save this Vision window/template in an Ignition 8.3 Designer to convert it to XML, then rerun the scanner."
HFG_Coffee,windows/Popups/BRA_VFD_Faceplate_Coffee13,HFG_Coffee\com.inductiveautomation.vision\windows\Popups\BRA_VFD_Faceplate_Coffee13\window.bin,6743,Untracked Vision Binary,"Open/modify/save this Vision window/template in an Ignition 8.3 Designer to convert it to XML, then rerun the scanner."
HFG_Coffee,windows/User Management/Switch User,HFG_Coffee\com.inductiveautomation.vision\windows\User Management\Switch User\data.bin,8705,Untracked Vision Binary,"Open/modify/save this Vision window/template in an Ignition 8.3 Designer to convert it to XML, then rerun the scanner."
HFG_Coffee_OLD,templates/Alarm Count Label,HFG_Coffee_OLD\com.inductiveautomation.vision\templates\Alarm Count Label\data.bin,4617,Untracked Vision Binary,"Open/modify/save this Vision window/template in an Ignition 8.3 Designer to convert it to XML, then rerun the scanner."
HFG_Coffee_OLD,templates/APS Devices/Instruments/Conductivity,HFG_Coffee_OLD\com.inductiveautomation.vision\templates\APS Devices\Instruments\Conductivity\data.bin,3603,Untracked Vision Binary,"Open/modify/save this Vision window/template in an Ignition 8.3 Designer to convert it to XML, then rerun the scanner."
HFG_Coffee_OLD,templates/APS Devices/Instruments/DigitalIndicator,HFG_Coffee_OLD\com.inductiveautomation.vision\templates\APS Devices\Instruments\DigitalIndicator\data.bin,3692,Untracked Vision Binary,"Open/modify/save this Vision window/template in an Ignition 8.3 Designer to convert it to XML, then rerun the scanner."
HFG_Coffee_OLD,templates/APS Devices/Instruments/Flow,HFG_Coffee_OLD\com.inductiveautomation.vision\templates\APS Devices\Instruments\Flow\template.bin,2832,Untracked Vision Binary,"Open/modify/save this Vision window/template in an Ignition 8.3 Designer to convert it to XML, then rerun the scanner."
HFG_Coffee_OLD,templates/APS Devices/Instruments/Pressure,HFG_Coffee_OLD\com.inductiveautomation.vision\templates\APS Devices\Instruments\Pressure\data.bin,4209,Untracked Vision Binary,"Open/modify/save this Vision window/template in an Ignition 8.3 Designer to convert it to XML, then rerun the scanner."
HFG_Coffee_OLD,templates/APS Devices/Instruments/Temperature,HFG_Coffee_OLD\com.inductiveautomation.vision\templates\APS Devices\Instruments\Temperature\data.bin,3497,Untracked Vision Binary,"Open/modify/save this Vision window/template in an Ignition 8.3 Designer to convert it to XML, then rerun the scanner."
HFG_Coffee_OLD,templates/APS Devices/Pumps/Centrifugal,HFG_Coffee_OLD\com.inductiveautomation.vision\templates\APS Devices\Pumps\Centrifugal\data.bin,9916,Untracked Vision Binary,"Open/modify/save this Vision window/template in an Ignition 8.3 Designer to convert it to XML, then rerun the scanner."
HFG_Coffee_OLD,templates/APS Devices/Pumps/Diaphragm,HFG_Coffee_OLD\com.inductiveautomation.vision\templates\APS Devices\Pumps\Diaphragm\data.bin,4773,Untracked Vision Binary,"Open/modify/save this Vision window/template in an Ignition 8.3 Designer to convert it to XML, then rerun the scanner."
HFG_Coffee_OLD,templates/APS Devices/Pumps/Disconnect,HFG_Coffee_OLD\com.inductiveautomation.vision\templates\APS Devices\Pumps\Disconnect\data.bin,4979,Untracked Vision Binary,"Open/modify/save this Vision window/template in an Ignition 8.3 Designer to convert it to XML, then rerun the scanner."
HFG_Coffee_OLD,templates/APS Devices/Pumps/Motor,HFG_Coffee_OLD\com.inductiveautomation.vision\templates\APS Devices\Pumps\Motor\data.bin,5727,Untracked Vision Binary,"Open/modify/save this Vision window/template in an Ignition 8.3 Designer to convert it to XML, then rerun the scanner."
HFG_Coffee_OLD,templates/APS Devices/Static/BrazedPlate,HFG_Coffee_OLD\com.inductiveautomation.vision\templates\APS Devices\Static\BrazedPlate\data.bin,7133,Untracked Vision Binary,"Open/modify/save this Vision window/template in an Ignition 8.3 Designer to convert it to XML, then rerun the scanner."
HFG_Coffee_OLD,templates/APS Devices/Static/Coil,HFG_Coffee_OLD\com.inductiveautomation.vision\templates\APS Devices\Static\Coil\data.bin,5586,Untracked Vision Binary,"Open/modify/save this Vision window/template in an Ignition 8.3 Designer to convert it to XML, then rerun the scanner."
HFG_Coffee_OLD,templates/APS Devices/Static/Filter,HFG_Coffee_OLD\com.inductiveautomation.vision\templates\APS Devices\Static\Filter\data.bin,3598,Untracked Vision Binary,"Open/modify/save this Vision window/template in an Ignition 8.3 Designer to convert it to XML, then rerun the scanner."
HFG_Coffee_OLD,templates/APS Devices/Static/PRV,HFG_Coffee_OLD\com.inductiveautomation.vision\templates\APS Devices\Static\PRV\data.bin,4659,Untracked Vision Binary,"Open/modify/save this Vision window/template in an Ignition 8.3 Designer to convert it to XML, then rerun the scanner."
HFG_Coffee_OLD,templates/APS Devices/Static/SprayBall,HFG_Coffee_OLD\com.inductiveautomation.vision\templates\APS Devices\Static\SprayBall\data.bin,2000,Untracked Vision Binary,"Open/modify/save this Vision window/template in an Ignition 8.3 Designer to convert it to XML, then rerun the scanner."
HFG_Coffee_OLD,templates/APS Devices/Static/SWC,HFG_Coffee_OLD\com.inductiveautomation.vision\templates\APS Devices\Static\SWC\data.bin,3131,Untracked Vision Binary,"Open/modify/save this Vision window/template in an Ignition 8.3 Designer to convert it to XML, then rerun the scanner."
HFG_Coffee_OLD,templates/APS Devices/Valves/BallValve,HFG_Coffee_OLD\com.inductiveautomation.vision\templates\APS Devices\Valves\BallValve\data.bin,7756,Untracked Vision Binary,"Open/modify/save this Vision window/template in an Ignition 8.3 Designer to convert it to XML, then rerun the scanner."
HFG_Coffee_OLD,templates/APS Devices/Valves/Burkert,HFG_Coffee_OLD\com.inductiveautomation.vision\templates\APS Devices\Valves\Burkert\data.bin,7059,Untracked Vision Binary,"Open/modify/save this Vision window/template in an Ignition 8.3 Designer to convert it to XML, then rerun the scanner."
HFG_Coffee_OLD,templates/APS Devices/Valves/ControlValve,HFG_Coffee_OLD\com.inductiveautomation.vision\templates\APS Devices\Valves\ControlValve\data.bin,10387,Untracked Vision Binary,"Open/modify/save this Vision window/template in an Ignition 8.3 Designer to convert it to XML, then rerun the scanner."
HFG_Coffee_OLD,templates/APS Devices/Valves/ControlValveSanitary,HFG_Coffee_OLD\com.inductiveautomation.vision\templates\APS Devices\Valves\ControlValveSanitary\data.bin,7551,Untracked Vision Binary,"Open/modify/save this Vision window/template in an Ignition 8.3 Designer to convert it to XML, then rerun the scanner."
HFG_Coffee_OLD,templates/APS Devices/Valves/ControlValveSanitaryHor,HFG_Coffee_OLD\com.inductiveautomation.vision\templates\APS Devices\Valves\ControlValveSanitaryHor\data.bin,7565,Untracked Vision Binary,"Open/modify/save this Vision window/template in an Ignition 8.3 Designer to convert it to XML, then rerun the scanner."
HFG_Coffee_OLD,templates/APS Devices/Valves/DivertDrain,HFG_Coffee_OLD\com.inductiveautomation.vision\templates\APS Devices\Valves\DivertDrain\data.bin,7924,Untracked Vision Binary,"Open/modify/save this Vision window/template in an Ignition 8.3 Designer to convert it to XML, then rerun the scanner."
HFG_Coffee_OLD,templates/APS Devices/Valves/Diverter,HFG_Coffee_OLD\com.inductiveautomation.vision\templates\APS Devices\Valves\Diverter\data.bin,7466,Untracked Vision Binary,"Open/modify/save this Vision window/template in an Ignition 8.3 Designer to convert it to XML, then rerun the scanner."
HFG_Coffee_OLD,templates/APS Devices/Valves/Diverter Mirrored,HFG_Coffee_OLD\com.inductiveautomation.vision\templates\APS Devices\Valves\Diverter Mirrored\data.bin,7469,Untracked Vision Binary,"Open/modify/save this Vision window/template in an Ignition 8.3 Designer to convert it to XML, then rerun the scanner."
HFG_Coffee_OLD,templates/APS Devices/Valves/Diverter Mirrored_iLO,HFG_Coffee_OLD\com.inductiveautomation.vision\templates\APS Devices\Valves\Diverter Mirrored_iLO\data.bin,7481,Untracked Vision Binary,"Open/modify/save this Vision window/template in an Ignition 8.3 Designer to convert it to XML, then rerun the scanner."
HFG_Coffee_OLD,templates/APS Devices/Valves/Double,HFG_Coffee_OLD\com.inductiveautomation.vision\templates\APS Devices\Valves\Double\droptarget.bin,624,Untracked Vision Binary,"Open/modify/save this Vision window/template in an Ignition 8.3 Designer to convert it to XML, then rerun the scanner."
HFG_Coffee_OLD,templates/APS Devices/Valves/Double,HFG_Coffee_OLD\com.inductiveautomation.vision\templates\APS Devices\Valves\Double\template.bin,6538,Untracked Vision Binary,"Open/modify/save this Vision window/template in an Ignition 8.3 Designer to convert it to XML, then rerun the scanner."
HFG_Coffee_OLD,templates/APS Devices/Valves/PIDLoop,HFG_Coffee_OLD\com.inductiveautomation.vision\templates\APS Devices\Valves\PIDLoop\data.bin,6018,Untracked Vision Binary,"Open/modify/save this Vision window/template in an Ignition 8.3 Designer to convert it to XML, then rerun the scanner."
HFG_Coffee_OLD,templates/APS Devices/Valves/Seat,HFG_Coffee_OLD\com.inductiveautomation.vision\templates\APS Devices\Valves\Seat\data.bin,4167,Untracked Vision Binary,"Open/modify/save this Vision window/template in an Ignition 8.3 Designer to convert it to XML, then rerun the scanner."
HFG_Coffee_OLD,templates/APS Devices/Valves/Single,HFG_Coffee_OLD\com.inductiveautomation.vision\templates\APS Devices\Valves\Single\data.bin,7037,Untracked Vision Binary,"Open/modify/save this Vision window/template in an Ignition 8.3 Designer to convert it to XML, then rerun the scanner."
HFG_Coffee_OLD,templates/APS Devices/Valves/Single_90Bend,HFG_Coffee_OLD\com.inductiveautomation.vision\templates\APS Devices\Valves\Single_90Bend\data.bin,7389,Untracked Vision Binary,"Open/modify/save this Vision window/template in an Ignition 8.3 Designer to convert it to XML, then rerun the scanner."
HFG_Coffee_OLD,templates/APS Devices/Valves/Single_90Bend Mirrored,HFG_Coffee_OLD\com.inductiveautomation.vision\templates\APS Devices\Valves\Single_90Bend Mirrored\data.bin,7304,Untracked Vision Binary,"Open/modify/save this Vision window/template in an Ignition 8.3 Designer to convert it to XML, then rerun the scanner."
HFG_Coffee_OLD,templates/APS Devices/Valves/Single_iLO,HFG_Coffee_OLD\com.inductiveautomation.vision\templates\APS Devices\Valves\Single_iLO\data.bin,6894,Untracked Vision Binary,"Open/modify/save this Vision window/template in an Ignition 8.3 Designer to convert it to XML, then rerun the scanner."
HFG_Coffee_OLD,templates/APS Devices/Valves/Single_Original,HFG_Coffee_OLD\com.inductiveautomation.vision\templates\APS Devices\Valves\Single_Original\data.bin,7402,Untracked Vision Binary,"Open/modify/save this Vision window/template in an Ignition 8.3 Designer to convert it to XML, then rerun the scanner."
HFG_Coffee_OLD,templates/BRA Devices/Pipes/BRA_Pipe_AnimatedHoriz,HFG_Coffee_OLD\com.inductiveautomation.vision\templates\BRA Devices\Pipes\BRA_Pipe_AnimatedHoriz\template.bin,2269,Untracked Vision Binary,"Open/modify/save this Vision window/template in an Ignition 8.3 Designer to convert it to XML, then rerun the scanner."
HFG_Coffee_OLD,templates/BRA Devices/Pumps/Centrifugal,HFG_Coffee_OLD\com.inductiveautomation.vision\templates\BRA Devices\Pumps\Centrifugal\data.bin,12365,Untracked Vision Binary,"Open/modify/save this Vision window/template in an Ignition 8.3 Designer to convert it to XML, then rerun the scanner."
HFG_Coffee_OLD,templates/BRA Devices/Pumps/Centrifugal_PIDE,HFG_Coffee_OLD\com.inductiveautomation.vision\templates\BRA Devices\Pumps\Centrifugal_PIDE\data.bin,9927,Untracked Vision Binary,"Open/modify/save this Vision window/template in an Ignition 8.3 Designer to convert it to XML, then rerun the scanner."
HFG_Coffee_OLD,templates/BRA Devices/Static/Elbow_NoAnimation,HFG_Coffee_OLD\com.inductiveautomation.vision\templates\BRA Devices\Static\Elbow_NoAnimation\data.bin,2715,Untracked Vision Binary,"Open/modify/save this Vision window/template in an Ignition 8.3 Designer to convert it to XML, then rerun the scanner."
HFG_Coffee_OLD,templates/BRA Devices/Static/Nav_Label,HFG_Coffee_OLD\com.inductiveautomation.vision\templates\BRA Devices\Static\Nav_Label\template.bin,3293,Untracked Vision Binary,"Open/modify/save this Vision window/template in an Ignition 8.3 Designer to convert it to XML, then rerun the scanner."
HFG_Coffee_OLD,templates/BRA Devices/Static/SprayBall,HFG_Coffee_OLD\com.inductiveautomation.vision\templates\BRA Devices\Static\SprayBall\data.bin,2727,Untracked Vision Binary,"Open/modify/save this Vision window/template in an Ignition 8.3 Designer to convert it to XML, then rerun the scanner."
HFG_Coffee_OLD,templates/BRA Devices/Static/Straight_NoAnimation,HFG_Coffee_OLD\com.inductiveautomation.vision\templates\BRA Devices\Static\Straight_NoAnimation\data.bin,2368,Untracked Vision Binary,"Open/modify/save this Vision window/template in an Ignition 8.3 Designer to convert it to XML, then rerun the scanner."
HFG_Coffee_OLD,templates/BRA Devices/Static/Tee_NoAnimation,HFG_Coffee_OLD\com.inductiveautomation.vision\templates\BRA Devices\Static\Tee_NoAnimation\data.bin,2895,Untracked Vision Binary,"Open/modify/save this Vision window/template in an Ignition 8.3 Designer to convert it to XML, then rerun the scanner."
HFG_Coffee_OLD,templates/BRA Devices/Valves/ControlValve,HFG_Coffee_OLD\com.inductiveautomation.vision\templates\BRA Devices\Valves\ControlValve\data.bin,10086,Untracked Vision Binary,"Open/modify/save this Vision window/template in an Ignition 8.3 Designer to convert it to XML, then rerun the scanner."
HFG_Coffee_OLD,templates/BRA Devices/Valves/MixProof Valve,HFG_Coffee_OLD\com.inductiveautomation.vision\templates\BRA Devices\Valves\MixProof Valve\data.bin,7353,Untracked Vision Binary,"Open/modify/save this Vision window/template in an Ignition 8.3 Designer to convert it to XML, then rerun the scanner."
HFG_Coffee_OLD,templates/Buttons/BRA_Analog_Trending,HFG_Coffee_OLD\com.inductiveautomation.vision\templates\Buttons\BRA_Analog_Trending\data.bin,3763,Untracked Vision Binary,"Open/modify/save this Vision window/template in an Ignition 8.3 Designer to convert it to XML, then rerun the scanner."
HFG_Coffee_OLD,templates/Buttons/BRA_Discrete_Trending,HFG_Coffee_OLD\com.inductiveautomation.vision\templates\Buttons\BRA_Discrete_Trending\droptarget.bin,671,Untracked Vision Binary,"Open/modify/save this Vision window/template in an Ignition 8.3 Designer to convert it to XML, then rerun the scanner."
HFG_Coffee_OLD,templates/Buttons/BRA_Discrete_Trending,HFG_Coffee_OLD\com.inductiveautomation.vision\templates\Buttons\BRA_Discrete_Trending\template.bin,2108,Untracked Vision Binary,"Open/modify/save this Vision window/template in an Ignition 8.3 Designer to convert it to XML, then rerun the scanner."
HFG_Coffee_OLD,templates/Buttons/BRA_PhaseButton,HFG_Coffee_OLD\com.inductiveautomation.vision\templates\Buttons\BRA_PhaseButton\data.bin,5379,Untracked Vision Binary,"Open/modify/save this Vision window/template in an Ignition 8.3 Designer to convert it to XML, then rerun the scanner."
HFG_Coffee_OLD,templates/Buttons/BRA_SteepTank_Control,HFG_Coffee_OLD\com.inductiveautomation.vision\templates\Buttons\BRA_SteepTank_Control\template.bin,2844,Untracked Vision Binary,"Open/modify/save this Vision window/template in an Ignition 8.3 Designer to convert it to XML, then rerun the scanner."
HFG_Coffee_OLD,templates/Faceplates/MPV_Faceplate_v1,HFG_Coffee_OLD\com.inductiveautomation.vision\templates\Faceplates\MPV_Faceplate_v1\template.bin,5209,Untracked Vision Binary,"Open/modify/save this Vision window/template in an Ignition 8.3 Designer to convert it to XML, then rerun the scanner."
HFG_Coffee_OLD,templates/Faceplates/Phase_Faceplate_v1,HFG_Coffee_OLD\com.inductiveautomation.vision\templates\Faceplates\Phase_Faceplate_v1\template.bin,12225,Untracked Vision Binary,"Open/modify/save this Vision window/template in an Ignition 8.3 Designer to convert it to XML, then rerun the scanner."
HFG_Coffee_OLD,templates/Faceplates/SV_Faceplate_v1,HFG_Coffee_OLD\com.inductiveautomation.vision\templates\Faceplates\SV_Faceplate_v1\template.bin,4833,Untracked Vision Binary,"Open/modify/save this Vision window/template in an Ignition 8.3 Designer to convert it to XML, then rerun the scanner."
HFG_Coffee_OLD,templates/Faceplates/VFD_Faceplate_v1,HFG_Coffee_OLD\com.inductiveautomation.vision\templates\Faceplates\VFD_Faceplate_v1\template.bin,6961,Untracked Vision Binary,"Open/modify/save this Vision window/template in an Ignition 8.3 Designer to convert it to XML, then rerun the scanner."
HFG_Coffee_OLD,templates/Labels/NavigationLabel_v1,HFG_Coffee_OLD\com.inductiveautomation.vision\templates\Labels\NavigationLabel_v1\template.bin,4221,Untracked Vision Binary,"Open/modify/save this Vision window/template in an Ignition 8.3 Designer to convert it to XML, then rerun the scanner."
HFG_Coffee_OLD,templates/Labels/NavigationRectangleLabel_v1,HFG_Coffee_OLD\com.inductiveautomation.vision\templates\Labels\NavigationRectangleLabel_v1\template.bin,2941,Untracked Vision Binary,"Open/modify/save this Vision window/template in an Ignition 8.3 Designer to convert it to XML, then rerun the scanner."
HFG_Coffee_OLD,templates/Motors/Motor,HFG_Coffee_OLD\com.inductiveautomation.vision\templates\Motors\Motor\data.bin,8178,Untracked Vision Binary,"Open/modify/save this Vision window/template in an Ignition 8.3 Designer to convert it to XML, then rerun the scanner."
HFG_Coffee_OLD,templates/Pumps/Centrifugal Pump,HFG_Coffee_OLD\com.inductiveautomation.vision\templates\Pumps\Centrifugal Pump\droptarget.bin,626,Untracked Vision Binary,"Open/modify/save this Vision window/template in an Ignition 8.3 Designer to convert it to XML, then rerun the scanner."
HFG_Coffee_OLD,templates/Pumps/Centrifugal Pump,HFG_Coffee_OLD\com.inductiveautomation.vision\templates\Pumps\Centrifugal Pump\template.bin,4745,Untracked Vision Binary,"Open/modify/save this Vision window/template in an Ignition 8.3 Designer to convert it to XML, then rerun the scanner."
HFG_Coffee_OLD,templates/Pumps/Centrifugal Pump_PID,HFG_Coffee_OLD\com.inductiveautomation.vision\templates\Pumps\Centrifugal Pump_PID\data.bin,9303,Untracked Vision Binary,"Open/modify/save this Vision window/template in an Ignition 8.3 Designer to convert it to XML, then rerun the scanner."
HFG_Coffee_OLD,templates/Symbol Icons/InterlockIndicator,HFG_Coffee_OLD\com.inductiveautomation.vision\templates\Symbol Icons\InterlockIndicator\template.bin,1793,Untracked Vision Binary,"Open/modify/save this Vision window/template in an Ignition 8.3 Designer to convert it to XML, then rerun the scanner."
HFG_Coffee_OLD,templates/Symbol Icons/MPVAlarm,HFG_Coffee_OLD\com.inductiveautomation.vision\templates\Symbol Icons\MPVAlarm\template.bin,2481,Untracked Vision Binary,"Open/modify/save this Vision window/template in an Ignition 8.3 Designer to convert it to XML, then rerun the scanner."
HFG_Coffee_OLD,templates/Symbol Icons/OperatorMode,HFG_Coffee_OLD\com.inductiveautomation.vision\templates\Symbol Icons\OperatorMode\template.bin,1789,Untracked Vision Binary,"Open/modify/save this Vision window/template in an Ignition 8.3 Designer to convert it to XML, then rerun the scanner."
HFG_Coffee_OLD,templates/Symbol Icons/SVAlarm,HFG_Coffee_OLD\com.inductiveautomation.vision\templates\Symbol Icons\SVAlarm\template.bin,2483,Untracked Vision Binary,"Open/modify/save this Vision window/template in an Ignition 8.3 Designer to convert it to XML, then rerun the scanner."
HFG_Coffee_OLD,templates/Symbol Icons/VFDAlarm,HFG_Coffee_OLD\com.inductiveautomation.vision\templates\Symbol Icons\VFDAlarm\template.bin,2484,Untracked Vision Binary,"Open/modify/save this Vision window/template in an Ignition 8.3 Designer to convert it to XML, then rerun the scanner."
HFG_Coffee_OLD,templates/Symbols/Analog Inputs/LevelTransmitter_v1,HFG_Coffee_OLD\com.inductiveautomation.vision\templates\Symbols\Analog Inputs\LevelTransmitter_v1\template.bin,2195,Untracked Vision Binary,"Open/modify/save this Vision window/template in an Ignition 8.3 Designer to convert it to XML, then rerun the scanner."
HFG_Coffee_OLD,templates/Symbols/Analog Inputs/PressureTransmitter_v1,HFG_Coffee_OLD\com.inductiveautomation.vision\templates\Symbols\Analog Inputs\PressureTransmitter_v1\template.bin,2184,Untracked Vision Binary,"Open/modify/save this Vision window/template in an Ignition 8.3 Designer to convert it to XML, then rerun the scanner."
HFG_Coffee_OLD,templates/Symbols/Analog Inputs/TempTransmitter_v1,HFG_Coffee_OLD\com.inductiveautomation.vision\templates\Symbols\Analog Inputs\TempTransmitter_v1\template.bin,2222,Untracked Vision Binary,"Open/modify/save this Vision window/template in an Ignition 8.3 Designer to convert it to XML, then rerun the scanner."
HFG_Coffee_OLD,templates/Symbols/Analog Inputs/WeightTransmitter_v1,HFG_Coffee_OLD\com.inductiveautomation.vision\templates\Symbols\Analog Inputs\WeightTransmitter_v1\template.bin,2198,Untracked Vision Binary,"Open/modify/save this Vision window/template in an Ignition 8.3 Designer to convert it to XML, then rerun the scanner."
HFG_Coffee_OLD,templates/Symbols/CheckValve_v1,HFG_Coffee_OLD\com.inductiveautomation.vision\templates\Symbols\CheckValve_v1\template.bin,1071,Untracked Vision Binary,"Open/modify/save this Vision window/template in an Ignition 8.3 Designer to convert it to XML, then rerun the scanner."
HFG_Coffee_OLD,templates/Symbols/Digital Inputs/DigitalLabel_v1,HFG_Coffee_OLD\com.inductiveautomation.vision\templates\Symbols\Digital Inputs\DigitalLabel_v1\template.bin,1819,Untracked Vision Binary,"Open/modify/save this Vision window/template in an Ignition 8.3 Designer to convert it to XML, then rerun the scanner."
HFG_Coffee_OLD,templates/Symbols/DiverterValve_v1,HFG_Coffee_OLD\com.inductiveautomation.vision\templates\Symbols\DiverterValve_v1\template.bin,7678,Untracked Vision Binary,"Open/modify/save this Vision window/template in an Ignition 8.3 Designer to convert it to XML, then rerun the scanner."
HFG_Coffee_OLD,templates/Symbols/FlowPlate_v1,HFG_Coffee_OLD\com.inductiveautomation.vision\templates\Symbols\FlowPlate_v1\template.bin,4398,Untracked Vision Binary,"Open/modify/save this Vision window/template in an Ignition 8.3 Designer to convert it to XML, then rerun the scanner."
HFG_Coffee_OLD,templates/Symbols/ManualValve_v1,HFG_Coffee_OLD\com.inductiveautomation.vision\templates\Symbols\ManualValve_v1\template.bin,3564,Untracked Vision Binary,"Open/modify/save this Vision window/template in an Ignition 8.3 Designer to convert it to XML, then rerun the scanner."
HFG_Coffee_OLD,templates/Symbols/MixedProofValve_v1,HFG_Coffee_OLD\com.inductiveautomation.vision\templates\Symbols\MixedProofValve_v1\template.bin,8124,Untracked Vision Binary,"Open/modify/save this Vision window/template in an Ignition 8.3 Designer to convert it to XML, then rerun the scanner."
HFG_Coffee_OLD,templates/Symbols/Motor_v1,HFG_Coffee_OLD\com.inductiveautomation.vision\templates\Symbols\Motor_v1\template.bin,7078,Untracked Vision Binary,"Open/modify/save this Vision window/template in an Ignition 8.3 Designer to convert it to XML, then rerun the scanner."
HFG_Coffee_OLD,templates/Symbols/Pipes/HorizontalPipe,HFG_Coffee_OLD\com.inductiveautomation.vision\templates\Symbols\Pipes\HorizontalPipe\template.bin,2260,Untracked Vision Binary,"Open/modify/save this Vision window/template in an Ignition 8.3 Designer to convert it to XML, then rerun the scanner."
HFG_Coffee_OLD,templates/Symbols/Pipes/VerticalPipe,HFG_Coffee_OLD\com.inductiveautomation.vision\templates\Symbols\Pipes\VerticalPipe\template.bin,2267,Untracked Vision Binary,"Open/modify/save this Vision window/template in an Ignition 8.3 Designer to convert it to XML, then rerun the scanner."
HFG_Coffee_OLD,templates/Symbols/Valve_v1,HFG_Coffee_OLD\com.inductiveautomation.vision\templates\Symbols\Valve_v1\template.bin,6301,Untracked Vision Binary,"Open/modify/save this Vision window/template in an Ignition 8.3 Designer to convert it to XML, then rerun the scanner."
HFG_Coffee_OLD,windows/Alarms/Alarm Status,HFG_Coffee_OLD\com.inductiveautomation.vision\windows\Alarms\Alarm Status\data.bin,4149,Untracked Vision Binary,"Open/modify/save this Vision window/template in an Ignition 8.3 Designer to convert it to XML, then rerun the scanner."
HFG_Coffee_OLD,windows/Main Windows/Alarm Status,HFG_Coffee_OLD\com.inductiveautomation.vision\windows\Main Windows\Alarm Status\data.bin,7177,Untracked Vision Binary,"Open/modify/save this Vision window/template in an Ignition 8.3 Designer to convert it to XML, then rerun the scanner."
HFG_Coffee_OLD,windows/Main Windows/CIP3,HFG_Coffee_OLD\com.inductiveautomation.vision\windows\Main Windows\CIP3\window.bin,23278,Untracked Vision Binary,"Open/modify/save this Vision window/template in an Ignition 8.3 Designer to convert it to XML, then rerun the scanner."
HFG_Coffee_OLD,windows/Main Windows/Coffee Holding Tank 13,HFG_Coffee_OLD\com.inductiveautomation.vision\windows\Main Windows\Coffee Holding Tank 13\window.bin,15862,Untracked Vision Binary,"Open/modify/save this Vision window/template in an Ignition 8.3 Designer to convert it to XML, then rerun the scanner."
HFG_Coffee_OLD,windows/Main Windows/Coffee ICONS,HFG_Coffee_OLD\com.inductiveautomation.vision\windows\Main Windows\Coffee ICONS\window.bin,13317,Untracked Vision Binary,"Open/modify/save this Vision window/template in an Ignition 8.3 Designer to convert it to XML, then rerun the scanner."
HFG_Coffee_OLD,windows/Main Windows/Coffee2.0,HFG_Coffee_OLD\com.inductiveautomation.vision\windows\Main Windows\Coffee2.0\window.bin,88394,Untracked Vision Binary,"Open/modify/save this Vision window/template in an Ignition 8.3 Designer to convert it to XML, then rerun the scanner."
HFG_Coffee_OLD,windows/Main Windows/Line1,HFG_Coffee_OLD\com.inductiveautomation.vision\windows\Main Windows\Line1\window.bin,43138,Untracked Vision Binary,"Open/modify/save this Vision window/template in an Ignition 8.3 Designer to convert it to XML, then rerun the scanner."
HFG_Coffee_OLD,windows/Main Windows/Line1_Old,HFG_Coffee_OLD\com.inductiveautomation.vision\windows\Main Windows\Line1_Old\window.bin,34861,Untracked Vision Binary,"Open/modify/save this Vision window/template in an Ignition 8.3 Designer to convert it to XML, then rerun the scanner."
HFG_Coffee_OLD,windows/Main Windows/Line2,HFG_Coffee_OLD\com.inductiveautomation.vision\windows\Main Windows\Line2\window.bin,46803,Untracked Vision Binary,"Open/modify/save this Vision window/template in an Ignition 8.3 Designer to convert it to XML, then rerun the scanner."
HFG_Coffee_OLD,windows/Main Windows/Line2_Old,HFG_Coffee_OLD\com.inductiveautomation.vision\windows\Main Windows\Line2_Old\window.bin,39510,Untracked Vision Binary,"Open/modify/save this Vision window/template in an Ignition 8.3 Designer to convert it to XML, then rerun the scanner."
HFG_Coffee_OLD,windows/Main Windows/Line3,HFG_Coffee_OLD\com.inductiveautomation.vision\windows\Main Windows\Line3\window.bin,45515,Untracked Vision Binary,"Open/modify/save this Vision window/template in an Ignition 8.3 Designer to convert it to XML, then rerun the scanner."
HFG_Coffee_OLD,windows/Main Windows/Line3_Old,HFG_Coffee_OLD\com.inductiveautomation.vision\windows\Main Windows\Line3_Old\window.bin,37257,Untracked Vision Binary,"Open/modify/save this Vision window/template in an Ignition 8.3 Designer to convert it to XML, then rerun the scanner."
HFG_Coffee_OLD,windows/Main Windows/Line4,HFG_Coffee_OLD\com.inductiveautomation.vision\windows\Main Windows\Line4\window.bin,45356,Untracked Vision Binary,"Open/modify/save this Vision window/template in an Ignition 8.3 Designer to convert it to XML, then rerun the scanner."
HFG_Coffee_OLD,windows/Main Windows/Line4_Old,HFG_Coffee_OLD\com.inductiveautomation.vision\windows\Main Windows\Line4_Old\window.bin,37276,Untracked Vision Binary,"Open/modify/save this Vision window/template in an Ignition 8.3 Designer to convert it to XML, then rerun the scanner."
HFG_Coffee_OLD,windows/Main Windows/Main Window,HFG_Coffee_OLD\com.inductiveautomation.vision\windows\Main Windows\Main Window\window.bin,781,Untracked Vision Binary,"Open/modify/save this Vision window/template in an Ignition 8.3 Designer to convert it to XML, then rerun the scanner."
HFG_Coffee_OLD,windows/Main Windows/Plant CIP Circuit Statuses,HFG_Coffee_OLD\com.inductiveautomation.vision\windows\Main Windows\Plant CIP Circuit Statuses\window.bin,32389,Untracked Vision Binary,"Open/modify/save this Vision window/template in an Ignition 8.3 Designer to convert it to XML, then rerun the scanner."
HFG_Coffee_OLD,windows/Main Windows/Roster Management,HFG_Coffee_OLD\com.inductiveautomation.vision\windows\Main Windows\Roster Management\data.bin,5862,Untracked Vision Binary,"Open/modify/save this Vision window/template in an Ignition 8.3 Designer to convert it to XML, then rerun the scanner."
HFG_Coffee_OLD,windows/Main Windows/Schedule Management,HFG_Coffee_OLD\com.inductiveautomation.vision\windows\Main Windows\Schedule Management\data.bin,8929,Untracked Vision Binary,"Open/modify/save this Vision window/template in an Ignition 8.3 Designer to convert it to XML, then rerun the scanner."
HFG_Coffee_OLD,windows/Main Windows/User Management,HFG_Coffee_OLD\com.inductiveautomation.vision\windows\Main Windows\User Management\data.bin,14686,Untracked Vision Binary,"Open/modify/save this Vision window/template in an Ignition 8.3 Designer to convert it to XML, then rerun the scanner."
HFG_Coffee_OLD,windows/Navigation,HFG_Coffee_OLD\com.inductiveautomation.vision\windows\Navigation\window.bin,170458,Untracked Vision Binary,"Open/modify/save this Vision window/template in an Ignition 8.3 Designer to convert it to XML, then rerun the scanner."
HFG_Coffee_OLD,windows/Popups/BRA_Alarms,HFG_Coffee_OLD\com.inductiveautomation.vision\windows\Popups\BRA_Alarms\window.bin,4293,Untracked Vision Binary,"Open/modify/save this Vision window/template in an Ignition 8.3 Designer to convert it to XML, then rerun the scanner."
HFG_Coffee_OLD,windows/Popups/BRA_AlarmStatus_COF,HFG_Coffee_OLD\com.inductiveautomation.vision\windows\Popups\BRA_AlarmStatus_COF\data.bin,3901,Untracked Vision Binary,"Open/modify/save this Vision window/template in an Ignition 8.3 Designer to convert it to XML, then rerun the scanner."
HFG_Coffee_OLD,windows/Popups/BRA_AlarmStatus_COF1,HFG_Coffee_OLD\com.inductiveautomation.vision\windows\Popups\BRA_AlarmStatus_COF1\data.bin,3879,Untracked Vision Binary,"Open/modify/save this Vision window/template in an Ignition 8.3 Designer to convert it to XML, then rerun the scanner."
HFG_Coffee_OLD,windows/Popups/BRA_Analog_Trending,HFG_Coffee_OLD\com.inductiveautomation.vision\windows\Popups\BRA_Analog_Trending\window.bin,6303,Untracked Vision Binary,"Open/modify/save this Vision window/template in an Ignition 8.3 Designer to convert it to XML, then rerun the scanner."
HFG_Coffee_OLD,windows/Popups/BRA_CIP1_L1_Passivation,HFG_Coffee_OLD\com.inductiveautomation.vision\windows\Popups\BRA_CIP1_L1_Passivation\window.bin,3812,Untracked Vision Binary,"Open/modify/save this Vision window/template in an Ignition 8.3 Designer to convert it to XML, then rerun the scanner."
HFG_Coffee_OLD,windows/Popups/BRA_CIP_SequenceViewer,HFG_Coffee_OLD\com.inductiveautomation.vision\windows\Popups\BRA_CIP_SequenceViewer\window.bin,8460,Untracked Vision Binary,"Open/modify/save this Vision window/template in an Ignition 8.3 Designer to convert it to XML, then rerun the scanner."
HFG_Coffee_OLD,windows/Popups/BRA_Configuration_CIPRecipe,HFG_Coffee_OLD\com.inductiveautomation.vision\windows\Popups\BRA_Configuration_CIPRecipe\data.bin,23981,Untracked Vision Binary,"Open/modify/save this Vision window/template in an Ignition 8.3 Designer to convert it to XML, then rerun the scanner."
HFG_Coffee_OLD,windows/Popups/BRA_Configuration_CIPSequence,HFG_Coffee_OLD\com.inductiveautomation.vision\windows\Popups\BRA_Configuration_CIPSequence\window.bin,8513,Untracked Vision Binary,"Open/modify/save this Vision window/template in an Ignition 8.3 Designer to convert it to XML, then rerun the scanner."
HFG_Coffee_OLD,windows/Popups/BRA_DosingPump_Faceplate,HFG_Coffee_OLD\com.inductiveautomation.vision\windows\Popups\BRA_DosingPump_Faceplate\data.bin,13931,Untracked Vision Binary,"Open/modify/save this Vision window/template in an Ignition 8.3 Designer to convert it to XML, then rerun the scanner."
HFG_Coffee_OLD,windows/Popups/BRA_DValve_Faceplate_iLO,HFG_Coffee_OLD\com.inductiveautomation.vision\windows\Popups\BRA_DValve_Faceplate_iLO\window.bin,5862,Untracked Vision Binary,"Open/modify/save this Vision window/template in an Ignition 8.3 Designer to convert it to XML, then rerun the scanner."
HFG_Coffee_OLD,windows/Popups/BRA_DValve_Maint_iLO,HFG_Coffee_OLD\com.inductiveautomation.vision\windows\Popups\BRA_DValve_Maint_iLO\data.bin,15973,Untracked Vision Binary,"Open/modify/save this Vision window/template in an Ignition 8.3 Designer to convert it to XML, then rerun the scanner."
HFG_Coffee_OLD,windows/Popups/BRA_MixProofSeats,HFG_Coffee_OLD\com.inductiveautomation.vision\windows\Popups\BRA_MixProofSeats\data.bin,14849,Untracked Vision Binary,"Open/modify/save this Vision window/template in an Ignition 8.3 Designer to convert it to XML, then rerun the scanner."
HFG_Coffee_OLD,windows/Popups/BRA_MixProofSeats_Coffee13,HFG_Coffee_OLD\com.inductiveautomation.vision\windows\Popups\BRA_MixProofSeats_Coffee13\window.bin,5654,Untracked Vision Binary,"Open/modify/save this Vision window/template in an Ignition 8.3 Designer to convert it to XML, then rerun the scanner."
HFG_Coffee_OLD,windows/Popups/BRA_MixProofValve_Faceplate,HFG_Coffee_OLD\com.inductiveautomation.vision\windows\Popups\BRA_MixProofValve_Faceplate\window.bin,6205,Untracked Vision Binary,"Open/modify/save this Vision window/template in an Ignition 8.3 Designer to convert it to XML, then rerun the scanner."
HFG_Coffee_OLD,windows/Popups/BRA_MixProofValve_Faceplate_Coffee13,HFG_Coffee_OLD\com.inductiveautomation.vision\windows\Popups\BRA_MixProofValve_Faceplate_Coffee13\window.bin,5996,Untracked Vision Binary,"Open/modify/save this Vision window/template in an Ignition 8.3 Designer to convert it to XML, then rerun the scanner."
HFG_Coffee_OLD,windows/Popups/BRA_OpAlarms,HFG_Coffee_OLD\com.inductiveautomation.vision\windows\Popups\BRA_OpAlarms\data.bin,8201,Untracked Vision Binary,"Open/modify/save this Vision window/template in an Ignition 8.3 Designer to convert it to XML, then rerun the scanner."
HFG_Coffee_OLD,windows/Popups/BRA_Operation,HFG_Coffee_OLD\com.inductiveautomation.vision\windows\Popups\BRA_Operation\window.bin,3419,Untracked Vision Binary,"Open/modify/save this Vision window/template in an Ignition 8.3 Designer to convert it to XML, then rerun the scanner."
HFG_Coffee_OLD,windows/Popups/BRA_Operation_Alarms_Custom,HFG_Coffee_OLD\com.inductiveautomation.vision\windows\Popups\BRA_Operation_Alarms_Custom\window.bin,4844,Untracked Vision Binary,"Open/modify/save this Vision window/template in an Ignition 8.3 Designer to convert it to XML, then rerun the scanner."
HFG_Coffee_OLD,windows/Popups/BRA_Operation_Custom,HFG_Coffee_OLD\com.inductiveautomation.vision\windows\Popups\BRA_Operation_Custom\window.bin,11782,Untracked Vision Binary,"Open/modify/save this Vision window/template in an Ignition 8.3 Designer to convert it to XML, then rerun the scanner."
HFG_Coffee_OLD,windows/Popups/BRA_Operation_Custom_COF_CIP,HFG_Coffee_OLD\com.inductiveautomation.vision\windows\Popups\BRA_Operation_Custom_COF_CIP\window.bin,11955,Untracked Vision Binary,"Open/modify/save this Vision window/template in an Ignition 8.3 Designer to convert it to XML, then rerun the scanner."
HFG_Coffee_OLD,windows/Popups/BRA_Operation_Interlocks,HFG_Coffee_OLD\com.inductiveautomation.vision\windows\Popups\BRA_Operation_Interlocks\data.bin,10972,Untracked Vision Binary,"Open/modify/save this Vision window/template in an Ignition 8.3 Designer to convert it to XML, then rerun the scanner."
HFG_Coffee_OLD,windows/Popups/BRA_Operation_Interlocks_Custom,HFG_Coffee_OLD\com.inductiveautomation.vision\windows\Popups\BRA_Operation_Interlocks_Custom\data.bin,10617,Untracked Vision Binary,"Open/modify/save this Vision window/template in an Ignition 8.3 Designer to convert it to XML, then rerun the scanner."
HFG_Coffee_OLD,windows/Popups/BRA_Operation_Parameters,HFG_Coffee_OLD\com.inductiveautomation.vision\windows\Popups\BRA_Operation_Parameters\data.bin,13513,Untracked Vision Binary,"Open/modify/save this Vision window/template in an Ignition 8.3 Designer to convert it to XML, then rerun the scanner."
HFG_Coffee_OLD,windows/Popups/BRA_Operation_Parameters_Custom,HFG_Coffee_OLD\com.inductiveautomation.vision\windows\Popups\BRA_Operation_Parameters_Custom\data.bin,14603,Untracked Vision Binary,"Open/modify/save this Vision window/template in an Ignition 8.3 Designer to convert it to XML, then rerun the scanner."
HFG_Coffee_OLD,windows/Popups/BRA_Phase,HFG_Coffee_OLD\com.inductiveautomation.vision\windows\Popups\BRA_Phase\window.bin,2448,Untracked Vision Binary,"Open/modify/save this Vision window/template in an Ignition 8.3 Designer to convert it to XML, then rerun the scanner."
HFG_Coffee_OLD,windows/Popups/BRA_Phase_Alarms_Custom,HFG_Coffee_OLD\com.inductiveautomation.vision\windows\Popups\BRA_Phase_Alarms_Custom\window.bin,4798,Untracked Vision Binary,"Open/modify/save this Vision window/template in an Ignition 8.3 Designer to convert it to XML, then rerun the scanner."
HFG_Coffee_OLD,windows/Popups/BRA_Phase_CIP13,HFG_Coffee_OLD\com.inductiveautomation.vision\windows\Popups\BRA_Phase_CIP13\window.bin,8725,Untracked Vision Binary,"Open/modify/save this Vision window/template in an Ignition 8.3 Designer to convert it to XML, then rerun the scanner."
HFG_Coffee_OLD,windows/Popups/BRA_Phase_Coffee,HFG_Coffee_OLD\com.inductiveautomation.vision\windows\Popups\BRA_Phase_Coffee\data.bin,17470,Untracked Vision Binary,"Open/modify/save this Vision window/template in an Ignition 8.3 Designer to convert it to XML, then rerun the scanner."
HFG_Coffee_OLD,windows/Popups/BRA_Phase_Custom,HFG_Coffee_OLD\com.inductiveautomation.vision\windows\Popups\BRA_Phase_Custom\window.bin,7864,Untracked Vision Binary,"Open/modify/save this Vision window/template in an Ignition 8.3 Designer to convert it to XML, then rerun the scanner."
HFG_Coffee_OLD,windows/Popups/BRA_Phase_Interlocks,HFG_Coffee_OLD\com.inductiveautomation.vision\windows\Popups\BRA_Phase_Interlocks\window.bin,6186,Untracked Vision Binary,"Open/modify/save this Vision window/template in an Ignition 8.3 Designer to convert it to XML, then rerun the scanner."
HFG_Coffee_OLD,windows/Popups/BRA_Phase_Interlocks_Custom,HFG_Coffee_OLD\com.inductiveautomation.vision\windows\Popups\BRA_Phase_Interlocks_Custom\window.bin,5881,Untracked Vision Binary,"Open/modify/save this Vision window/template in an Ignition 8.3 Designer to convert it to XML, then rerun the scanner."
HFG_Coffee_OLD,windows/Popups/BRA_Phase_Parameters,HFG_Coffee_OLD\com.inductiveautomation.vision\windows\Popups\BRA_Phase_Parameters\data.bin,10923,Untracked Vision Binary,"Open/modify/save this Vision window/template in an Ignition 8.3 Designer to convert it to XML, then rerun the scanner."
HFG_Coffee_OLD,windows/Popups/BRA_Phase_Parameters_Custom,HFG_Coffee_OLD\com.inductiveautomation.vision\windows\Popups\BRA_Phase_Parameters_Custom\data.bin,14343,Untracked Vision Binary,"Open/modify/save this Vision window/template in an Ignition 8.3 Designer to convert it to XML, then rerun the scanner."
HFG_Coffee_OLD,windows/Popups/BRA_Phase_PkgCIP,HFG_Coffee_OLD\com.inductiveautomation.vision\windows\Popups\BRA_Phase_PkgCIP\data.bin,19765,Untracked Vision Binary,"Open/modify/save this Vision window/template in an Ignition 8.3 Designer to convert it to XML, then rerun the scanner."
HFG_Coffee_OLD,windows/Popups/BRA_Phase_RO,HFG_Coffee_OLD\com.inductiveautomation.vision\windows\Popups\BRA_Phase_RO\window.bin,9411,Untracked Vision Binary,"Open/modify/save this Vision window/template in an Ignition 8.3 Designer to convert it to XML, then rerun the scanner."
HFG_Coffee_OLD,windows/Popups/BRA_Phase_Tk12Transfer,HFG_Coffee_OLD\com.inductiveautomation.vision\windows\Popups\BRA_Phase_Tk12Transfer\data.bin,19819,Untracked Vision Binary,"Open/modify/save this Vision window/template in an Ignition 8.3 Designer to convert it to XML, then rerun the scanner."
HFG_Coffee_OLD,windows/Popups/BRA_Phase_Tk13Transfer,HFG_Coffee_OLD\com.inductiveautomation.vision\windows\Popups\BRA_Phase_Tk13Transfer\data.bin,19260,Untracked Vision Binary,"Open/modify/save this Vision window/template in an Ignition 8.3 Designer to convert it to XML, then rerun the scanner."
HFG_Coffee_OLD,windows/Popups/BRA_Phase_TransferLineCIP,HFG_Coffee_OLD\com.inductiveautomation.vision\windows\Popups\BRA_Phase_TransferLineCIP\window.bin,8735,Untracked Vision Binary,"Open/modify/save this Vision window/template in an Ignition 8.3 Designer to convert it to XML, then rerun the scanner."
HFG_Coffee_OLD,windows/Popups/BRA_PhaseSelection,HFG_Coffee_OLD\com.inductiveautomation.vision\windows\Popups\BRA_PhaseSelection\window.bin,6675,Untracked Vision Binary,"Open/modify/save this Vision window/template in an Ignition 8.3 Designer to convert it to XML, then rerun the scanner."
HFG_Coffee_OLD,windows/Popups/BRA_PhaseSelectionA_CONC,HFG_Coffee_OLD\com.inductiveautomation.vision\windows\Popups\BRA_PhaseSelectionA_CONC\data.bin,9605,Untracked Vision Binary,"Open/modify/save this Vision window/template in an Ignition 8.3 Designer to convert it to XML, then rerun the scanner."
HFG_Coffee_OLD,windows/Popups/BRA_PhaseSelectionA_TRANSFER,HFG_Coffee_OLD\com.inductiveautomation.vision\windows\Popups\BRA_PhaseSelectionA_TRANSFER\window.bin,5194,Untracked Vision Binary,"Open/modify/save this Vision window/template in an Ignition 8.3 Designer to convert it to XML, then rerun the scanner."
HFG_Coffee_OLD,windows/Popups/BRA_PhaseSelectionB_CONC,HFG_Coffee_OLD\com.inductiveautomation.vision\windows\Popups\BRA_PhaseSelectionB_CONC\data.bin,9683,Untracked Vision Binary,"Open/modify/save this Vision window/template in an Ignition 8.3 Designer to convert it to XML, then rerun the scanner."
HFG_Coffee_OLD,windows/Popups/BRA_PhaseSelectionB_TRANSFER,HFG_Coffee_OLD\com.inductiveautomation.vision\windows\Popups\BRA_PhaseSelectionB_TRANSFER\data.bin,17308,Untracked Vision Binary,"Open/modify/save this Vision window/template in an Ignition 8.3 Designer to convert it to XML, then rerun the scanner."
HFG_Coffee_OLD,windows/Popups/BRA_PhaseSelectionC_CONC,HFG_Coffee_OLD\com.inductiveautomation.vision\windows\Popups\BRA_PhaseSelectionC_CONC\data.bin,9719,Untracked Vision Binary,"Open/modify/save this Vision window/template in an Ignition 8.3 Designer to convert it to XML, then rerun the scanner."
HFG_Coffee_OLD,windows/Popups/BRA_PhaseSelectionC_TRANSFER,HFG_Coffee_OLD\com.inductiveautomation.vision\windows\Popups\BRA_PhaseSelectionC_TRANSFER\data.bin,16690,Untracked Vision Binary,"Open/modify/save this Vision window/template in an Ignition 8.3 Designer to convert it to XML, then rerun the scanner."
HFG_Coffee_OLD,windows/Popups/BRA_PhaseSelectionD_CONC,HFG_Coffee_OLD\com.inductiveautomation.vision\windows\Popups\BRA_PhaseSelectionD_CONC\data.bin,9759,Untracked Vision Binary,"Open/modify/save this Vision window/template in an Ignition 8.3 Designer to convert it to XML, then rerun the scanner."
HFG_Coffee_OLD,windows/Popups/BRA_PhaseSelectionD_TRANSFER,HFG_Coffee_OLD\com.inductiveautomation.vision\windows\Popups\BRA_PhaseSelectionD_TRANSFER\data.bin,17229,Untracked Vision Binary,"Open/modify/save this Vision window/template in an Ignition 8.3 Designer to convert it to XML, then rerun the scanner."
HFG_Coffee_OLD,windows/Popups/BRA_PIDE,HFG_Coffee_OLD\com.inductiveautomation.vision\windows\Popups\BRA_PIDE\data.bin,18467,Untracked Vision Binary,"Open/modify/save this Vision window/template in an Ignition 8.3 Designer to convert it to XML, then rerun the scanner."
HFG_Coffee_OLD,windows/Popups/BRA_PIDE_Pump_Faceplate,HFG_Coffee_OLD\com.inductiveautomation.vision\windows\Popups\BRA_PIDE_Pump_Faceplate\window.bin,8823,Untracked Vision Binary,"Open/modify/save this Vision window/template in an Ignition 8.3 Designer to convert it to XML, then rerun the scanner."
HFG_Coffee_OLD,windows/Popups/BRA_PIDE_Trending,HFG_Coffee_OLD\com.inductiveautomation.vision\windows\Popups\BRA_PIDE_Trending\window.bin,7770,Untracked Vision Binary,"Open/modify/save this Vision window/template in an Ignition 8.3 Designer to convert it to XML, then rerun the scanner."
HFG_Coffee_OLD,windows/Popups/BRA_PIDE_TrendingOLD,HFG_Coffee_OLD\com.inductiveautomation.vision\windows\Popups\BRA_PIDE_TrendingOLD\data.bin,22109,Untracked Vision Binary,"Open/modify/save this Vision window/template in an Ignition 8.3 Designer to convert it to XML, then rerun the scanner."
HFG_Coffee_OLD,windows/Popups/BRA_PIDE_Valve_Faceplate,HFG_Coffee_OLD\com.inductiveautomation.vision\windows\Popups\BRA_PIDE_Valve_Faceplate\window.bin,7779,Untracked Vision Binary,"Open/modify/save this Vision window/template in an Ignition 8.3 Designer to convert it to XML, then rerun the scanner."
HFG_Coffee_OLD,windows/Popups/BRA_Totalizer_Faceplate,HFG_Coffee_OLD\com.inductiveautomation.vision\windows\Popups\BRA_Totalizer_Faceplate\data.bin,10763,Untracked Vision Binary,"Open/modify/save this Vision window/template in an Ignition 8.3 Designer to convert it to XML, then rerun the scanner."
HFG_Coffee_OLD,windows/Popups/BRA_Valve_AutoManual_OpenClose_Trending,HFG_Coffee_OLD\com.inductiveautomation.vision\windows\Popups\BRA_Valve_AutoManual_OpenClose_Trending\window.bin,5817,Untracked Vision Binary,"Open/modify/save this Vision window/template in an Ignition 8.3 Designer to convert it to XML, then rerun the scanner."
HFG_Coffee_OLD,windows/Popups/BRA_Valve_AutoManual_OpenClose_TrendingMP,HFG_Coffee_OLD\com.inductiveautomation.vision\windows\Popups\BRA_Valve_AutoManual_OpenClose_TrendingMP\data.bin,18984,Untracked Vision Binary,"Open/modify/save this Vision window/template in an Ignition 8.3 Designer to convert it to XML, then rerun the scanner."
HFG_Coffee_OLD,windows/Popups/BRA_Valve_Faceplate,HFG_Coffee_OLD\com.inductiveautomation.vision\windows\Popups\BRA_Valve_Faceplate\window.bin,5859,Untracked Vision Binary,"Open/modify/save this Vision window/template in an Ignition 8.3 Designer to convert it to XML, then rerun the scanner."
HFG_Coffee_OLD,windows/Popups/BRA_Valve_Trending,HFG_Coffee_OLD\com.inductiveautomation.vision\windows\Popups\BRA_Valve_Trending\window.bin,5879,Untracked Vision Binary,"Open/modify/save this Vision window/template in an Ignition 8.3 Designer to convert it to XML, then rerun the scanner."
HFG_Coffee_OLD,windows/Popups/BRA_VFD_Faceplate,HFG_Coffee_OLD\com.inductiveautomation.vision\windows\Popups\BRA_VFD_Faceplate\window.bin,7056,Untracked Vision Binary,"Open/modify/save this Vision window/template in an Ignition 8.3 Designer to convert it to XML, then rerun the scanner."
HFG_Coffee_OLD,windows/Popups/BRA_VFD_Faceplate_Coffee13,HFG_Coffee_OLD\com.inductiveautomation.vision\windows\Popups\BRA_VFD_Faceplate_Coffee13\window.bin,6748,Untracked Vision Binary,"Open/modify/save this Vision window/template in an Ignition 8.3 Designer to convert it to XML, then rerun the scanner."
HFG_Coffee_OLD,windows/Popups/Faceplates/MPV_v1,HFG_Coffee_OLD\com.inductiveautomation.vision\windows\Popups\Faceplates\MPV_v1\window.bin,2263,Untracked Vision Binary,"Open/modify/save this Vision window/template in an Ignition 8.3 Designer to convert it to XML, then rerun the scanner."
HFG_Coffee_OLD,windows/Popups/Faceplates/Phase_Basic_V1,HFG_Coffee_OLD\com.inductiveautomation.vision\windows\Popups\Faceplates\Phase_Basic_V1\window.bin,2053,Untracked Vision Binary,"Open/modify/save this Vision window/template in an Ignition 8.3 Designer to convert it to XML, then rerun the scanner."
HFG_Coffee_OLD,windows/Popups/Faceplates/SV_v1,HFG_Coffee_OLD\com.inductiveautomation.vision\windows\Popups\Faceplates\SV_v1\window.bin,1629,Untracked Vision Binary,"Open/modify/save this Vision window/template in an Ignition 8.3 Designer to convert it to XML, then rerun the scanner."
HFG_Coffee_OLD,windows/Popups/Faceplates/VFD_V1,HFG_Coffee_OLD\com.inductiveautomation.vision\windows\Popups\Faceplates\VFD_V1\window.bin,1605,Untracked Vision Binary,"Open/modify/save this Vision window/template in an Ignition 8.3 Designer to convert it to XML, then rerun the scanner."
HFG_Coffee_OLD,windows/Popups/Trending/BRA_Analog,HFG_Coffee_OLD\com.inductiveautomation.vision\windows\Popups\Trending\BRA_Analog\window.bin,6564,Untracked Vision Binary,"Open/modify/save this Vision window/template in an Ignition 8.3 Designer to convert it to XML, then rerun the scanner."
HFG_Coffee_OLD,windows/Popups/Trending/BRA_Discrete,HFG_Coffee_OLD\com.inductiveautomation.vision\windows\Popups\Trending\BRA_Discrete\window.bin,7010,Untracked Vision Binary,"Open/modify/save this Vision window/template in an Ignition 8.3 Designer to convert it to XML, then rerun the scanner."
HFG_Coffee_OLD,windows/Popups/Trending/BRA_VFD_Faceplate_Coffee2_0,HFG_Coffee_OLD\com.inductiveautomation.vision\windows\Popups\Trending\BRA_VFD_Faceplate_Coffee2_0\window.bin,6750,Untracked Vision Binary,"Open/modify/save this Vision window/template in an Ignition 8.3 Designer to convert it to XML, then rerun the scanner."
HFG_Coffee_OLD,windows/Red Lion Data,HFG_Coffee_OLD\com.inductiveautomation.vision\windows\Red Lion Data\window.bin,2438,Untracked Vision Binary,"Open/modify/save this Vision window/template in an Ignition 8.3 Designer to convert it to XML, then rerun the scanner."
HFG_Coffee_OLD,windows/User Management/Switch User,HFG_Coffee_OLD\com.inductiveautomation.vision\windows\User Management\Switch User\data.bin,8705,Untracked Vision Binary,"Open/modify/save this Vision window/template in an Ignition 8.3 Designer to convert it to XML, then rerun the scanner."
HFG_SIP_Reporting,windows/Hassia1ProductionShiftTesting,HFG_SIP_Reporting\com.inductiveautomation.vision\windows\Hassia1ProductionShiftTesting\window.bin,4698,Untracked Vision Binary,"Open/modify/save this Vision window/template in an Ignition 8.3 Designer to convert it to XML, then rerun the scanner."
HFG_SIP_Reporting,windows/Main Windows/Reporting,HFG_SIP_Reporting\com.inductiveautomation.vision\windows\Main Windows\Reporting\window.bin,6859,Untracked Vision Binary,"Open/modify/save this Vision window/template in an Ignition 8.3 Designer to convert it to XML, then rerun the scanner."
HFG_SIP_Reporting,windows/Main Windows/Test,HFG_SIP_Reporting\com.inductiveautomation.vision\windows\Main Windows\Test\window.bin,3736,Untracked Vision Binary,"Open/modify/save this Vision window/template in an Ignition 8.3 Designer to convert it to XML, then rerun the scanner."
HFG_SIP_Reporting,windows/Navigation,HFG_SIP_Reporting\com.inductiveautomation.vision\windows\Navigation\window.bin,170780,Untracked Vision Binary,"Open/modify/save this Vision window/template in an Ignition 8.3 Designer to convert it to XML, then rerun the scanner."
HFG_SIP_Reporting,windows/ReportTagTesting,HFG_SIP_Reporting\com.inductiveautomation.vision\windows\ReportTagTesting\window.bin,4433,Untracked Vision Binary,"Open/modify/save this Vision window/template in an Ignition 8.3 Designer to convert it to XML, then rerun the scanner."
HFG_SIP_Reporting,windows/SprayDryCIPTesting,HFG_SIP_Reporting\com.inductiveautomation.vision\windows\SprayDryCIPTesting\window.bin,2375,Untracked Vision Binary,"Open/modify/save this Vision window/template in an Ignition 8.3 Designer to convert it to XML, then rerun the scanner."
HFG_SIP_Reporting,windows/Tag History,HFG_SIP_Reporting\com.inductiveautomation.vision\windows\Tag History\window.bin,3453,Untracked Vision Binary,"Open/modify/save this Vision window/template in an Ignition 8.3 Designer to convert it to XML, then rerun the scanner."
LWE_Master,windows/Popups/Acid Confirmation Add,LWE_Master\com.inductiveautomation.vision\windows\Popups\Acid Confirmation Add\window.bin,3934,Untracked Vision Binary,"Open/modify/save this Vision window/template in an Ignition 8.3 Designer to convert it to XML, then rerun the scanner."
LWE_Master,windows/Popups/Shick Device Popups/Generic Shick FSM Popup,LWE_Master\com.inductiveautomation.vision\windows\Popups\Shick Device Popups\Generic Shick FSM Popup\window.bin,11871,Untracked Vision Binary,"Open/modify/save this Vision window/template in an Ignition 8.3 Designer to convert it to XML, then rerun the scanner."
LWE_Master,windows/Popups/Shick Device Popups/Tank Farm FSM Popup,LWE_Master\com.inductiveautomation.vision\windows\Popups\Shick Device Popups\Tank Farm FSM Popup\window.bin,4488,Untracked Vision Binary,"Open/modify/save this Vision window/template in an Ignition 8.3 Designer to convert it to XML, then rerun the scanner."
LWE_Master_20260521,templates/Alarm Count Label,LWE_Master_20260521\com.inductiveautomation.vision\templates\Alarm Count Label\data.bin,4439,Untracked Vision Binary,"Open/modify/save this Vision window/template in an Ignition 8.3 Designer to convert it to XML, then rerun the scanner."
LWE_Master_20260521,templates/APS Devices/Static/BrazedPlate,LWE_Master_20260521\com.inductiveautomation.vision\templates\APS Devices\Static\BrazedPlate\data.bin,7133,Untracked Vision Binary,"Open/modify/save this Vision window/template in an Ignition 8.3 Designer to convert it to XML, then rerun the scanner."
LWE_Master_20260521,templates/BRA Devices/Static/Pipe Elbow,LWE_Master_20260521\com.inductiveautomation.vision\templates\BRA Devices\Static\Pipe Elbow\data.bin,2714,Untracked Vision Binary,"Open/modify/save this Vision window/template in an Ignition 8.3 Designer to convert it to XML, then rerun the scanner."
LWE_Master_20260521,templates/BRA Devices/Static/Pipe Straight,LWE_Master_20260521\com.inductiveautomation.vision\templates\BRA Devices\Static\Pipe Straight\data.bin,2361,Untracked Vision Binary,"Open/modify/save this Vision window/template in an Ignition 8.3 Designer to convert it to XML, then rerun the scanner."
LWE_Master_20260521,templates/BRA Devices/Static/Pipe Tee,LWE_Master_20260521\com.inductiveautomation.vision\templates\BRA Devices\Static\Pipe Tee\data.bin,2895,Untracked Vision Binary,"Open/modify/save this Vision window/template in an Ignition 8.3 Designer to convert it to XML, then rerun the scanner."
LWE_Master_20260521,templates/BRA Devices/Static/SprayBall,LWE_Master_20260521\com.inductiveautomation.vision\templates\BRA Devices\Static\SprayBall\data.bin,2727,Untracked Vision Binary,"Open/modify/save this Vision window/template in an Ignition 8.3 Designer to convert it to XML, then rerun the scanner."
LWE_Master_20260521,templates/BT2HT Valve Cascade,LWE_Master_20260521\com.inductiveautomation.vision\templates\BT2HT Valve Cascade\template.bin,7262,Untracked Vision Binary,"Open/modify/save this Vision window/template in an Ignition 8.3 Designer to convert it to XML, then rerun the scanner."
LWE_Master_20260521,templates/Bulk Material Levels/Custom Property Editor,LWE_Master_20260521\com.inductiveautomation.vision\templates\Bulk Material Levels\Custom Property Editor\template.bin,3791,Untracked Vision Binary,"Open/modify/save this Vision window/template in an Ignition 8.3 Designer to convert it to XML, then rerun the scanner."
LWE_Master_20260521,templates/Config Entry,LWE_Master_20260521\com.inductiveautomation.vision\templates\Config Entry\template.bin,2486,Untracked Vision Binary,"Open/modify/save this Vision window/template in an Ignition 8.3 Designer to convert it to XML, then rerun the scanner."
LWE_Master_20260521,templates/DisableOverlay,LWE_Master_20260521\com.inductiveautomation.vision\templates\DisableOverlay\template.bin,1428,Untracked Vision Binary,"Open/modify/save this Vision window/template in an Ignition 8.3 Designer to convert it to XML, then rerun the scanner."
LWE_Master_20260521,templates/HT Pair,LWE_Master_20260521\com.inductiveautomation.vision\templates\HT Pair\template.bin,10508,Untracked Vision Binary,"Open/modify/save this Vision window/template in an Ignition 8.3 Designer to convert it to XML, then rerun the scanner."
LWE_Master_20260521,templates/HT Transfer Pump,LWE_Master_20260521\com.inductiveautomation.vision\templates\HT Transfer Pump\template.bin,2515,Untracked Vision Binary,"Open/modify/save this Vision window/template in an Ignition 8.3 Designer to convert it to XML, then rerun the scanner."
LWE_Master_20260521,templates/InvisibleOverlay,LWE_Master_20260521\com.inductiveautomation.vision\templates\InvisibleOverlay\template.bin,1390,Untracked Vision Binary,"Open/modify/save this Vision window/template in an Ignition 8.3 Designer to convert it to XML, then rerun the scanner."
LWE_Master_20260521,templates/Job Management/AllocatedTank,LWE_Master_20260521\com.inductiveautomation.vision\templates\Job Management\AllocatedTank\template.bin,15953,Untracked Vision Binary,"Open/modify/save this Vision window/template in an Ignition 8.3 Designer to convert it to XML, then rerun the scanner."
LWE_Master_20260521,templates/Job Management/AllocatedTank_Backup_BB,LWE_Master_20260521\com.inductiveautomation.vision\templates\Job Management\AllocatedTank_Backup_BB\template.bin,15748,Untracked Vision Binary,"Open/modify/save this Vision window/template in an Ignition 8.3 Designer to convert it to XML, then rerun the scanner."
LWE_Master_20260521,templates/Job Management/ChangeJob,LWE_Master_20260521\com.inductiveautomation.vision\templates\Job Management\ChangeJob\template.bin,3930,Untracked Vision Binary,"Open/modify/save this Vision window/template in an Ignition 8.3 Designer to convert it to XML, then rerun the scanner."
LWE_Master_20260521,templates/Job Management/Changeover,LWE_Master_20260521\com.inductiveautomation.vision\templates\Job Management\Changeover\template.bin,3651,Untracked Vision Binary,"Open/modify/save this Vision window/template in an Ignition 8.3 Designer to convert it to XML, then rerun the scanner."
LWE_Master_20260521,templates/Job Management/CIPBadge,LWE_Master_20260521\com.inductiveautomation.vision\templates\Job Management\CIPBadge\template.bin,9048,Untracked Vision Binary,"Open/modify/save this Vision window/template in an Ignition 8.3 Designer to convert it to XML, then rerun the scanner."
LWE_Master_20260521,templates/Job Management/DataAndReceipt_Backup,LWE_Master_20260521\com.inductiveautomation.vision\templates\Job Management\DataAndReceipt_Backup\template.bin,12292,Untracked Vision Binary,"Open/modify/save this Vision window/template in an Ignition 8.3 Designer to convert it to XML, then rerun the scanner."
LWE_Master_20260521,templates/Job Management/Drum,LWE_Master_20260521\com.inductiveautomation.vision\templates\Job Management\Drum\template.bin,5157,Untracked Vision Binary,"Open/modify/save this Vision window/template in an Ignition 8.3 Designer to convert it to XML, then rerun the scanner."
LWE_Master_20260521,templates/Job Management/HoldingTank,LWE_Master_20260521\com.inductiveautomation.vision\templates\Job Management\HoldingTank\template.bin,7206,Untracked Vision Binary,"Open/modify/save this Vision window/template in an Ignition 8.3 Designer to convert it to XML, then rerun the scanner."
LWE_Master_20260521,templates/Job Management/HoldingTank_Small,LWE_Master_20260521\com.inductiveautomation.vision\templates\Job Management\HoldingTank_Small\template.bin,6850,Untracked Vision Binary,"Open/modify/save this Vision window/template in an Ignition 8.3 Designer to convert it to XML, then rerun the scanner."
LWE_Master_20260521,templates/Job Management/HoldingTankForFilling,LWE_Master_20260521\com.inductiveautomation.vision\templates\Job Management\HoldingTankForFilling\template.bin,5001,Untracked Vision Binary,"Open/modify/save this Vision window/template in an Ignition 8.3 Designer to convert it to XML, then rerun the scanner."
LWE_Master_20260521,templates/Job Management/MaterialValidation_3-7Bkp,LWE_Master_20260521\com.inductiveautomation.vision\templates\Job Management\MaterialValidation_3-7Bkp\template.bin,4595,Untracked Vision Binary,"Open/modify/save this Vision window/template in an Ignition 8.3 Designer to convert it to XML, then rerun the scanner."
LWE_Master_20260521,templates/Job Management/MaterialValidation_Backup,LWE_Master_20260521\com.inductiveautomation.vision\templates\Job Management\MaterialValidation_Backup\template.bin,4304,Untracked Vision Binary,"Open/modify/save this Vision window/template in an Ignition 8.3 Designer to convert it to XML, then rerun the scanner."
LWE_Master_20260521,templates/Job Management/Schedule Details,LWE_Master_20260521\com.inductiveautomation.vision\templates\Job Management\Schedule Details\template.bin,4296,Untracked Vision Binary,"Open/modify/save this Vision window/template in an Ignition 8.3 Designer to convert it to XML, then rerun the scanner."
LWE_Master_20260521,templates/Job Management/SupervisorApproval,LWE_Master_20260521\com.inductiveautomation.vision\templates\Job Management\SupervisorApproval\template.bin,2687,Untracked Vision Binary,"Open/modify/save this Vision window/template in an Ignition 8.3 Designer to convert it to XML, then rerun the scanner."
LWE_Master_20260521,templates/Job Management/TankAllocation,LWE_Master_20260521\com.inductiveautomation.vision\templates\Job Management\TankAllocation\template.bin,12966,Untracked Vision Binary,"Open/modify/save this Vision window/template in an Ignition 8.3 Designer to convert it to XML, then rerun the scanner."
LWE_Master_20260521,templates/Job Management/TankAllocation_Backup_BB,LWE_Master_20260521\com.inductiveautomation.vision\templates\Job Management\TankAllocation_Backup_BB\template.bin,12846,Untracked Vision Binary,"Open/modify/save this Vision window/template in an Ignition 8.3 Designer to convert it to XML, then rerun the scanner."
LWE_Master_20260521,templates/Job Management/TankSelect,LWE_Master_20260521\com.inductiveautomation.vision\templates\Job Management\TankSelect\template.bin,12616,Untracked Vision Binary,"Open/modify/save this Vision window/template in an Ignition 8.3 Designer to convert it to XML, then rerun the scanner."
LWE_Master_20260521,templates/Job Management/TankSelect_Backup_BB,LWE_Master_20260521\com.inductiveautomation.vision\templates\Job Management\TankSelect_Backup_BB\template.bin,11568,Untracked Vision Binary,"Open/modify/save this Vision window/template in an Ignition 8.3 Designer to convert it to XML, then rerun the scanner."
LWE_Master_20260521,templates/Job Management/TankSelect_Filler3,LWE_Master_20260521\com.inductiveautomation.vision\templates\Job Management\TankSelect_Filler3\template.bin,5035,Untracked Vision Binary,"Open/modify/save this Vision window/template in an Ignition 8.3 Designer to convert it to XML, then rerun the scanner."
LWE_Master_20260521,templates/Job Management/Tote,LWE_Master_20260521\com.inductiveautomation.vision\templates\Job Management\Tote\template.bin,5163,Untracked Vision Binary,"Open/modify/save this Vision window/template in an Ignition 8.3 Designer to convert it to XML, then rerun the scanner."
LWE_Master_20260521,templates/Job Management/Tote_Small,LWE_Master_20260521\com.inductiveautomation.vision\templates\Job Management\Tote_Small\template.bin,4860,Untracked Vision Binary,"Open/modify/save this Vision window/template in an Ignition 8.3 Designer to convert it to XML, then rerun the scanner."
LWE_Master_20260521,templates/ModalOverlay,LWE_Master_20260521\com.inductiveautomation.vision\templates\ModalOverlay\template.bin,1390,Untracked Vision Binary,"Open/modify/save this Vision window/template in an Ignition 8.3 Designer to convert it to XML, then rerun the scanner."
LWE_Master_20260521,templates/SharedTemplates/BRA_Agitator,LWE_Master_20260521\com.inductiveautomation.vision\templates\SharedTemplates\BRA_Agitator\droptarget.bin,628,Untracked Vision Binary,"Open/modify/save this Vision window/template in an Ignition 8.3 Designer to convert it to XML, then rerun the scanner."
LWE_Master_20260521,templates/SharedTemplates/BRA_Agitator,LWE_Master_20260521\com.inductiveautomation.vision\templates\SharedTemplates\BRA_Agitator\template.bin,6372,Untracked Vision Binary,"Open/modify/save this Vision window/template in an Ignition 8.3 Designer to convert it to XML, then rerun the scanner."
LWE_Master_20260521,templates/SharedTemplates/BRA_AirPump,LWE_Master_20260521\com.inductiveautomation.vision\templates\SharedTemplates\BRA_AirPump\data.bin,6305,Untracked Vision Binary,"Open/modify/save this Vision window/template in an Ignition 8.3 Designer to convert it to XML, then rerun the scanner."
LWE_Master_20260521,templates/SharedTemplates/BRA_BinDischarge_Motor,LWE_Master_20260521\com.inductiveautomation.vision\templates\SharedTemplates\BRA_BinDischarge_Motor\data.bin,7628,Untracked Vision Binary,"Open/modify/save this Vision window/template in an Ignition 8.3 Designer to convert it to XML, then rerun the scanner."
LWE_Master_20260521,templates/SharedTemplates/BRA_BinVib,LWE_Master_20260521\com.inductiveautomation.vision\templates\SharedTemplates\BRA_BinVib\droptarget.bin,614,Untracked Vision Binary,"Open/modify/save this Vision window/template in an Ignition 8.3 Designer to convert it to XML, then rerun the scanner."
LWE_Master_20260521,templates/SharedTemplates/BRA_BinVib,LWE_Master_20260521\com.inductiveautomation.vision\templates\SharedTemplates\BRA_BinVib\template.bin,5210,Untracked Vision Binary,"Open/modify/save this Vision window/template in an Ignition 8.3 Designer to convert it to XML, then rerun the scanner."
LWE_Master_20260521,templates/SharedTemplates/BRA_BlendMotor,LWE_Master_20260521\com.inductiveautomation.vision\templates\SharedTemplates\BRA_BlendMotor\data.bin,8376,Untracked Vision Binary,"Open/modify/save this Vision window/template in an Ignition 8.3 Designer to convert it to XML, then rerun the scanner."
LWE_Master_20260521,templates/SharedTemplates/BRA_BurstSensor,LWE_Master_20260521\com.inductiveautomation.vision\templates\SharedTemplates\BRA_BurstSensor\droptarget.bin,616,Untracked Vision Binary,"Open/modify/save this Vision window/template in an Ignition 8.3 Designer to convert it to XML, then rerun the scanner."
LWE_Master_20260521,templates/SharedTemplates/BRA_BurstSensor,LWE_Master_20260521\com.inductiveautomation.vision\templates\SharedTemplates\BRA_BurstSensor\template.bin,2527,Untracked Vision Binary,"Open/modify/save this Vision window/template in an Ignition 8.3 Designer to convert it to XML, then rerun the scanner."
LWE_Master_20260521,templates/SharedTemplates/BRA_ControlValveUp,LWE_Master_20260521\com.inductiveautomation.vision\templates\SharedTemplates\BRA_ControlValveUp\data.bin,8254,Untracked Vision Binary,"Open/modify/save this Vision window/template in an Ignition 8.3 Designer to convert it to XML, then rerun the scanner."
LWE_Master_20260521,templates/SharedTemplates/BRA_ControlValveUp_CntrLbl,LWE_Master_20260521\com.inductiveautomation.vision\templates\SharedTemplates\BRA_ControlValveUp_CntrLbl\data.bin,8147,Untracked Vision Binary,"Open/modify/save this Vision window/template in an Ignition 8.3 Designer to convert it to XML, then rerun the scanner."
LWE_Master_20260521,templates/SharedTemplates/BRA_ControlValveUp_CntrLbl_Icon,LWE_Master_20260521\com.inductiveautomation.vision\templates\SharedTemplates\BRA_ControlValveUp_CntrLbl_Icon\template.bin,4210,Untracked Vision Binary,"Open/modify/save this Vision window/template in an Ignition 8.3 Designer to convert it to XML, then rerun the scanner."
LWE_Master_20260521,templates/SharedTemplates/BRA_ControlValveUp_NoScripting,LWE_Master_20260521\com.inductiveautomation.vision\templates\SharedTemplates\BRA_ControlValveUp_NoScripting\data.bin,7597,Untracked Vision Binary,"Open/modify/save this Vision window/template in an Ignition 8.3 Designer to convert it to XML, then rerun the scanner."
LWE_Master_20260521,templates/SharedTemplates/BRA_ControlValveUp_PIDE,LWE_Master_20260521\com.inductiveautomation.vision\templates\SharedTemplates\BRA_ControlValveUp_PIDE\droptarget.bin,610,Untracked Vision Binary,"Open/modify/save this Vision window/template in an Ignition 8.3 Designer to convert it to XML, then rerun the scanner."
LWE_Master_20260521,templates/SharedTemplates/BRA_ControlValveUp_PIDE,LWE_Master_20260521\com.inductiveautomation.vision\templates\SharedTemplates\BRA_ControlValveUp_PIDE\template.bin,6627,Untracked Vision Binary,"Open/modify/save this Vision window/template in an Ignition 8.3 Designer to convert it to XML, then rerun the scanner."
LWE_Master_20260521,templates/SharedTemplates/BRA_DryScale_BinDischarge,LWE_Master_20260521\com.inductiveautomation.vision\templates\SharedTemplates\BRA_DryScale_BinDischarge\droptarget.bin,610,Untracked Vision Binary,"Open/modify/save this Vision window/template in an Ignition 8.3 Designer to convert it to XML, then rerun the scanner."
LWE_Master_20260521,templates/SharedTemplates/BRA_DryScale_BinDischarge,LWE_Master_20260521\com.inductiveautomation.vision\templates\SharedTemplates\BRA_DryScale_BinDischarge\template.bin,3531,Untracked Vision Binary,"Open/modify/save this Vision window/template in an Ignition 8.3 Designer to convert it to XML, then rerun the scanner."
LWE_Master_20260521,templates/SharedTemplates/BRA_FlowMeter,LWE_Master_20260521\com.inductiveautomation.vision\templates\SharedTemplates\BRA_FlowMeter\data.bin,9144,Untracked Vision Binary,"Open/modify/save this Vision window/template in an Ignition 8.3 Designer to convert it to XML, then rerun the scanner."
LWE_Master_20260521,templates/SharedTemplates/BRA_FlowMeter_Vertical,LWE_Master_20260521\com.inductiveautomation.vision\templates\SharedTemplates\BRA_FlowMeter_Vertical\data.bin,10461,Untracked Vision Binary,"Open/modify/save this Vision window/template in an Ignition 8.3 Designer to convert it to XML, then rerun the scanner."
LWE_Master_20260521,templates/SharedTemplates/BRA_FS_LS_Left,LWE_Master_20260521\com.inductiveautomation.vision\templates\SharedTemplates\BRA_FS_LS_Left\data.bin,4428,Untracked Vision Binary,"Open/modify/save this Vision window/template in an Ignition 8.3 Designer to convert it to XML, then rerun the scanner."
LWE_Master_20260521,templates/SharedTemplates/BRA_FS_LS_Right,LWE_Master_20260521\com.inductiveautomation.vision\templates\SharedTemplates\BRA_FS_LS_Right\data.bin,4432,Untracked Vision Binary,"Open/modify/save this Vision window/template in an Ignition 8.3 Designer to convert it to XML, then rerun the scanner."
LWE_Master_20260521,templates/SharedTemplates/BRA_FS_LS_Up,LWE_Master_20260521\com.inductiveautomation.vision\templates\SharedTemplates\BRA_FS_LS_Up\droptarget.bin,613,Untracked Vision Binary,"Open/modify/save this Vision window/template in an Ignition 8.3 Designer to convert it to XML, then rerun the scanner."
LWE_Master_20260521,templates/SharedTemplates/BRA_FS_LS_Up,LWE_Master_20260521\com.inductiveautomation.vision\templates\SharedTemplates\BRA_FS_LS_Up\template.bin,2346,Untracked Vision Binary,"Open/modify/save this Vision window/template in an Ignition 8.3 Designer to convert it to XML, then rerun the scanner."
LWE_Master_20260521,templates/SharedTemplates/BRA_HeatExchanger_Animated,LWE_Master_20260521\com.inductiveautomation.vision\templates\SharedTemplates\BRA_HeatExchanger_Animated\data.bin,7237,Untracked Vision Binary,"Open/modify/save this Vision window/template in an Ignition 8.3 Designer to convert it to XML, then rerun the scanner."
LWE_Master_20260521,templates/SharedTemplates/BRA_HomoMotor,LWE_Master_20260521\com.inductiveautomation.vision\templates\SharedTemplates\BRA_HomoMotor\data.bin,8106,Untracked Vision Binary,"Open/modify/save this Vision window/template in an Ignition 8.3 Designer to convert it to XML, then rerun the scanner."
LWE_Master_20260521,templates/SharedTemplates/BRA_InlineSifter_Motor,LWE_Master_20260521\com.inductiveautomation.vision\templates\SharedTemplates\BRA_InlineSifter_Motor\data.bin,8177,Untracked Vision Binary,"Open/modify/save this Vision window/template in an Ignition 8.3 Designer to convert it to XML, then rerun the scanner."
LWE_Master_20260521,templates/SharedTemplates/BRA_MagMeter,LWE_Master_20260521\com.inductiveautomation.vision\templates\SharedTemplates\BRA_MagMeter\template.bin,2055,Untracked Vision Binary,"Open/modify/save this Vision window/template in an Ignition 8.3 Designer to convert it to XML, then rerun the scanner."
LWE_Master_20260521,templates/SharedTemplates/BRA_MagMeter_Vertical,LWE_Master_20260521\com.inductiveautomation.vision\templates\SharedTemplates\BRA_MagMeter_Vertical\data.bin,5468,Untracked Vision Binary,"Open/modify/save this Vision window/template in an Ignition 8.3 Designer to convert it to XML, then rerun the scanner."
LWE_Master_20260521,templates/SharedTemplates/BRA_MixproofValve_CustomLabel,LWE_Master_20260521\com.inductiveautomation.vision\templates\SharedTemplates\BRA_MixproofValve_CustomLabel\data.bin,8980,Untracked Vision Binary,"Open/modify/save this Vision window/template in an Ignition 8.3 Designer to convert it to XML, then rerun the scanner."
LWE_Master_20260521,templates/SharedTemplates/BRA_MixproofValve_CustomLabel1,LWE_Master_20260521\com.inductiveautomation.vision\templates\SharedTemplates\BRA_MixproofValve_CustomLabel1\data.bin,9057,Untracked Vision Binary,"Open/modify/save this Vision window/template in an Ignition 8.3 Designer to convert it to XML, then rerun the scanner."
LWE_Master_20260521,templates/SharedTemplates/BRA_MixproofValve_Up,LWE_Master_20260521\com.inductiveautomation.vision\templates\SharedTemplates\BRA_MixproofValve_Up\data.bin,9004,Untracked Vision Binary,"Open/modify/save this Vision window/template in an Ignition 8.3 Designer to convert it to XML, then rerun the scanner."
LWE_Master_20260521,templates/SharedTemplates/BRA_MixproofValveUp_LabelUp,LWE_Master_20260521\com.inductiveautomation.vision\templates\SharedTemplates\BRA_MixproofValveUp_LabelUp\data.bin,8724,Untracked Vision Binary,"Open/modify/save this Vision window/template in an Ignition 8.3 Designer to convert it to XML, then rerun the scanner."
LWE_Master_20260521,templates/SharedTemplates/BRA_MixproofValveUp_LblUp,LWE_Master_20260521\com.inductiveautomation.vision\templates\SharedTemplates\BRA_MixproofValveUp_LblUp\data.bin,8955,Untracked Vision Binary,"Open/modify/save this Vision window/template in an Ignition 8.3 Designer to convert it to XML, then rerun the scanner."
LWE_Master_20260521,templates/SharedTemplates/BRA_Motor_FWD_REV,LWE_Master_20260521\com.inductiveautomation.vision\templates\SharedTemplates\BRA_Motor_FWD_REV\data.bin,8219,Untracked Vision Binary,"Open/modify/save this Vision window/template in an Ignition 8.3 Designer to convert it to XML, then rerun the scanner."
LWE_Master_20260521,templates/SharedTemplates/BRA_NavigationLabel,LWE_Master_20260521\com.inductiveautomation.vision\templates\SharedTemplates\BRA_NavigationLabel\data.bin,4238,Untracked Vision Binary,"Open/modify/save this Vision window/template in an Ignition 8.3 Designer to convert it to XML, then rerun the scanner."
LWE_Master_20260521,templates/SharedTemplates/BRA_Operation,LWE_Master_20260521\com.inductiveautomation.vision\templates\SharedTemplates\BRA_Operation\template.bin,10494,Untracked Vision Binary,"Open/modify/save this Vision window/template in an Ignition 8.3 Designer to convert it to XML, then rerun the scanner."
LWE_Master_20260521,templates/SharedTemplates/BRA_Operation_Button,LWE_Master_20260521\com.inductiveautomation.vision\templates\SharedTemplates\BRA_Operation_Button\droptarget.bin,607,Untracked Vision Binary,"Open/modify/save this Vision window/template in an Ignition 8.3 Designer to convert it to XML, then rerun the scanner."
LWE_Master_20260521,templates/SharedTemplates/BRA_Operation_Button,LWE_Master_20260521\com.inductiveautomation.vision\templates\SharedTemplates\BRA_Operation_Button\template.bin,4248,Untracked Vision Binary,"Open/modify/save this Vision window/template in an Ignition 8.3 Designer to convert it to XML, then rerun the scanner."
LWE_Master_20260521,templates/SharedTemplates/BRA_Operation_Button_CIP,LWE_Master_20260521\com.inductiveautomation.vision\templates\SharedTemplates\BRA_Operation_Button_CIP\data.bin,5253,Untracked Vision Binary,"Open/modify/save this Vision window/template in an Ignition 8.3 Designer to convert it to XML, then rerun the scanner."
LWE_Master_20260521,templates/SharedTemplates/BRA_Operation_Button_Custom,LWE_Master_20260521\com.inductiveautomation.vision\templates\SharedTemplates\BRA_Operation_Button_Custom\data.bin,5513,Untracked Vision Binary,"Open/modify/save this Vision window/template in an Ignition 8.3 Designer to convert it to XML, then rerun the scanner."
LWE_Master_20260521,templates/SharedTemplates/BRA_Operation_Button_Custom_COF_CIP,LWE_Master_20260521\com.inductiveautomation.vision\templates\SharedTemplates\BRA_Operation_Button_Custom_COF_CIP\data.bin,5826,Untracked Vision Binary,"Open/modify/save this Vision window/template in an Ignition 8.3 Designer to convert it to XML, then rerun the scanner."
LWE_Master_20260521,templates/SharedTemplates/BRA_Phase,LWE_Master_20260521\com.inductiveautomation.vision\templates\SharedTemplates\BRA_Phase\data.bin,18440,Untracked Vision Binary,"Open/modify/save this Vision window/template in an Ignition 8.3 Designer to convert it to XML, then rerun the scanner."
LWE_Master_20260521,templates/SharedTemplates/BRA_Phase_Button,LWE_Master_20260521\com.inductiveautomation.vision\templates\SharedTemplates\BRA_Phase_Button\droptarget.bin,606,Untracked Vision Binary,"Open/modify/save this Vision window/template in an Ignition 8.3 Designer to convert it to XML, then rerun the scanner."
LWE_Master_20260521,templates/SharedTemplates/BRA_Phase_Button,LWE_Master_20260521\com.inductiveautomation.vision\templates\SharedTemplates\BRA_Phase_Button\template.bin,4278,Untracked Vision Binary,"Open/modify/save this Vision window/template in an Ignition 8.3 Designer to convert it to XML, then rerun the scanner."
LWE_Master_20260521,templates/SharedTemplates/BRA_Phase_Button_CIP,LWE_Master_20260521\com.inductiveautomation.vision\templates\SharedTemplates\BRA_Phase_Button_CIP\data.bin,5196,Untracked Vision Binary,"Open/modify/save this Vision window/template in an Ignition 8.3 Designer to convert it to XML, then rerun the scanner."
LWE_Master_20260521,templates/SharedTemplates/BRA_Phase_Button_COF_Blend,LWE_Master_20260521\com.inductiveautomation.vision\templates\SharedTemplates\BRA_Phase_Button_COF_Blend\data.bin,5432,Untracked Vision Binary,"Open/modify/save this Vision window/template in an Ignition 8.3 Designer to convert it to XML, then rerun the scanner."
LWE_Master_20260521,templates/SharedTemplates/BRA_Phase_Button_Coffee,LWE_Master_20260521\com.inductiveautomation.vision\templates\SharedTemplates\BRA_Phase_Button_Coffee\data.bin,5194,Untracked Vision Binary,"Open/modify/save this Vision window/template in an Ignition 8.3 Designer to convert it to XML, then rerun the scanner."
LWE_Master_20260521,templates/SharedTemplates/BRA_Phase_Button_Custom,LWE_Master_20260521\com.inductiveautomation.vision\templates\SharedTemplates\BRA_Phase_Button_Custom\data.bin,5428,Untracked Vision Binary,"Open/modify/save this Vision window/template in an Ignition 8.3 Designer to convert it to XML, then rerun the scanner."
LWE_Master_20260521,templates/SharedTemplates/BRA_Phase_Button_HighShear,LWE_Master_20260521\com.inductiveautomation.vision\templates\SharedTemplates\BRA_Phase_Button_HighShear\data.bin,5249,Untracked Vision Binary,"Open/modify/save this Vision window/template in an Ignition 8.3 Designer to convert it to XML, then rerun the scanner."
LWE_Master_20260521,templates/SharedTemplates/BRA_Phase_Button_RO,LWE_Master_20260521\com.inductiveautomation.vision\templates\SharedTemplates\BRA_Phase_Button_RO\data.bin,5208,Untracked Vision Binary,"Open/modify/save this Vision window/template in an Ignition 8.3 Designer to convert it to XML, then rerun the scanner."
LWE_Master_20260521,templates/SharedTemplates/BRA_Phase_Button_TeaBlend,LWE_Master_20260521\com.inductiveautomation.vision\templates\SharedTemplates\BRA_Phase_Button_TeaBlend\data.bin,5186,Untracked Vision Binary,"Open/modify/save this Vision window/template in an Ignition 8.3 Designer to convert it to XML, then rerun the scanner."
LWE_Master_20260521,templates/SharedTemplates/BRA_Phase_Coffee,LWE_Master_20260521\com.inductiveautomation.vision\templates\SharedTemplates\BRA_Phase_Coffee\data.bin,18475,Untracked Vision Binary,"Open/modify/save this Vision window/template in an Ignition 8.3 Designer to convert it to XML, then rerun the scanner."
LWE_Master_20260521,templates/SharedTemplates/BRA_Pipe_Animated,LWE_Master_20260521\com.inductiveautomation.vision\templates\SharedTemplates\BRA_Pipe_Animated\data.bin,2962,Untracked Vision Binary,"Open/modify/save this Vision window/template in an Ignition 8.3 Designer to convert it to XML, then rerun the scanner."
LWE_Master_20260521,templates/SharedTemplates/BRA_Pipe_AnimatedHoriz,LWE_Master_20260521\com.inductiveautomation.vision\templates\SharedTemplates\BRA_Pipe_AnimatedHoriz\template.bin,2270,Untracked Vision Binary,"Open/modify/save this Vision window/template in an Ignition 8.3 Designer to convert it to XML, then rerun the scanner."
LWE_Master_20260521,templates/SharedTemplates/BRA_Pipe_AnimatedHoriz (1),LWE_Master_20260521\com.inductiveautomation.vision\templates\SharedTemplates\BRA_Pipe_AnimatedHoriz (1)\data.bin,2952,Untracked Vision Binary,"Open/modify/save this Vision window/template in an Ignition 8.3 Designer to convert it to XML, then rerun the scanner."
LWE_Master_20260521,templates/SharedTemplates/BRA_Pipe_AnimatedHoriz (1) (1),LWE_Master_20260521\com.inductiveautomation.vision\templates\SharedTemplates\BRA_Pipe_AnimatedHoriz (1) (1)\data.bin,2978,Untracked Vision Binary,"Open/modify/save this Vision window/template in an Ignition 8.3 Designer to convert it to XML, then rerun the scanner."
LWE_Master_20260521,templates/SharedTemplates/BRA_Pipe_AnimatedVert,LWE_Master_20260521\com.inductiveautomation.vision\templates\SharedTemplates\BRA_Pipe_AnimatedVert\droptarget.bin,530,Untracked Vision Binary,"Open/modify/save this Vision window/template in an Ignition 8.3 Designer to convert it to XML, then rerun the scanner."
LWE_Master_20260521,templates/SharedTemplates/BRA_Pipe_AnimatedVert,LWE_Master_20260521\com.inductiveautomation.vision\templates\SharedTemplates\BRA_Pipe_AnimatedVert\template.bin,2253,Untracked Vision Binary,"Open/modify/save this Vision window/template in an Ignition 8.3 Designer to convert it to XML, then rerun the scanner."
LWE_Master_20260521,templates/SharedTemplates/BRA_Pipe_Slight_Angle,LWE_Master_20260521\com.inductiveautomation.vision\templates\SharedTemplates\BRA_Pipe_Slight_Angle\droptarget.bin,528,Untracked Vision Binary,"Open/modify/save this Vision window/template in an Ignition 8.3 Designer to convert it to XML, then rerun the scanner."
LWE_Master_20260521,templates/SharedTemplates/BRA_Pipe_Slight_Angle,LWE_Master_20260521\com.inductiveautomation.vision\templates\SharedTemplates\BRA_Pipe_Slight_Angle\template.bin,2303,Untracked Vision Binary,"Open/modify/save this Vision window/template in an Ignition 8.3 Designer to convert it to XML, then rerun the scanner."
LWE_Master_20260521,templates/SharedTemplates/BRA_PipeCross_Animated,LWE_Master_20260521\com.inductiveautomation.vision\templates\SharedTemplates\BRA_PipeCross_Animated\data.bin,3434,Untracked Vision Binary,"Open/modify/save this Vision window/template in an Ignition 8.3 Designer to convert it to XML, then rerun the scanner."
LWE_Master_20260521,templates/SharedTemplates/BRA_PipeElbow_Animated,LWE_Master_20260521\com.inductiveautomation.vision\templates\SharedTemplates\BRA_PipeElbow_Animated\data.bin,3324,Untracked Vision Binary,"Open/modify/save this Vision window/template in an Ignition 8.3 Designer to convert it to XML, then rerun the scanner."
LWE_Master_20260521,templates/SharedTemplates/BRA_PipeElbow_AnimatedBotLeft,LWE_Master_20260521\com.inductiveautomation.vision\templates\SharedTemplates\BRA_PipeElbow_AnimatedBotLeft\data.bin,3292,Untracked Vision Binary,"Open/modify/save this Vision window/template in an Ignition 8.3 Designer to convert it to XML, then rerun the scanner."
LWE_Master_20260521,templates/SharedTemplates/BRA_PipeElbow_AnimatedBotRight,LWE_Master_20260521\com.inductiveautomation.vision\templates\SharedTemplates\BRA_PipeElbow_AnimatedBotRight\data.bin,3302,Untracked Vision Binary,"Open/modify/save this Vision window/template in an Ignition 8.3 Designer to convert it to XML, then rerun the scanner."
LWE_Master_20260521,templates/SharedTemplates/BRA_PipeElbow_AnimatedTopLeft,LWE_Master_20260521\com.inductiveautomation.vision\templates\SharedTemplates\BRA_PipeElbow_AnimatedTopLeft\data.bin,3279,Untracked Vision Binary,"Open/modify/save this Vision window/template in an Ignition 8.3 Designer to convert it to XML, then rerun the scanner."
LWE_Master_20260521,templates/SharedTemplates/BRA_PipeElbow_AnimatedTopRight,LWE_Master_20260521\com.inductiveautomation.vision\templates\SharedTemplates\BRA_PipeElbow_AnimatedTopRight\data.bin,3305,Untracked Vision Binary,"Open/modify/save this Vision window/template in an Ignition 8.3 Designer to convert it to XML, then rerun the scanner."
LWE_Master_20260521,templates/SharedTemplates/BRA_PipeTee_Animated,LWE_Master_20260521\com.inductiveautomation.vision\templates\SharedTemplates\BRA_PipeTee_Animated\data.bin,3262,Untracked Vision Binary,"Open/modify/save this Vision window/template in an Ignition 8.3 Designer to convert it to XML, then rerun the scanner."
LWE_Master_20260521,templates/SharedTemplates/BRA_PipeTee_AnimatedDown,LWE_Master_20260521\com.inductiveautomation.vision\templates\SharedTemplates\BRA_PipeTee_AnimatedDown\data.bin,3266,Untracked Vision Binary,"Open/modify/save this Vision window/template in an Ignition 8.3 Designer to convert it to XML, then rerun the scanner."
LWE_Master_20260521,templates/SharedTemplates/BRA_PipeTee_AnimatedLeft,LWE_Master_20260521\com.inductiveautomation.vision\templates\SharedTemplates\BRA_PipeTee_AnimatedLeft\data.bin,3239,Untracked Vision Binary,"Open/modify/save this Vision window/template in an Ignition 8.3 Designer to convert it to XML, then rerun the scanner."
LWE_Master_20260521,templates/SharedTemplates/BRA_PipeTee_AnimatedRight,LWE_Master_20260521\com.inductiveautomation.vision\templates\SharedTemplates\BRA_PipeTee_AnimatedRight\data.bin,3231,Untracked Vision Binary,"Open/modify/save this Vision window/template in an Ignition 8.3 Designer to convert it to XML, then rerun the scanner."
LWE_Master_20260521,templates/SharedTemplates/BRA_PipeTee_AnimatedUp,LWE_Master_20260521\com.inductiveautomation.vision\templates\SharedTemplates\BRA_PipeTee_AnimatedUp\data.bin,3289,Untracked Vision Binary,"Open/modify/save this Vision window/template in an Ignition 8.3 Designer to convert it to XML, then rerun the scanner."
LWE_Master_20260521,templates/SharedTemplates/BRA_Pump_Left,LWE_Master_20260521\com.inductiveautomation.vision\templates\SharedTemplates\BRA_Pump_Left\droptarget.bin,621,Untracked Vision Binary,"Open/modify/save this Vision window/template in an Ignition 8.3 Designer to convert it to XML, then rerun the scanner."
LWE_Master_20260521,templates/SharedTemplates/BRA_Pump_Left,LWE_Master_20260521\com.inductiveautomation.vision\templates\SharedTemplates\BRA_Pump_Left\template.bin,5658,Untracked Vision Binary,"Open/modify/save this Vision window/template in an Ignition 8.3 Designer to convert it to XML, then rerun the scanner."
LWE_Master_20260521,templates/SharedTemplates/BRA_Pump_Left_Discrete,LWE_Master_20260521\com.inductiveautomation.vision\templates\SharedTemplates\BRA_Pump_Left_Discrete\data.bin,12588,Untracked Vision Binary,"Open/modify/save this Vision window/template in an Ignition 8.3 Designer to convert it to XML, then rerun the scanner."
LWE_Master_20260521,templates/SharedTemplates/BRA_Pump_Left_DualDiscrete,LWE_Master_20260521\com.inductiveautomation.vision\templates\SharedTemplates\BRA_Pump_Left_DualDiscrete\data.bin,12688,Untracked Vision Binary,"Open/modify/save this Vision window/template in an Ignition 8.3 Designer to convert it to XML, then rerun the scanner."
LWE_Master_20260521,templates/SharedTemplates/BRA_Pump_Left_FWD_REV,LWE_Master_20260521\com.inductiveautomation.vision\templates\SharedTemplates\BRA_Pump_Left_FWD_REV\data.bin,12667,Untracked Vision Binary,"Open/modify/save this Vision window/template in an Ignition 8.3 Designer to convert it to XML, then rerun the scanner."
LWE_Master_20260521,templates/SharedTemplates/BRA_Pump_Left_LblUp,LWE_Master_20260521\com.inductiveautomation.vision\templates\SharedTemplates\BRA_Pump_Left_LblUp\data.bin,11805,Untracked Vision Binary,"Open/modify/save this Vision window/template in an Ignition 8.3 Designer to convert it to XML, then rerun the scanner."
LWE_Master_20260521,templates/SharedTemplates/BRA_Pump_Left_PIDE,LWE_Master_20260521\com.inductiveautomation.vision\templates\SharedTemplates\BRA_Pump_Left_PIDE\data.bin,12354,Untracked Vision Binary,"Open/modify/save this Vision window/template in an Ignition 8.3 Designer to convert it to XML, then rerun the scanner."
LWE_Master_20260521,templates/SharedTemplates/BRA_Pump_PositiveDisplacement,LWE_Master_20260521\com.inductiveautomation.vision\templates\SharedTemplates\BRA_Pump_PositiveDisplacement\data.bin,13064,Untracked Vision Binary,"Open/modify/save this Vision window/template in an Ignition 8.3 Designer to convert it to XML, then rerun the scanner."
LWE_Master_20260521,templates/SharedTemplates/BRA_Pump_Right,LWE_Master_20260521\com.inductiveautomation.vision\templates\SharedTemplates\BRA_Pump_Right\droptarget.bin,625,Untracked Vision Binary,"Open/modify/save this Vision window/template in an Ignition 8.3 Designer to convert it to XML, then rerun the scanner."
LWE_Master_20260521,templates/SharedTemplates/BRA_Pump_Right,LWE_Master_20260521\com.inductiveautomation.vision\templates\SharedTemplates\BRA_Pump_Right\template.bin,5318,Untracked Vision Binary,"Open/modify/save this Vision window/template in an Ignition 8.3 Designer to convert it to XML, then rerun the scanner."
LWE_Master_20260521,templates/SharedTemplates/BRA_Pump_Right_Discrete,LWE_Master_20260521\com.inductiveautomation.vision\templates\SharedTemplates\BRA_Pump_Right_Discrete\droptarget.bin,613,Untracked Vision Binary,"Open/modify/save this Vision window/template in an Ignition 8.3 Designer to convert it to XML, then rerun the scanner."
LWE_Master_20260521,templates/SharedTemplates/BRA_Pump_Right_Discrete,LWE_Master_20260521\com.inductiveautomation.vision\templates\SharedTemplates\BRA_Pump_Right_Discrete\template.bin,5309,Untracked Vision Binary,"Open/modify/save this Vision window/template in an Ignition 8.3 Designer to convert it to XML, then rerun the scanner."
LWE_Master_20260521,templates/SharedTemplates/BRA_Pump_Right_FWD_REV,LWE_Master_20260521\com.inductiveautomation.vision\templates\SharedTemplates\BRA_Pump_Right_FWD_REV\data.bin,12524,Untracked Vision Binary,"Open/modify/save this Vision window/template in an Ignition 8.3 Designer to convert it to XML, then rerun the scanner."
LWE_Master_20260521,templates/SharedTemplates/BRA_Pump_Right_PIDE,LWE_Master_20260521\com.inductiveautomation.vision\templates\SharedTemplates\BRA_Pump_Right_PIDE\data.bin,12200,Untracked Vision Binary,"Open/modify/save this Vision window/template in an Ignition 8.3 Designer to convert it to XML, then rerun the scanner."
LWE_Master_20260521,templates/SharedTemplates/BRA_Pump_Up,LWE_Master_20260521\com.inductiveautomation.vision\templates\SharedTemplates\BRA_Pump_Up\data.bin,10361,Untracked Vision Binary,"Open/modify/save this Vision window/template in an Ignition 8.3 Designer to convert it to XML, then rerun the scanner."
LWE_Master_20260521,templates/SharedTemplates/BRA_Pump_Up_LblRight,LWE_Master_20260521\com.inductiveautomation.vision\templates\SharedTemplates\BRA_Pump_Up_LblRight\data.bin,12819,Untracked Vision Binary,"Open/modify/save this Vision window/template in an Ignition 8.3 Designer to convert it to XML, then rerun the scanner."
LWE_Master_20260521,templates/SharedTemplates/BRA_Pump_Up_PIDE,LWE_Master_20260521\com.inductiveautomation.vision\templates\SharedTemplates\BRA_Pump_Up_PIDE\droptarget.bin,627,Untracked Vision Binary,"Open/modify/save this Vision window/template in an Ignition 8.3 Designer to convert it to XML, then rerun the scanner."
LWE_Master_20260521,templates/SharedTemplates/BRA_Pump_Up_PIDE,LWE_Master_20260521\com.inductiveautomation.vision\templates\SharedTemplates\BRA_Pump_Up_PIDE\template.bin,5587,Untracked Vision Binary,"Open/modify/save this Vision window/template in an Ignition 8.3 Designer to convert it to XML, then rerun the scanner."
LWE_Master_20260521,templates/SharedTemplates/BRA_SprayBall,LWE_Master_20260521\com.inductiveautomation.vision\templates\SharedTemplates\BRA_SprayBall\template.bin,2750,Untracked Vision Binary,"Open/modify/save this Vision window/template in an Ignition 8.3 Designer to convert it to XML, then rerun the scanner."
LWE_Master_20260521,templates/SharedTemplates/BRA_SprayBall_Animated,LWE_Master_20260521\com.inductiveautomation.vision\templates\SharedTemplates\BRA_SprayBall_Animated\template.bin,3248,Untracked Vision Binary,"Open/modify/save this Vision window/template in an Ignition 8.3 Designer to convert it to XML, then rerun the scanner."
LWE_Master_20260521,templates/SharedTemplates/BRA_SprayBall_New,LWE_Master_20260521\com.inductiveautomation.vision\templates\SharedTemplates\BRA_SprayBall_New\data.bin,5910,Untracked Vision Binary,"Open/modify/save this Vision window/template in an Ignition 8.3 Designer to convert it to XML, then rerun the scanner."
LWE_Master_20260521,templates/SharedTemplates/BRA_SugarBin_SealPurge,LWE_Master_20260521\com.inductiveautomation.vision\templates\SharedTemplates\BRA_SugarBin_SealPurge\droptarget.bin,618,Untracked Vision Binary,"Open/modify/save this Vision window/template in an Ignition 8.3 Designer to convert it to XML, then rerun the scanner."
LWE_Master_20260521,templates/SharedTemplates/BRA_SugarBin_SealPurge,LWE_Master_20260521\com.inductiveautomation.vision\templates\SharedTemplates\BRA_SugarBin_SealPurge\template.bin,3724,Untracked Vision Binary,"Open/modify/save this Vision window/template in an Ignition 8.3 Designer to convert it to XML, then rerun the scanner."
LWE_Master_20260521,templates/SharedTemplates/BRA_SugarDischarge,LWE_Master_20260521\com.inductiveautomation.vision\templates\SharedTemplates\BRA_SugarDischarge\droptarget.bin,614,Untracked Vision Binary,"Open/modify/save this Vision window/template in an Ignition 8.3 Designer to convert it to XML, then rerun the scanner."
LWE_Master_20260521,templates/SharedTemplates/BRA_SugarDischarge,LWE_Master_20260521\com.inductiveautomation.vision\templates\SharedTemplates\BRA_SugarDischarge\template.bin,3969,Untracked Vision Binary,"Open/modify/save this Vision window/template in an Ignition 8.3 Designer to convert it to XML, then rerun the scanner."
LWE_Master_20260521,templates/SharedTemplates/BRA_SugarDischarge2,LWE_Master_20260521\com.inductiveautomation.vision\templates\SharedTemplates\BRA_SugarDischarge2\data.bin,6799,Untracked Vision Binary,"Open/modify/save this Vision window/template in an Ignition 8.3 Designer to convert it to XML, then rerun the scanner."
LWE_Master_20260521,templates/SharedTemplates/BRA_SugarDischarge_REV,LWE_Master_20260521\com.inductiveautomation.vision\templates\SharedTemplates\BRA_SugarDischarge_REV\data.bin,6819,Untracked Vision Binary,"Open/modify/save this Vision window/template in an Ignition 8.3 Designer to convert it to XML, then rerun the scanner."
LWE_Master_20260521,templates/SharedTemplates/BRA_SugarFilter,LWE_Master_20260521\com.inductiveautomation.vision\templates\SharedTemplates\BRA_SugarFilter\droptarget.bin,614,Untracked Vision Binary,"Open/modify/save this Vision window/template in an Ignition 8.3 Designer to convert it to XML, then rerun the scanner."
LWE_Master_20260521,templates/SharedTemplates/BRA_SugarFilter,LWE_Master_20260521\com.inductiveautomation.vision\templates\SharedTemplates\BRA_SugarFilter\template.bin,3156,Untracked Vision Binary,"Open/modify/save this Vision window/template in an Ignition 8.3 Designer to convert it to XML, then rerun the scanner."
LWE_Master_20260521,templates/SharedTemplates/BRA_SugarLumpBreaker,LWE_Master_20260521\com.inductiveautomation.vision\templates\SharedTemplates\BRA_SugarLumpBreaker\data.bin,6129,Untracked Vision Binary,"Open/modify/save this Vision window/template in an Ignition 8.3 Designer to convert it to XML, then rerun the scanner."
LWE_Master_20260521,templates/SharedTemplates/BRA_Tanks,LWE_Master_20260521\com.inductiveautomation.vision\templates\SharedTemplates\BRA_Tanks\data.bin,18325,Untracked Vision Binary,"Open/modify/save this Vision window/template in an Ignition 8.3 Designer to convert it to XML, then rerun the scanner."
LWE_Master_20260521,templates/SharedTemplates/BRA_Totalizer_Button,LWE_Master_20260521\com.inductiveautomation.vision\templates\SharedTemplates\BRA_Totalizer_Button\data.bin,3701,Untracked Vision Binary,"Open/modify/save this Vision window/template in an Ignition 8.3 Designer to convert it to XML, then rerun the scanner."
LWE_Master_20260521,templates/SharedTemplates/BRA_Valve_NoLbl,LWE_Master_20260521\com.inductiveautomation.vision\templates\SharedTemplates\BRA_Valve_NoLbl\data.bin,8663,Untracked Vision Binary,"Open/modify/save this Vision window/template in an Ignition 8.3 Designer to convert it to XML, then rerun the scanner."
LWE_Master_20260521,templates/SharedTemplates/BRA_ValveDown_NoScripting,LWE_Master_20260521\com.inductiveautomation.vision\templates\SharedTemplates\BRA_ValveDown_NoScripting\data.bin,6637,Untracked Vision Binary,"Open/modify/save this Vision window/template in an Ignition 8.3 Designer to convert it to XML, then rerun the scanner."
LWE_Master_20260521,templates/SharedTemplates/BRA_ValveLeft,LWE_Master_20260521\com.inductiveautomation.vision\templates\SharedTemplates\BRA_ValveLeft\droptarget.bin,617,Untracked Vision Binary,"Open/modify/save this Vision window/template in an Ignition 8.3 Designer to convert it to XML, then rerun the scanner."
LWE_Master_20260521,templates/SharedTemplates/BRA_ValveLeft,LWE_Master_20260521\com.inductiveautomation.vision\templates\SharedTemplates\BRA_ValveLeft\template.bin,5782,Untracked Vision Binary,"Open/modify/save this Vision window/template in an Ignition 8.3 Designer to convert it to XML, then rerun the scanner."
LWE_Master_20260521,templates/SharedTemplates/BRA_ValveLeft_AnimationCustom,LWE_Master_20260521\com.inductiveautomation.vision\templates\SharedTemplates\BRA_ValveLeft_AnimationCustom\data.bin,9230,Untracked Vision Binary,"Open/modify/save this Vision window/template in an Ignition 8.3 Designer to convert it to XML, then rerun the scanner."
LWE_Master_20260521,templates/SharedTemplates/BRA_ValveLeft_NO,LWE_Master_20260521\com.inductiveautomation.vision\templates\SharedTemplates\BRA_ValveLeft_NO\data.bin,8197,Untracked Vision Binary,"Open/modify/save this Vision window/template in an Ignition 8.3 Designer to convert it to XML, then rerun the scanner."
LWE_Master_20260521,templates/SharedTemplates/BRA_ValveLeft_NoLabel,LWE_Master_20260521\com.inductiveautomation.vision\templates\SharedTemplates\BRA_ValveLeft_NoLabel\data.bin,8536,Untracked Vision Binary,"Open/modify/save this Vision window/template in an Ignition 8.3 Designer to convert it to XML, then rerun the scanner."
LWE_Master_20260521,templates/SharedTemplates/BRA_ValveLeft_NoScripting,LWE_Master_20260521\com.inductiveautomation.vision\templates\SharedTemplates\BRA_ValveLeft_NoScripting\data.bin,8356,Untracked Vision Binary,"Open/modify/save this Vision window/template in an Ignition 8.3 Designer to convert it to XML, then rerun the scanner."
LWE_Master_20260521,templates/SharedTemplates/BRA_ValveLeft_VariableLabel,LWE_Master_20260521\com.inductiveautomation.vision\templates\SharedTemplates\BRA_ValveLeft_VariableLabel\data.bin,7545,Untracked Vision Binary,"Open/modify/save this Vision window/template in an Ignition 8.3 Designer to convert it to XML, then rerun the scanner."
LWE_Master_20260521,templates/SharedTemplates/BRA_ValveRight,LWE_Master_20260521\com.inductiveautomation.vision\templates\SharedTemplates\BRA_ValveRight\droptarget.bin,616,Untracked Vision Binary,"Open/modify/save this Vision window/template in an Ignition 8.3 Designer to convert it to XML, then rerun the scanner."
LWE_Master_20260521,templates/SharedTemplates/BRA_ValveRight,LWE_Master_20260521\com.inductiveautomation.vision\templates\SharedTemplates\BRA_ValveRight\template.bin,5760,Untracked Vision Binary,"Open/modify/save this Vision window/template in an Ignition 8.3 Designer to convert it to XML, then rerun the scanner."
LWE_Master_20260521,templates/SharedTemplates/BRA_ValveRight1,LWE_Master_20260521\com.inductiveautomation.vision\templates\SharedTemplates\BRA_ValveRight1\data.bin,9221,Untracked Vision Binary,"Open/modify/save this Vision window/template in an Ignition 8.3 Designer to convert it to XML, then rerun the scanner."
LWE_Master_20260521,templates/SharedTemplates/BRA_ValveRight1_AnimationCustom,LWE_Master_20260521\com.inductiveautomation.vision\templates\SharedTemplates\BRA_ValveRight1_AnimationCustom\droptarget.bin,617,Untracked Vision Binary,"Open/modify/save this Vision window/template in an Ignition 8.3 Designer to convert it to XML, then rerun the scanner."
LWE_Master_20260521,templates/SharedTemplates/BRA_ValveRight1_AnimationCustom,LWE_Master_20260521\com.inductiveautomation.vision\templates\SharedTemplates\BRA_ValveRight1_AnimationCustom\template.bin,5824,Untracked Vision Binary,"Open/modify/save this Vision window/template in an Ignition 8.3 Designer to convert it to XML, then rerun the scanner."
LWE_Master_20260521,templates/SharedTemplates/BRA_ValveRight_NoLabel,LWE_Master_20260521\com.inductiveautomation.vision\templates\SharedTemplates\BRA_ValveRight_NoLabel\data.bin,6997,Untracked Vision Binary,"Open/modify/save this Vision window/template in an Ignition 8.3 Designer to convert it to XML, then rerun the scanner."
LWE_Master_20260521,templates/SharedTemplates/BRA_ValveRight_VariableLabel,LWE_Master_20260521\com.inductiveautomation.vision\templates\SharedTemplates\BRA_ValveRight_VariableLabel\data.bin,7461,Untracked Vision Binary,"Open/modify/save this Vision window/template in an Ignition 8.3 Designer to convert it to XML, then rerun the scanner."
LWE_Master_20260521,templates/SharedTemplates/BRA_ValveUp,LWE_Master_20260521\com.inductiveautomation.vision\templates\SharedTemplates\BRA_ValveUp\droptarget.bin,614,Untracked Vision Binary,"Open/modify/save this Vision window/template in an Ignition 8.3 Designer to convert it to XML, then rerun the scanner."
LWE_Master_20260521,templates/SharedTemplates/BRA_ValveUp,LWE_Master_20260521\com.inductiveautomation.vision\templates\SharedTemplates\BRA_ValveUp\template.bin,5802,Untracked Vision Binary,"Open/modify/save this Vision window/template in an Ignition 8.3 Designer to convert it to XML, then rerun the scanner."
LWE_Master_20260521,templates/SharedTemplates/BRA_ValveUp (1),LWE_Master_20260521\com.inductiveautomation.vision\templates\SharedTemplates\BRA_ValveUp (1)\data.bin,7437,Untracked Vision Binary,"Open/modify/save this Vision window/template in an Ignition 8.3 Designer to convert it to XML, then rerun the scanner."
LWE_Master_20260521,templates/SharedTemplates/BRA_ValveUp_AnimationCustom,LWE_Master_20260521\com.inductiveautomation.vision\templates\SharedTemplates\BRA_ValveUp_AnimationCustom\droptarget.bin,614,Untracked Vision Binary,"Open/modify/save this Vision window/template in an Ignition 8.3 Designer to convert it to XML, then rerun the scanner."
LWE_Master_20260521,templates/SharedTemplates/BRA_ValveUp_AnimationCustom,LWE_Master_20260521\com.inductiveautomation.vision\templates\SharedTemplates\BRA_ValveUp_AnimationCustom\template.bin,5886,Untracked Vision Binary,"Open/modify/save this Vision window/template in an Ignition 8.3 Designer to convert it to XML, then rerun the scanner."
LWE_Master_20260521,templates/SharedTemplates/BRA_ValveUp_AnimationCustom1,LWE_Master_20260521\com.inductiveautomation.vision\templates\SharedTemplates\BRA_ValveUp_AnimationCustom1\data.bin,7442,Untracked Vision Binary,"Open/modify/save this Vision window/template in an Ignition 8.3 Designer to convert it to XML, then rerun the scanner."
LWE_Master_20260521,templates/SharedTemplates/BRA_ValveUp_NoLabel,LWE_Master_20260521\com.inductiveautomation.vision\templates\SharedTemplates\BRA_ValveUp_NoLabel\data.bin,7109,Untracked Vision Binary,"Open/modify/save this Vision window/template in an Ignition 8.3 Designer to convert it to XML, then rerun the scanner."
LWE_Master_20260521,templates/SharedTemplates/BRA_ValveUp_NoScripting,LWE_Master_20260521\com.inductiveautomation.vision\templates\SharedTemplates\BRA_ValveUp_NoScripting\data.bin,6616,Untracked Vision Binary,"Open/modify/save this Vision window/template in an Ignition 8.3 Designer to convert it to XML, then rerun the scanner."
LWE_Master_20260521,templates/SharedTemplates/New Template,LWE_Master_20260521\com.inductiveautomation.vision\templates\SharedTemplates\New Template\data.bin,1041,Untracked Vision Binary,"Open/modify/save this Vision window/template in an Ignition 8.3 Designer to convert it to XML, then rerun the scanner."
LWE_Master_20260521,templates/Shick Devices/Analog In 7 Seg,LWE_Master_20260521\com.inductiveautomation.vision\templates\Shick Devices\Analog In 7 Seg\droptarget.bin,623,Untracked Vision Binary,"Open/modify/save this Vision window/template in an Ignition 8.3 Designer to convert it to XML, then rerun the scanner."
LWE_Master_20260521,templates/Shick Devices/Analog In 7 Seg,LWE_Master_20260521\com.inductiveautomation.vision\templates\Shick Devices\Analog In 7 Seg\template.bin,2523,Untracked Vision Binary,"Open/modify/save this Vision window/template in an Ignition 8.3 Designer to convert it to XML, then rerun the scanner."
LWE_Master_20260521,templates/Shick Devices/Analog In 7 Seg - Tenths Place,LWE_Master_20260521\com.inductiveautomation.vision\templates\Shick Devices\Analog In 7 Seg - Tenths Place\droptarget.bin,625,Untracked Vision Binary,"Open/modify/save this Vision window/template in an Ignition 8.3 Designer to convert it to XML, then rerun the scanner."
LWE_Master_20260521,templates/Shick Devices/Analog In 7 Seg - Tenths Place,LWE_Master_20260521\com.inductiveautomation.vision\templates\Shick Devices\Analog In 7 Seg - Tenths Place\template.bin,2563,Untracked Vision Binary,"Open/modify/save this Vision window/template in an Ignition 8.3 Designer to convert it to XML, then rerun the scanner."
LWE_Master_20260521,templates/Shick Devices/Auger Direction Arrows,LWE_Master_20260521\com.inductiveautomation.vision\templates\Shick Devices\Auger Direction Arrows\template.bin,3104,Untracked Vision Binary,"Open/modify/save this Vision window/template in an Ignition 8.3 Designer to convert it to XML, then rerun the scanner."
LWE_Master_20260521,templates/Shick Devices/BulkAcidMV,LWE_Master_20260521\com.inductiveautomation.vision\templates\Shick Devices\BulkAcidMV\template.bin,3610,Untracked Vision Binary,"Open/modify/save this Vision window/template in an Ignition 8.3 Designer to convert it to XML, then rerun the scanner."
LWE_Master_20260521,templates/Shick Devices/CIP Phase Button,LWE_Master_20260521\com.inductiveautomation.vision\templates\Shick Devices\CIP Phase Button\template.bin,3213,Untracked Vision Binary,"Open/modify/save this Vision window/template in an Ignition 8.3 Designer to convert it to XML, then rerun the scanner."
LWE_Master_20260521,templates/Shick Devices/CIP Phase Button 2,LWE_Master_20260521\com.inductiveautomation.vision\templates\Shick Devices\CIP Phase Button 2\droptarget.bin,633,Untracked Vision Binary,"Open/modify/save this Vision window/template in an Ignition 8.3 Designer to convert it to XML, then rerun the scanner."
LWE_Master_20260521,templates/Shick Devices/CIP Phase Button 2,LWE_Master_20260521\com.inductiveautomation.vision\templates\Shick Devices\CIP Phase Button 2\template.bin,4653,Untracked Vision Binary,"Open/modify/save this Vision window/template in an Ignition 8.3 Designer to convert it to XML, then rerun the scanner."
LWE_Master_20260521,templates/Shick Devices/Dig In Burst Sensor,LWE_Master_20260521\com.inductiveautomation.vision\templates\Shick Devices\Dig In Burst Sensor\droptarget.bin,625,Untracked Vision Binary,"Open/modify/save this Vision window/template in an Ignition 8.3 Designer to convert it to XML, then rerun the scanner."
LWE_Master_20260521,templates/Shick Devices/Dig In Burst Sensor,LWE_Master_20260521\com.inductiveautomation.vision\templates\Shick Devices\Dig In Burst Sensor\template.bin,2537,Untracked Vision Binary,"Open/modify/save this Vision window/template in an Ignition 8.3 Designer to convert it to XML, then rerun the scanner."
LWE_Master_20260521,templates/Shick Devices/Dig In Filter,LWE_Master_20260521\com.inductiveautomation.vision\templates\Shick Devices\Dig In Filter\template.bin,3161,Untracked Vision Binary,"Open/modify/save this Vision window/template in an Ignition 8.3 Designer to convert it to XML, then rerun the scanner."
LWE_Master_20260521,templates/Shick Devices/Dig In LS,LWE_Master_20260521\com.inductiveautomation.vision\templates\Shick Devices\Dig In LS\template.bin,2645,Untracked Vision Binary,"Open/modify/save this Vision window/template in an Ignition 8.3 Designer to convert it to XML, then rerun the scanner."
LWE_Master_20260521,templates/Shick Devices/Dig Out Air Cylinder,LWE_Master_20260521\com.inductiveautomation.vision\templates\Shick Devices\Dig Out Air Cylinder\template.bin,3730,Untracked Vision Binary,"Open/modify/save this Vision window/template in an Ignition 8.3 Designer to convert it to XML, then rerun the scanner."
LWE_Master_20260521,templates/Shick Devices/Dig Out Bin Vibrator,LWE_Master_20260521\com.inductiveautomation.vision\templates\Shick Devices\Dig Out Bin Vibrator\template.bin,5144,Untracked Vision Binary,"Open/modify/save this Vision window/template in an Ignition 8.3 Designer to convert it to XML, then rerun the scanner."
LWE_Master_20260521,templates/Shick Devices/Dig Out Pump Right,LWE_Master_20260521\com.inductiveautomation.vision\templates\Shick Devices\Dig Out Pump Right\droptarget.bin,632,Untracked Vision Binary,"Open/modify/save this Vision window/template in an Ignition 8.3 Designer to convert it to XML, then rerun the scanner."
LWE_Master_20260521,templates/Shick Devices/Dig Out Pump Right,LWE_Master_20260521\com.inductiveautomation.vision\templates\Shick Devices\Dig Out Pump Right\template.bin,5034,Untracked Vision Binary,"Open/modify/save this Vision window/template in an Ignition 8.3 Designer to convert it to XML, then rerun the scanner."
LWE_Master_20260521,templates/Shick Devices/Dig Out Valve,LWE_Master_20260521\com.inductiveautomation.vision\templates\Shick Devices\Dig Out Valve\droptarget.bin,632,Untracked Vision Binary,"Open/modify/save this Vision window/template in an Ignition 8.3 Designer to convert it to XML, then rerun the scanner."
LWE_Master_20260521,templates/Shick Devices/Dig Out Valve,LWE_Master_20260521\com.inductiveautomation.vision\templates\Shick Devices\Dig Out Valve\template.bin,6133,Untracked Vision Binary,"Open/modify/save this Vision window/template in an Ignition 8.3 Designer to convert it to XML, then rerun the scanner."
LWE_Master_20260521,templates/Shick Devices/Divert Valve Arrows,LWE_Master_20260521\com.inductiveautomation.vision\templates\Shick Devices\Divert Valve Arrows\template.bin,2888,Untracked Vision Binary,"Open/modify/save this Vision window/template in an Ignition 8.3 Designer to convert it to XML, then rerun the scanner."
LWE_Master_20260521,templates/Shick Devices/Double MPV,LWE_Master_20260521\com.inductiveautomation.vision\templates\Shick Devices\Double MPV\droptarget.bin,619,Untracked Vision Binary,"Open/modify/save this Vision window/template in an Ignition 8.3 Designer to convert it to XML, then rerun the scanner."
LWE_Master_20260521,templates/Shick Devices/Double MPV,LWE_Master_20260521\com.inductiveautomation.vision\templates\Shick Devices\Double MPV\template.bin,7212,Untracked Vision Binary,"Open/modify/save this Vision window/template in an Ignition 8.3 Designer to convert it to XML, then rerun the scanner."
LWE_Master_20260521,templates/Shick Devices/FSM Agitate Timer,LWE_Master_20260521\com.inductiveautomation.vision\templates\Shick Devices\FSM Agitate Timer\template.bin,2868,Untracked Vision Binary,"Open/modify/save this Vision window/template in an Ignition 8.3 Designer to convert it to XML, then rerun the scanner."
LWE_Master_20260521,templates/Shick Devices/Generic Shick FSM Button,LWE_Master_20260521\com.inductiveautomation.vision\templates\Shick Devices\Generic Shick FSM Button\droptarget.bin,626,Untracked Vision Binary,"Open/modify/save this Vision window/template in an Ignition 8.3 Designer to convert it to XML, then rerun the scanner."
LWE_Master_20260521,templates/Shick Devices/Generic Shick FSM Button,LWE_Master_20260521\com.inductiveautomation.vision\templates\Shick Devices\Generic Shick FSM Button\template.bin,4777,Untracked Vision Binary,"Open/modify/save this Vision window/template in an Ignition 8.3 Designer to convert it to XML, then rerun the scanner."
LWE_Master_20260521,templates/Shick Devices/HOA SS Valve,LWE_Master_20260521\com.inductiveautomation.vision\templates\Shick Devices\HOA SS Valve\template.bin,5719,Untracked Vision Binary,"Open/modify/save this Vision window/template in an Ignition 8.3 Designer to convert it to XML, then rerun the scanner."
LWE_Master_20260521,templates/Shick Devices/Place Holder Pump Right,LWE_Master_20260521\com.inductiveautomation.vision\templates\Shick Devices\Place Holder Pump Right\template.bin,2879,Untracked Vision Binary,"Open/modify/save this Vision window/template in an Ignition 8.3 Designer to convert it to XML, then rerun the scanner."
LWE_Master_20260521,templates/Shick Devices/Place Holder Valve,LWE_Master_20260521\com.inductiveautomation.vision\templates\Shick Devices\Place Holder Valve\template.bin,3321,Untracked Vision Binary,"Open/modify/save this Vision window/template in an Ignition 8.3 Designer to convert it to XML, then rerun the scanner."
LWE_Master_20260521,templates/Shick Devices/Process Flow Label,LWE_Master_20260521\com.inductiveautomation.vision\templates\Shick Devices\Process Flow Label\template.bin,2926,Untracked Vision Binary,"Open/modify/save this Vision window/template in an Ignition 8.3 Designer to convert it to XML, then rerun the scanner."
LWE_Master_20260521,templates/Shick Devices/SS Agitator,LWE_Master_20260521\com.inductiveautomation.vision\templates\Shick Devices\SS Agitator\template.bin,6095,Untracked Vision Binary,"Open/modify/save this Vision window/template in an Ignition 8.3 Designer to convert it to XML, then rerun the scanner."
LWE_Master_20260521,templates/Shick Devices/SS Discharge,LWE_Master_20260521\com.inductiveautomation.vision\templates\Shick Devices\SS Discharge\droptarget.bin,627,Untracked Vision Binary,"Open/modify/save this Vision window/template in an Ignition 8.3 Designer to convert it to XML, then rerun the scanner."
LWE_Master_20260521,templates/Shick Devices/SS Discharge,LWE_Master_20260521\com.inductiveautomation.vision\templates\Shick Devices\SS Discharge\template.bin,4391,Untracked Vision Binary,"Open/modify/save this Vision window/template in an Ignition 8.3 Designer to convert it to XML, then rerun the scanner."
LWE_Master_20260521,templates/Shick Devices/SS Heat Ex,LWE_Master_20260521\com.inductiveautomation.vision\templates\Shick Devices\SS Heat Ex\template.bin,7572,Untracked Vision Binary,"Open/modify/save this Vision window/template in an Ignition 8.3 Designer to convert it to XML, then rerun the scanner."
LWE_Master_20260521,templates/Shick Devices/SS Motor Bin Vibrator,LWE_Master_20260521\com.inductiveautomation.vision\templates\Shick Devices\SS Motor Bin Vibrator\template.bin,5278,Untracked Vision Binary,"Open/modify/save this Vision window/template in an Ignition 8.3 Designer to convert it to XML, then rerun the scanner."
LWE_Master_20260521,templates/Shick Devices/SS Pump Left,LWE_Master_20260521\com.inductiveautomation.vision\templates\Shick Devices\SS Pump Left\template.bin,5357,Untracked Vision Binary,"Open/modify/save this Vision window/template in an Ignition 8.3 Designer to convert it to XML, then rerun the scanner."
LWE_Master_20260521,templates/Shick Devices/SS Pump Right,LWE_Master_20260521\com.inductiveautomation.vision\templates\Shick Devices\SS Pump Right\template.bin,5361,Untracked Vision Binary,"Open/modify/save this Vision window/template in an Ignition 8.3 Designer to convert it to XML, then rerun the scanner."
LWE_Master_20260521,templates/Shick Devices/SS Pump Up,LWE_Master_20260521\com.inductiveautomation.vision\templates\Shick Devices\SS Pump Up\template.bin,5443,Untracked Vision Binary,"Open/modify/save this Vision window/template in an Ignition 8.3 Designer to convert it to XML, then rerun the scanner."
LWE_Master_20260521,templates/Shick Devices/SS Valve,LWE_Master_20260521\com.inductiveautomation.vision\templates\Shick Devices\SS Valve\droptarget.bin,628,Untracked Vision Binary,"Open/modify/save this Vision window/template in an Ignition 8.3 Designer to convert it to XML, then rerun the scanner."
LWE_Master_20260521,templates/Shick Devices/SS Valve,LWE_Master_20260521\com.inductiveautomation.vision\templates\Shick Devices\SS Valve\template.bin,6044,Untracked Vision Binary,"Open/modify/save this Vision window/template in an Ignition 8.3 Designer to convert it to XML, then rerun the scanner."
LWE_Master_20260521,templates/Shick Devices/Tank,LWE_Master_20260521\com.inductiveautomation.vision\templates\Shick Devices\Tank\template.bin,7334,Untracked Vision Binary,"Open/modify/save this Vision window/template in an Ignition 8.3 Designer to convert it to XML, then rerun the scanner."
LWE_Master_20260521,templates/Shick Devices/VS Agitator,LWE_Master_20260521\com.inductiveautomation.vision\templates\Shick Devices\VS Agitator\template.bin,5930,Untracked Vision Binary,"Open/modify/save this Vision window/template in an Ignition 8.3 Designer to convert it to XML, then rerun the scanner."
LWE_Master_20260521,templates/Shick Devices/VS Motor Left,LWE_Master_20260521\com.inductiveautomation.vision\templates\Shick Devices\VS Motor Left\droptarget.bin,629,Untracked Vision Binary,"Open/modify/save this Vision window/template in an Ignition 8.3 Designer to convert it to XML, then rerun the scanner."
LWE_Master_20260521,templates/Shick Devices/VS Motor Left,LWE_Master_20260521\com.inductiveautomation.vision\templates\Shick Devices\VS Motor Left\template.bin,6299,Untracked Vision Binary,"Open/modify/save this Vision window/template in an Ignition 8.3 Designer to convert it to XML, then rerun the scanner."
LWE_Master_20260521,templates/Shick Devices/VS Pump Down,LWE_Master_20260521\com.inductiveautomation.vision\templates\Shick Devices\VS Pump Down\droptarget.bin,629,Untracked Vision Binary,"Open/modify/save this Vision window/template in an Ignition 8.3 Designer to convert it to XML, then rerun the scanner."
LWE_Master_20260521,templates/Shick Devices/VS Pump Down,LWE_Master_20260521\com.inductiveautomation.vision\templates\Shick Devices\VS Pump Down\template.bin,5660,Untracked Vision Binary,"Open/modify/save this Vision window/template in an Ignition 8.3 Designer to convert it to XML, then rerun the scanner."
LWE_Master_20260521,templates/Shick Devices/VS Pump Down - No rev,LWE_Master_20260521\com.inductiveautomation.vision\templates\Shick Devices\VS Pump Down - No rev\droptarget.bin,628,Untracked Vision Binary,"Open/modify/save this Vision window/template in an Ignition 8.3 Designer to convert it to XML, then rerun the scanner."
LWE_Master_20260521,templates/Shick Devices/VS Pump Down - No rev,LWE_Master_20260521\com.inductiveautomation.vision\templates\Shick Devices\VS Pump Down - No rev\template.bin,5667,Untracked Vision Binary,"Open/modify/save this Vision window/template in an Ignition 8.3 Designer to convert it to XML, then rerun the scanner."
LWE_Master_20260521,templates/Shick Devices/VS Pump Left,LWE_Master_20260521\com.inductiveautomation.vision\templates\Shick Devices\VS Pump Left\droptarget.bin,625,Untracked Vision Binary,"Open/modify/save this Vision window/template in an Ignition 8.3 Designer to convert it to XML, then rerun the scanner."
LWE_Master_20260521,templates/Shick Devices/VS Pump Left,LWE_Master_20260521\com.inductiveautomation.vision\templates\Shick Devices\VS Pump Left\template.bin,5363,Untracked Vision Binary,"Open/modify/save this Vision window/template in an Ignition 8.3 Designer to convert it to XML, then rerun the scanner."
LWE_Master_20260521,templates/Shick Devices/VS Pump Right,LWE_Master_20260521\com.inductiveautomation.vision\templates\Shick Devices\VS Pump Right\droptarget.bin,624,Untracked Vision Binary,"Open/modify/save this Vision window/template in an Ignition 8.3 Designer to convert it to XML, then rerun the scanner."
LWE_Master_20260521,templates/Shick Devices/VS Pump Right,LWE_Master_20260521\com.inductiveautomation.vision\templates\Shick Devices\VS Pump Right\template.bin,5335,Untracked Vision Binary,"Open/modify/save this Vision window/template in an Ignition 8.3 Designer to convert it to XML, then rerun the scanner."
LWE_Master_20260521,templates/Shick Devices/VS Pump Up,LWE_Master_20260521\com.inductiveautomation.vision\templates\Shick Devices\VS Pump Up\droptarget.bin,628,Untracked Vision Binary,"Open/modify/save this Vision window/template in an Ignition 8.3 Designer to convert it to XML, then rerun the scanner."
LWE_Master_20260521,templates/Shick Devices/VS Pump Up,LWE_Master_20260521\com.inductiveautomation.vision\templates\Shick Devices\VS Pump Up\template.bin,5679,Untracked Vision Binary,"Open/modify/save this Vision window/template in an Ignition 8.3 Designer to convert it to XML, then rerun the scanner."
LWE_Master_20260521,templates/Shick Devices/VS Pump Up  - No rev,LWE_Master_20260521\com.inductiveautomation.vision\templates\Shick Devices\VS Pump Up  - No rev\droptarget.bin,628,Untracked Vision Binary,"Open/modify/save this Vision window/template in an Ignition 8.3 Designer to convert it to XML, then rerun the scanner."
LWE_Master_20260521,templates/Shick Devices/VS Pump Up  - No rev,LWE_Master_20260521\com.inductiveautomation.vision\templates\Shick Devices\VS Pump Up  - No rev\template.bin,5681,Untracked Vision Binary,"Open/modify/save this Vision window/template in an Ignition 8.3 Designer to convert it to XML, then rerun the scanner."
LWE_Master_20260521,templates/Shick Devices/Weight Scale,LWE_Master_20260521\com.inductiveautomation.vision\templates\Shick Devices\Weight Scale\droptarget.bin,611,Untracked Vision Binary,"Open/modify/save this Vision window/template in an Ignition 8.3 Designer to convert it to XML, then rerun the scanner."
LWE_Master_20260521,templates/Shick Devices/Weight Scale,LWE_Master_20260521\com.inductiveautomation.vision\templates\Shick Devices\Weight Scale\template.bin,2726,Untracked Vision Binary,"Open/modify/save this Vision window/template in an Ignition 8.3 Designer to convert it to XML, then rerun the scanner."
LWE_Master_20260521,templates/Shick Devices/xPID Valve,LWE_Master_20260521\com.inductiveautomation.vision\templates\Shick Devices\xPID Valve\template.bin,5448,Untracked Vision Binary,"Open/modify/save this Vision window/template in an Ignition 8.3 Designer to convert it to XML, then rerun the scanner."
LWE_Master_20260521,templates/Tank Farm Interlock Template,LWE_Master_20260521\com.inductiveautomation.vision\templates\Tank Farm Interlock Template\template.bin,2309,Untracked Vision Binary,"Open/modify/save this Vision window/template in an Ignition 8.3 Designer to convert it to XML, then rerun the scanner."
LWE_Master_20260521,templates/Tank Farm Phase Controller,LWE_Master_20260521\com.inductiveautomation.vision\templates\Tank Farm Phase Controller\droptarget.bin,620,Untracked Vision Binary,"Open/modify/save this Vision window/template in an Ignition 8.3 Designer to convert it to XML, then rerun the scanner."
LWE_Master_20260521,templates/Tank Farm Phase Controller,LWE_Master_20260521\com.inductiveautomation.vision\templates\Tank Farm Phase Controller\template.bin,4440,Untracked Vision Binary,"Open/modify/save this Vision window/template in an Ignition 8.3 Designer to convert it to XML, then rerun the scanner."
LWE_Master_20260521,templates/To Filler Transfer,LWE_Master_20260521\com.inductiveautomation.vision\templates\To Filler Transfer\template.bin,5702,Untracked Vision Binary,"Open/modify/save this Vision window/template in an Ignition 8.3 Designer to convert it to XML, then rerun the scanner."
LWE_Master_20260521,windows/Bulk Material Levels/Bulk Material Levels,LWE_Master_20260521\com.inductiveautomation.vision\windows\Bulk Material Levels\Bulk Material Levels\window.bin,1344,Untracked Vision Binary,"Open/modify/save this Vision window/template in an Ignition 8.3 Designer to convert it to XML, then rerun the scanner."
LWE_Master_20260521,windows/Bulk Material Levels/Popups/Custom Property Editor,LWE_Master_20260521\com.inductiveautomation.vision\windows\Bulk Material Levels\Popups\Custom Property Editor\window.bin,1663,Untracked Vision Binary,"Open/modify/save this Vision window/template in an Ignition 8.3 Designer to convert it to XML, then rerun the scanner."
LWE_Master_20260521,windows/DummyScreen-Kev,LWE_Master_20260521\com.inductiveautomation.vision\windows\DummyScreen-Kev\window.bin,795,Untracked Vision Binary,"Open/modify/save this Vision window/template in an Ignition 8.3 Designer to convert it to XML, then rerun the scanner."
LWE_Master_20260521,windows/Main Windows/Alarms,LWE_Master_20260521\com.inductiveautomation.vision\windows\Main Windows\Alarms\window.bin,3296,Untracked Vision Binary,"Open/modify/save this Vision window/template in an Ignition 8.3 Designer to convert it to XML, then rerun the scanner."
LWE_Master_20260521,windows/Main Windows/Archive/Tanks 1,LWE_Master_20260521\com.inductiveautomation.vision\windows\Main Windows\Archive\Tanks 1\window.bin,10355,Untracked Vision Binary,"Open/modify/save this Vision window/template in an Ignition 8.3 Designer to convert it to XML, then rerun the scanner."
LWE_Master_20260521,windows/Main Windows/BBU Transfer,LWE_Master_20260521\com.inductiveautomation.vision\windows\Main Windows\BBU Transfer\window.bin,19671,Untracked Vision Binary,"Open/modify/save this Vision window/template in an Ignition 8.3 Designer to convert it to XML, then rerun the scanner."
LWE_Master_20260521,windows/Main Windows/BBU Transfer Config,LWE_Master_20260521\com.inductiveautomation.vision\windows\Main Windows\BBU Transfer Config\window.bin,3526,Untracked Vision Binary,"Open/modify/save this Vision window/template in an Ignition 8.3 Designer to convert it to XML, then rerun the scanner."
LWE_Master_20260521,windows/Main Windows/Blends to HT,LWE_Master_20260521\com.inductiveautomation.vision\windows\Main Windows\Blends to HT\window.bin,11241,Untracked Vision Binary,"Open/modify/save this Vision window/template in an Ignition 8.3 Designer to convert it to XML, then rerun the scanner."
LWE_Master_20260521,windows/Main Windows/Bulk Acid,LWE_Master_20260521\com.inductiveautomation.vision\windows\Main Windows\Bulk Acid\window.bin,36298,Untracked Vision Binary,"Open/modify/save this Vision window/template in an Ignition 8.3 Designer to convert it to XML, then rerun the scanner."
LWE_Master_20260521,windows/Main Windows/CIP Tanks,LWE_Master_20260521\com.inductiveautomation.vision\windows\Main Windows\CIP Tanks\window.bin,21424,Untracked Vision Binary,"Open/modify/save this Vision window/template in an Ignition 8.3 Designer to convert it to XML, then rerun the scanner."
LWE_Master_20260521,windows/Main Windows/CIP-Flowplate,LWE_Master_20260521\com.inductiveautomation.vision\windows\Main Windows\CIP-Flowplate\window.bin,9652,Untracked Vision Binary,"Open/modify/save this Vision window/template in an Ignition 8.3 Designer to convert it to XML, then rerun the scanner."
LWE_Master_20260521,windows/Main Windows/CleanScreen,LWE_Master_20260521\com.inductiveautomation.vision\windows\Main Windows\CleanScreen\window.bin,3455,Untracked Vision Binary,"Open/modify/save this Vision window/template in an Ignition 8.3 Designer to convert it to XML, then rerun the scanner."
LWE_Master_20260521,windows/Main Windows/Config,LWE_Master_20260521\com.inductiveautomation.vision\windows\Main Windows\Config\window.bin,16565,Untracked Vision Binary,"Open/modify/save this Vision window/template in an Ignition 8.3 Designer to convert it to XML, then rerun the scanner."
LWE_Master_20260521,windows/Main Windows/Hoppers,LWE_Master_20260521\com.inductiveautomation.vision\windows\Main Windows\Hoppers\window.bin,13766,Untracked Vision Binary,"Open/modify/save this Vision window/template in an Ignition 8.3 Designer to convert it to XML, then rerun the scanner."
LWE_Master_20260521,windows/Main Windows/HT to Bottling,LWE_Master_20260521\com.inductiveautomation.vision\windows\Main Windows\HT to Bottling\window.bin,15908,Untracked Vision Binary,"Open/modify/save this Vision window/template in an Ignition 8.3 Designer to convert it to XML, then rerun the scanner."
LWE_Master_20260521,windows/Main Windows/HT to Bottling Backup SR,LWE_Master_20260521\com.inductiveautomation.vision\windows\Main Windows\HT to Bottling Backup SR\window.bin,14021,Untracked Vision Binary,"Open/modify/save this Vision window/template in an Ignition 8.3 Designer to convert it to XML, then rerun the scanner."
LWE_Master_20260521,windows/Main Windows/HT to Bottling OLD SR,LWE_Master_20260521\com.inductiveautomation.vision\windows\Main Windows\HT to Bottling OLD SR\window.bin,14336,Untracked Vision Binary,"Open/modify/save this Vision window/template in an Ignition 8.3 Designer to convert it to XML, then rerun the scanner."
LWE_Master_20260521,windows/Main Windows/Liquid Transfer,LWE_Master_20260521\com.inductiveautomation.vision\windows\Main Windows\Liquid Transfer\window.bin,11470,Untracked Vision Binary,"Open/modify/save this Vision window/template in an Ignition 8.3 Designer to convert it to XML, then rerun the scanner."
LWE_Master_20260521,windows/Main Windows/Liquid Transfer_DeleteAfterCheckingUpdates,LWE_Master_20260521\com.inductiveautomation.vision\windows\Main Windows\Liquid Transfer_DeleteAfterCheckingUpdates\window.bin,11353,Untracked Vision Binary,"Open/modify/save this Vision window/template in an Ignition 8.3 Designer to convert it to XML, then rerun the scanner."
LWE_Master_20260521,windows/Main Windows/Main Window,LWE_Master_20260521\com.inductiveautomation.vision\windows\Main Windows\Main Window\window.bin,2638,Untracked Vision Binary,"Open/modify/save this Vision window/template in an Ignition 8.3 Designer to convert it to XML, then rerun the scanner."
LWE_Master_20260521,windows/Main Windows/Process/Blends to HT,LWE_Master_20260521\com.inductiveautomation.vision\windows\Main Windows\Process\Blends to HT\window.bin,11029,Untracked Vision Binary,"Open/modify/save this Vision window/template in an Ignition 8.3 Designer to convert it to XML, then rerun the scanner."
LWE_Master_20260521,windows/Main Windows/Process/LWE Tank Farm,LWE_Master_20260521\com.inductiveautomation.vision\windows\Main Windows\Process\LWE Tank Farm\window.bin,21376,Untracked Vision Binary,"Open/modify/save this Vision window/template in an Ignition 8.3 Designer to convert it to XML, then rerun the scanner."
LWE_Master_20260521,windows/Navigation 2,LWE_Master_20260521\com.inductiveautomation.vision\windows\Navigation 2\window.bin,173741,Untracked Vision Binary,"Open/modify/save this Vision window/template in an Ignition 8.3 Designer to convert it to XML, then rerun the scanner."
LWE_Master_20260521,windows/Pane2MaterialMockup,LWE_Master_20260521\com.inductiveautomation.vision\windows\Pane2MaterialMockup\window.bin,3432,Untracked Vision Binary,"Open/modify/save this Vision window/template in an Ignition 8.3 Designer to convert it to XML, then rerun the scanner."
LWE_Master_20260521,windows/Pane2MaterialMockup_Fail,LWE_Master_20260521\com.inductiveautomation.vision\windows\Pane2MaterialMockup_Fail\window.bin,3695,Untracked Vision Binary,"Open/modify/save this Vision window/template in an Ignition 8.3 Designer to convert it to XML, then rerun the scanner."
LWE_Master_20260521,windows/Popups/Acid Confirmation Add,LWE_Master_20260521\com.inductiveautomation.vision\windows\Popups\Acid Confirmation Add\window.bin,3896,Untracked Vision Binary,"Open/modify/save this Vision window/template in an Ignition 8.3 Designer to convert it to XML, then rerun the scanner."
LWE_Master_20260521,windows/Popups/Acid Confirmation Delete,LWE_Master_20260521\com.inductiveautomation.vision\windows\Popups\Acid Confirmation Delete\window.bin,3691,Untracked Vision Binary,"Open/modify/save this Vision window/template in an Ignition 8.3 Designer to convert it to XML, then rerun the scanner."
LWE_Master_20260521,windows/Popups/Are You Sure,LWE_Master_20260521\com.inductiveautomation.vision\windows\Popups\Are You Sure\window.bin,3244,Untracked Vision Binary,"Open/modify/save this Vision window/template in an Ignition 8.3 Designer to convert it to XML, then rerun the scanner."
LWE_Master_20260521,windows/Popups/Blend Tank Selection,LWE_Master_20260521\com.inductiveautomation.vision\windows\Popups\Blend Tank Selection\window.bin,2299,Untracked Vision Binary,"Open/modify/save this Vision window/template in an Ignition 8.3 Designer to convert it to XML, then rerun the scanner."
LWE_Master_20260521,windows/Popups/BRA_DiscreteMotor_Faceplate,LWE_Master_20260521\com.inductiveautomation.vision\windows\Popups\BRA_DiscreteMotor_Faceplate\data.bin,14484,Untracked Vision Binary,"Open/modify/save this Vision window/template in an Ignition 8.3 Designer to convert it to XML, then rerun the scanner."
LWE_Master_20260521,windows/Popups/BRA_Operation,LWE_Master_20260521\com.inductiveautomation.vision\windows\Popups\BRA_Operation\data.bin,16223,Untracked Vision Binary,"Open/modify/save this Vision window/template in an Ignition 8.3 Designer to convert it to XML, then rerun the scanner."
LWE_Master_20260521,windows/Popups/BRA_Operation_Alarms_CIP2,LWE_Master_20260521\com.inductiveautomation.vision\windows\Popups\BRA_Operation_Alarms_CIP2\data.bin,8922,Untracked Vision Binary,"Open/modify/save this Vision window/template in an Ignition 8.3 Designer to convert it to XML, then rerun the scanner."
LWE_Master_20260521,windows/Popups/BRA_Operation_CIP2,LWE_Master_20260521\com.inductiveautomation.vision\windows\Popups\BRA_Operation_CIP2\window.bin,12562,Untracked Vision Binary,"Open/modify/save this Vision window/template in an Ignition 8.3 Designer to convert it to XML, then rerun the scanner."
LWE_Master_20260521,windows/Popups/BRA_Operation_Interlocks_CIP2,LWE_Master_20260521\com.inductiveautomation.vision\windows\Popups\BRA_Operation_Interlocks_CIP2\data.bin,10647,Untracked Vision Binary,"Open/modify/save this Vision window/template in an Ignition 8.3 Designer to convert it to XML, then rerun the scanner."
LWE_Master_20260521,windows/Popups/BRA_Operation_Parameters_CIP2,LWE_Master_20260521\com.inductiveautomation.vision\windows\Popups\BRA_Operation_Parameters_CIP2\data.bin,14465,Untracked Vision Binary,"Open/modify/save this Vision window/template in an Ignition 8.3 Designer to convert it to XML, then rerun the scanner."
LWE_Master_20260521,windows/Popups/BRA_Phase,LWE_Master_20260521\com.inductiveautomation.vision\windows\Popups\BRA_Phase\data.bin,12701,Untracked Vision Binary,"Open/modify/save this Vision window/template in an Ignition 8.3 Designer to convert it to XML, then rerun the scanner."
LWE_Master_20260521,windows/Popups/BRA_PIDE_Pump_Faceplate,LWE_Master_20260521\com.inductiveautomation.vision\windows\Popups\BRA_PIDE_Pump_Faceplate\window.bin,8778,Untracked Vision Binary,"Open/modify/save this Vision window/template in an Ignition 8.3 Designer to convert it to XML, then rerun the scanner."
LWE_Master_20260521,windows/Popups/BRA_PIDE_Valve_Faceplate,LWE_Master_20260521\com.inductiveautomation.vision\windows\Popups\BRA_PIDE_Valve_Faceplate\window.bin,7928,Untracked Vision Binary,"Open/modify/save this Vision window/template in an Ignition 8.3 Designer to convert it to XML, then rerun the scanner."
LWE_Master_20260521,windows/Popups/BRA_Valve_Faceplate,LWE_Master_20260521\com.inductiveautomation.vision\windows\Popups\BRA_Valve_Faceplate\window.bin,5486,Untracked Vision Binary,"Open/modify/save this Vision window/template in an Ignition 8.3 Designer to convert it to XML, then rerun the scanner."
LWE_Master_20260521,windows/Popups/BRA_VFD_Faceplate,LWE_Master_20260521\com.inductiveautomation.vision\windows\Popups\BRA_VFD_Faceplate\window.bin,6810,Untracked Vision Binary,"Open/modify/save this Vision window/template in an Ignition 8.3 Designer to convert it to XML, then rerun the scanner."
LWE_Master_20260521,windows/Popups/BulkAcid_Interlock_Popup,LWE_Master_20260521\com.inductiveautomation.vision\windows\Popups\BulkAcid_Interlock_Popup\window.bin,4586,Untracked Vision Binary,"Open/modify/save this Vision window/template in an Ignition 8.3 Designer to convert it to XML, then rerun the scanner."
LWE_Master_20260521,windows/Popups/BulkAcid_TruckUnload,LWE_Master_20260521\com.inductiveautomation.vision\windows\Popups\BulkAcid_TruckUnload\window.bin,4536,Untracked Vision Binary,"Open/modify/save this Vision window/template in an Ignition 8.3 Designer to convert it to XML, then rerun the scanner."
LWE_Master_20260521,windows/Popups/Control Modules/BRA_DValve,LWE_Master_20260521\com.inductiveautomation.vision\windows\Popups\Control Modules\BRA_DValve\data.bin,8568,Untracked Vision Binary,"Open/modify/save this Vision window/template in an Ignition 8.3 Designer to convert it to XML, then rerun the scanner."
LWE_Master_20260521,windows/Popups/Control Modules/BRA_VFD,LWE_Master_20260521\com.inductiveautomation.vision\windows\Popups\Control Modules\BRA_VFD\data.bin,17527,Untracked Vision Binary,"Open/modify/save this Vision window/template in an Ignition 8.3 Designer to convert it to XML, then rerun the scanner."
LWE_Master_20260521,windows/Popups/Filter_Basket_Confirmation,LWE_Master_20260521\com.inductiveautomation.vision\windows\Popups\Filter_Basket_Confirmation\window.bin,4015,Untracked Vision Binary,"Open/modify/save this Vision window/template in an Ignition 8.3 Designer to convert it to XML, then rerun the scanner."
LWE_Master_20260521,windows/Popups/Job Management/Job Schedule_Backup,LWE_Master_20260521\com.inductiveautomation.vision\windows\Popups\Job Management\Job Schedule_Backup\window.bin,32434,Untracked Vision Binary,"Open/modify/save this Vision window/template in an Ignition 8.3 Designer to convert it to XML, then rerun the scanner."
LWE_Master_20260521,windows/Popups/Job Management/Job Schedule_OLD,LWE_Master_20260521\com.inductiveautomation.vision\windows\Popups\Job Management\Job Schedule_OLD\window.bin,32817,Untracked Vision Binary,"Open/modify/save this Vision window/template in an Ignition 8.3 Designer to convert it to XML, then rerun the scanner."
LWE_Master_20260521,windows/Popups/Job Management/JobError,LWE_Master_20260521\com.inductiveautomation.vision\windows\Popups\Job Management\JobError\window.bin,1934,Untracked Vision Binary,"Open/modify/save this Vision window/template in an Ignition 8.3 Designer to convert it to XML, then rerun the scanner."
LWE_Master_20260521,windows/Popups/Shick Device Popups/CIP1_FSM Popup,LWE_Master_20260521\com.inductiveautomation.vision\windows\Popups\Shick Device Popups\CIP1_FSM Popup\window.bin,10501,Untracked Vision Binary,"Open/modify/save this Vision window/template in an Ignition 8.3 Designer to convert it to XML, then rerun the scanner."
LWE_Master_20260521,windows/Popups/Shick Device Popups/Dig Out Popup,LWE_Master_20260521\com.inductiveautomation.vision\windows\Popups\Shick Device Popups\Dig Out Popup\window.bin,5107,Untracked Vision Binary,"Open/modify/save this Vision window/template in an Ignition 8.3 Designer to convert it to XML, then rerun the scanner."
LWE_Master_20260521,windows/Popups/Shick Device Popups/Generic Shick FSM Popup,LWE_Master_20260521\com.inductiveautomation.vision\windows\Popups\Shick Device Popups\Generic Shick FSM Popup\window.bin,11871,Untracked Vision Binary,"Open/modify/save this Vision window/template in an Ignition 8.3 Designer to convert it to XML, then rerun the scanner."
LWE_Master_20260521,windows/Popups/Shick Device Popups/LWE Tank Farm Interlocks,LWE_Master_20260521\com.inductiveautomation.vision\windows\Popups\Shick Device Popups\LWE Tank Farm Interlocks\window.bin,2827,Untracked Vision Binary,"Open/modify/save this Vision window/template in an Ignition 8.3 Designer to convert it to XML, then rerun the scanner."
LWE_Master_20260521,windows/Popups/Shick Device Popups/MPV Popup,LWE_Master_20260521\com.inductiveautomation.vision\windows\Popups\Shick Device Popups\MPV Popup\window.bin,5663,Untracked Vision Binary,"Open/modify/save this Vision window/template in an Ignition 8.3 Designer to convert it to XML, then rerun the scanner."
LWE_Master_20260521,windows/Popups/Shick Device Popups/SS Motor Popup,LWE_Master_20260521\com.inductiveautomation.vision\windows\Popups\Shick Device Popups\SS Motor Popup\window.bin,5502,Untracked Vision Binary,"Open/modify/save this Vision window/template in an Ignition 8.3 Designer to convert it to XML, then rerun the scanner."
LWE_Master_20260521,windows/Popups/Shick Device Popups/SS Valve Popup,LWE_Master_20260521\com.inductiveautomation.vision\windows\Popups\Shick Device Popups\SS Valve Popup\window.bin,5194,Untracked Vision Binary,"Open/modify/save this Vision window/template in an Ignition 8.3 Designer to convert it to XML, then rerun the scanner."
LWE_Master_20260521,windows/Popups/Shick Device Popups/Tank Farm FSM Popup,LWE_Master_20260521\com.inductiveautomation.vision\windows\Popups\Shick Device Popups\Tank Farm FSM Popup\window.bin,4488,Untracked Vision Binary,"Open/modify/save this Vision window/template in an Ignition 8.3 Designer to convert it to XML, then rerun the scanner."
LWE_Master_20260521,windows/Popups/Shick Device Popups/VS Motor Popup,LWE_Master_20260521\com.inductiveautomation.vision\windows\Popups\Shick Device Popups\VS Motor Popup\window.bin,7318,Untracked Vision Binary,"Open/modify/save this Vision window/template in an Ignition 8.3 Designer to convert it to XML, then rerun the scanner."
LWE_Master_20260521,windows/Popups/Shick Device Popups/VS Motor Popup - No rev,LWE_Master_20260521\com.inductiveautomation.vision\windows\Popups\Shick Device Popups\VS Motor Popup - No rev\window.bin,7373,Untracked Vision Binary,"Open/modify/save this Vision window/template in an Ignition 8.3 Designer to convert it to XML, then rerun the scanner."
LWE_Master_20260521,windows/Popups/Shick Device Popups/xPID Popup,LWE_Master_20260521\com.inductiveautomation.vision\windows\Popups\Shick Device Popups\xPID Popup\window.bin,6729,Untracked Vision Binary,"Open/modify/save this Vision window/template in an Ignition 8.3 Designer to convert it to XML, then rerun the scanner."
LWE_Master_20260521,windows/Popups/SYSPRO_Error_Output,LWE_Master_20260521\com.inductiveautomation.vision\windows\Popups\SYSPRO_Error_Output\window.bin,967,Untracked Vision Binary,"Open/modify/save this Vision window/template in an Ignition 8.3 Designer to convert it to XML, then rerun the scanner."
LWE_Master_20260521,windows/Popups/Trending/BRA_Analog,LWE_Master_20260521\com.inductiveautomation.vision\windows\Popups\Trending\BRA_Analog\data.bin,20402,Untracked Vision Binary,"Open/modify/save this Vision window/template in an Ignition 8.3 Designer to convert it to XML, then rerun the scanner."
LWE_Master_20260521,windows/Popups/Trending/BRA_Discrete,LWE_Master_20260521\com.inductiveautomation.vision\windows\Popups\Trending\BRA_Discrete\data.bin,20951,Untracked Vision Binary,"Open/modify/save this Vision window/template in an Ignition 8.3 Designer to convert it to XML, then rerun the scanner."
LWE_Master_20260521,windows/Popups/TruckUnload_Interlock_Popup,LWE_Master_20260521\com.inductiveautomation.vision\windows\Popups\TruckUnload_Interlock_Popup\window.bin,4624,Untracked Vision Binary,"Open/modify/save this Vision window/template in an Ignition 8.3 Designer to convert it to XML, then rerun the scanner."
LWE_Master_20260521,windows/User Management/Switch User,LWE_Master_20260521\com.inductiveautomation.vision\windows\User Management\Switch User\window.bin,3710,Untracked Vision Binary,"Open/modify/save this Vision window/template in an Ignition 8.3 Designer to convert it to XML, then rerun the scanner."
LWE_TankFarm,templates/Alarm Count Label,LWE_TankFarm\com.inductiveautomation.vision\templates\Alarm Count Label\data.bin,4439,Untracked Vision Binary,"Open/modify/save this Vision window/template in an Ignition 8.3 Designer to convert it to XML, then rerun the scanner."
LWE_TankFarm,templates/BRA Devices/Buttons/BRA_Analog_Trending,LWE_TankFarm\com.inductiveautomation.vision\templates\BRA Devices\Buttons\BRA_Analog_Trending\data.bin,3763,Untracked Vision Binary,"Open/modify/save this Vision window/template in an Ignition 8.3 Designer to convert it to XML, then rerun the scanner."
LWE_TankFarm,templates/BRA Devices/Buttons/BRA_Discrete_Trending,LWE_TankFarm\com.inductiveautomation.vision\templates\BRA Devices\Buttons\BRA_Discrete_Trending\data.bin,3673,Untracked Vision Binary,"Open/modify/save this Vision window/template in an Ignition 8.3 Designer to convert it to XML, then rerun the scanner."
LWE_TankFarm,templates/BRA Devices/Buttons/BRA_OperationButton,LWE_TankFarm\com.inductiveautomation.vision\templates\BRA Devices\Buttons\BRA_OperationButton\data.bin,5369,Untracked Vision Binary,"Open/modify/save this Vision window/template in an Ignition 8.3 Designer to convert it to XML, then rerun the scanner."
LWE_TankFarm,templates/BRA Devices/Buttons/BRA_PhaseButton,LWE_TankFarm\com.inductiveautomation.vision\templates\BRA Devices\Buttons\BRA_PhaseButton\data.bin,5366,Untracked Vision Binary,"Open/modify/save this Vision window/template in an Ignition 8.3 Designer to convert it to XML, then rerun the scanner."
LWE_TankFarm,templates/BRA Devices/Instruments/Conductivity,LWE_TankFarm\com.inductiveautomation.vision\templates\BRA Devices\Instruments\Conductivity\data.bin,3603,Untracked Vision Binary,"Open/modify/save this Vision window/template in an Ignition 8.3 Designer to convert it to XML, then rerun the scanner."
LWE_TankFarm,templates/BRA Devices/Instruments/DigitalIndicator,LWE_TankFarm\com.inductiveautomation.vision\templates\BRA Devices\Instruments\DigitalIndicator\data.bin,3692,Untracked Vision Binary,"Open/modify/save this Vision window/template in an Ignition 8.3 Designer to convert it to XML, then rerun the scanner."
LWE_TankFarm,templates/BRA Devices/Instruments/Flow,LWE_TankFarm\com.inductiveautomation.vision\templates\BRA Devices\Instruments\Flow\data.bin,5790,Untracked Vision Binary,"Open/modify/save this Vision window/template in an Ignition 8.3 Designer to convert it to XML, then rerun the scanner."
LWE_TankFarm,templates/BRA Devices/Instruments/Pressure,LWE_TankFarm\com.inductiveautomation.vision\templates\BRA Devices\Instruments\Pressure\data.bin,4209,Untracked Vision Binary,"Open/modify/save this Vision window/template in an Ignition 8.3 Designer to convert it to XML, then rerun the scanner."
LWE_TankFarm,templates/BRA Devices/Instruments/Temperature,LWE_TankFarm\com.inductiveautomation.vision\templates\BRA Devices\Instruments\Temperature\data.bin,3497,Untracked Vision Binary,"Open/modify/save this Vision window/template in an Ignition 8.3 Designer to convert it to XML, then rerun the scanner."
LWE_TankFarm,templates/BRA Devices/Motors/HOA VS Motor,LWE_TankFarm\com.inductiveautomation.vision\templates\BRA Devices\Motors\HOA VS Motor\data.bin,8997,Untracked Vision Binary,"Open/modify/save this Vision window/template in an Ignition 8.3 Designer to convert it to XML, then rerun the scanner."
LWE_TankFarm,templates/BRA Devices/Motors/Motor,LWE_TankFarm\com.inductiveautomation.vision\templates\BRA Devices\Motors\Motor\data.bin,8065,Untracked Vision Binary,"Open/modify/save this Vision window/template in an Ignition 8.3 Designer to convert it to XML, then rerun the scanner."
LWE_TankFarm,templates/BRA Devices/Pumps/Centrifugal Pump,LWE_TankFarm\com.inductiveautomation.vision\templates\BRA Devices\Pumps\Centrifugal Pump\data.bin,8366,Untracked Vision Binary,"Open/modify/save this Vision window/template in an Ignition 8.3 Designer to convert it to XML, then rerun the scanner."
LWE_TankFarm,templates/BRA Devices/Pumps/Centrifugal Pump_PID,LWE_TankFarm\com.inductiveautomation.vision\templates\BRA Devices\Pumps\Centrifugal Pump_PID\data.bin,9292,Untracked Vision Binary,"Open/modify/save this Vision window/template in an Ignition 8.3 Designer to convert it to XML, then rerun the scanner."
LWE_TankFarm,templates/BRA Devices/Pumps/HOA SS Motor,LWE_TankFarm\com.inductiveautomation.vision\templates\BRA Devices\Pumps\HOA SS Motor\data.bin,8924,Untracked Vision Binary,"Open/modify/save this Vision window/template in an Ignition 8.3 Designer to convert it to XML, then rerun the scanner."
LWE_TankFarm,templates/BRA Devices/Pumps/HOA VS Motor,LWE_TankFarm\com.inductiveautomation.vision\templates\BRA Devices\Pumps\HOA VS Motor\data.bin,8918,Untracked Vision Binary,"Open/modify/save this Vision window/template in an Ignition 8.3 Designer to convert it to XML, then rerun the scanner."
LWE_TankFarm,templates/BRA Devices/Static/BrazedPlate,LWE_TankFarm\com.inductiveautomation.vision\templates\BRA Devices\Static\BrazedPlate\data.bin,7133,Untracked Vision Binary,"Open/modify/save this Vision window/template in an Ignition 8.3 Designer to convert it to XML, then rerun the scanner."
LWE_TankFarm,templates/BRA Devices/Static/Filter,LWE_TankFarm\com.inductiveautomation.vision\templates\BRA Devices\Static\Filter\data.bin,3598,Untracked Vision Binary,"Open/modify/save this Vision window/template in an Ignition 8.3 Designer to convert it to XML, then rerun the scanner."
LWE_TankFarm,templates/BRA Devices/Static/Nav_Label,LWE_TankFarm\com.inductiveautomation.vision\templates\BRA Devices\Static\Nav_Label\data.bin,4152,Untracked Vision Binary,"Open/modify/save this Vision window/template in an Ignition 8.3 Designer to convert it to XML, then rerun the scanner."
LWE_TankFarm,templates/BRA Devices/Static/Pipe Elbow,LWE_TankFarm\com.inductiveautomation.vision\templates\BRA Devices\Static\Pipe Elbow\data.bin,2714,Untracked Vision Binary,"Open/modify/save this Vision window/template in an Ignition 8.3 Designer to convert it to XML, then rerun the scanner."
LWE_TankFarm,templates/BRA Devices/Static/Pipe Straight,LWE_TankFarm\com.inductiveautomation.vision\templates\BRA Devices\Static\Pipe Straight\data.bin,2361,Untracked Vision Binary,"Open/modify/save this Vision window/template in an Ignition 8.3 Designer to convert it to XML, then rerun the scanner."
LWE_TankFarm,templates/BRA Devices/Static/Pipe Tee,LWE_TankFarm\com.inductiveautomation.vision\templates\BRA Devices\Static\Pipe Tee\data.bin,2895,Untracked Vision Binary,"Open/modify/save this Vision window/template in an Ignition 8.3 Designer to convert it to XML, then rerun the scanner."
LWE_TankFarm,templates/BRA Devices/Static/SprayBall,LWE_TankFarm\com.inductiveautomation.vision\templates\BRA Devices\Static\SprayBall\data.bin,2727,Untracked Vision Binary,"Open/modify/save this Vision window/template in an Ignition 8.3 Designer to convert it to XML, then rerun the scanner."
LWE_TankFarm,templates/BRA Devices/Static/SWC,LWE_TankFarm\com.inductiveautomation.vision\templates\BRA Devices\Static\SWC\data.bin,3131,Untracked Vision Binary,"Open/modify/save this Vision window/template in an Ignition 8.3 Designer to convert it to XML, then rerun the scanner."
LWE_TankFarm,templates/BRA Devices/Static/Tank,LWE_TankFarm\com.inductiveautomation.vision\templates\BRA Devices\Static\Tank\data.bin,8883,Untracked Vision Binary,"Open/modify/save this Vision window/template in an Ignition 8.3 Designer to convert it to XML, then rerun the scanner."
LWE_TankFarm,templates/BRA Devices/Valves/BallValve,LWE_TankFarm\com.inductiveautomation.vision\templates\BRA Devices\Valves\BallValve\data.bin,7756,Untracked Vision Binary,"Open/modify/save this Vision window/template in an Ignition 8.3 Designer to convert it to XML, then rerun the scanner."
LWE_TankFarm,templates/BRA Devices/Valves/Burkert,LWE_TankFarm\com.inductiveautomation.vision\templates\BRA Devices\Valves\Burkert\data.bin,7064,Untracked Vision Binary,"Open/modify/save this Vision window/template in an Ignition 8.3 Designer to convert it to XML, then rerun the scanner."
LWE_TankFarm,templates/BRA Devices/Valves/ControlValve,LWE_TankFarm\com.inductiveautomation.vision\templates\BRA Devices\Valves\ControlValve\data.bin,10252,Untracked Vision Binary,"Open/modify/save this Vision window/template in an Ignition 8.3 Designer to convert it to XML, then rerun the scanner."
LWE_TankFarm,templates/BRA Devices/Valves/DivertDrain,LWE_TankFarm\com.inductiveautomation.vision\templates\BRA Devices\Valves\DivertDrain\data.bin,7739,Untracked Vision Binary,"Open/modify/save this Vision window/template in an Ignition 8.3 Designer to convert it to XML, then rerun the scanner."
LWE_TankFarm,templates/BRA Devices/Valves/DivertDrain Mirrored,LWE_TankFarm\com.inductiveautomation.vision\templates\BRA Devices\Valves\DivertDrain Mirrored\data.bin,7776,Untracked Vision Binary,"Open/modify/save this Vision window/template in an Ignition 8.3 Designer to convert it to XML, then rerun the scanner."
LWE_TankFarm,templates/BRA Devices/Valves/Diverter,LWE_TankFarm\com.inductiveautomation.vision\templates\BRA Devices\Valves\Diverter\data.bin,7482,Untracked Vision Binary,"Open/modify/save this Vision window/template in an Ignition 8.3 Designer to convert it to XML, then rerun the scanner."
LWE_TankFarm,templates/BRA Devices/Valves/Diverter Mirrored,LWE_TankFarm\com.inductiveautomation.vision\templates\BRA Devices\Valves\Diverter Mirrored\data.bin,7493,Untracked Vision Binary,"Open/modify/save this Vision window/template in an Ignition 8.3 Designer to convert it to XML, then rerun the scanner."
LWE_TankFarm,templates/BRA Devices/Valves/Double,LWE_TankFarm\com.inductiveautomation.vision\templates\BRA Devices\Valves\Double\droptarget.bin,621,Untracked Vision Binary,"Open/modify/save this Vision window/template in an Ignition 8.3 Designer to convert it to XML, then rerun the scanner."
LWE_TankFarm,templates/BRA Devices/Valves/Double,LWE_TankFarm\com.inductiveautomation.vision\templates\BRA Devices\Valves\Double\template.bin,7060,Untracked Vision Binary,"Open/modify/save this Vision window/template in an Ignition 8.3 Designer to convert it to XML, then rerun the scanner."
LWE_TankFarm,templates/BRA Devices/Valves/Double Mirrored,LWE_TankFarm\com.inductiveautomation.vision\templates\BRA Devices\Valves\Double Mirrored\data.bin,9696,Untracked Vision Binary,"Open/modify/save this Vision window/template in an Ignition 8.3 Designer to convert it to XML, then rerun the scanner."
LWE_TankFarm,templates/BRA Devices/Valves/HOA Bin Discharge,LWE_TankFarm\com.inductiveautomation.vision\templates\BRA Devices\Valves\HOA Bin Discharge\data.bin,3666,Untracked Vision Binary,"Open/modify/save this Vision window/template in an Ignition 8.3 Designer to convert it to XML, then rerun the scanner."
LWE_TankFarm,templates/BRA Devices/Valves/HOA Bin Vibrator,LWE_TankFarm\com.inductiveautomation.vision\templates\BRA Devices\Valves\HOA Bin Vibrator\data.bin,7164,Untracked Vision Binary,"Open/modify/save this Vision window/template in an Ignition 8.3 Designer to convert it to XML, then rerun the scanner."
LWE_TankFarm,templates/BRA Devices/Valves/HOA Burst Sensor,LWE_TankFarm\com.inductiveautomation.vision\templates\BRA Devices\Valves\HOA Burst Sensor\data.bin,4252,Untracked Vision Binary,"Open/modify/save this Vision window/template in an Ignition 8.3 Designer to convert it to XML, then rerun the scanner."
LWE_TankFarm,templates/BRA Devices/Valves/HOA DigOut Single,LWE_TankFarm\com.inductiveautomation.vision\templates\BRA Devices\Valves\HOA DigOut Single\data.bin,8132,Untracked Vision Binary,"Open/modify/save this Vision window/template in an Ignition 8.3 Designer to convert it to XML, then rerun the scanner."
LWE_TankFarm,templates/BRA Devices/Valves/HOA Dust Collector,LWE_TankFarm\com.inductiveautomation.vision\templates\BRA Devices\Valves\HOA Dust Collector\data.bin,7086,Untracked Vision Binary,"Open/modify/save this Vision window/template in an Ignition 8.3 Designer to convert it to XML, then rerun the scanner."
LWE_TankFarm,templates/BRA Devices/Valves/HOA Heat Exchanger,LWE_TankFarm\com.inductiveautomation.vision\templates\BRA Devices\Valves\HOA Heat Exchanger\data.bin,6023,Untracked Vision Binary,"Open/modify/save this Vision window/template in an Ignition 8.3 Designer to convert it to XML, then rerun the scanner."
LWE_TankFarm,templates/BRA Devices/Valves/HOA Rotary Valve,LWE_TankFarm\com.inductiveautomation.vision\templates\BRA Devices\Valves\HOA Rotary Valve\data.bin,7054,Untracked Vision Binary,"Open/modify/save this Vision window/template in an Ignition 8.3 Designer to convert it to XML, then rerun the scanner."
LWE_TankFarm,templates/BRA Devices/Valves/HOA Rotary Valve 1,LWE_TankFarm\com.inductiveautomation.vision\templates\BRA Devices\Valves\HOA Rotary Valve 1\data.bin,6661,Untracked Vision Binary,"Open/modify/save this Vision window/template in an Ignition 8.3 Designer to convert it to XML, then rerun the scanner."
LWE_TankFarm,templates/BRA Devices/Valves/HOA Seal Purge,LWE_TankFarm\com.inductiveautomation.vision\templates\BRA Devices\Valves\HOA Seal Purge\data.bin,3906,Untracked Vision Binary,"Open/modify/save this Vision window/template in an Ignition 8.3 Designer to convert it to XML, then rerun the scanner."
LWE_TankFarm,templates/BRA Devices/Valves/HOA SS Valve Diverter,LWE_TankFarm\com.inductiveautomation.vision\templates\BRA Devices\Valves\HOA SS Valve Diverter\data.bin,8011,Untracked Vision Binary,"Open/modify/save this Vision window/template in an Ignition 8.3 Designer to convert it to XML, then rerun the scanner."
LWE_TankFarm,templates/BRA Devices/Valves/HOA SS Valve Diverter Mirrored,LWE_TankFarm\com.inductiveautomation.vision\templates\BRA Devices\Valves\HOA SS Valve Diverter Mirrored\data.bin,8021,Untracked Vision Binary,"Open/modify/save this Vision window/template in an Ignition 8.3 Designer to convert it to XML, then rerun the scanner."
LWE_TankFarm,templates/BRA Devices/Valves/HOA SS Valve Single,LWE_TankFarm\com.inductiveautomation.vision\templates\BRA Devices\Valves\HOA SS Valve Single\data.bin,8243,Untracked Vision Binary,"Open/modify/save this Vision window/template in an Ignition 8.3 Designer to convert it to XML, then rerun the scanner."
LWE_TankFarm,templates/BRA Devices/Valves/Single,LWE_TankFarm\com.inductiveautomation.vision\templates\BRA Devices\Valves\Single\data.bin,7739,Untracked Vision Binary,"Open/modify/save this Vision window/template in an Ignition 8.3 Designer to convert it to XML, then rerun the scanner."
LWE_TankFarm,templates/InvisibleOverlay,LWE_TankFarm\com.inductiveautomation.vision\templates\InvisibleOverlay\template.bin,1390,Untracked Vision Binary,"Open/modify/save this Vision window/template in an Ignition 8.3 Designer to convert it to XML, then rerun the scanner."
LWE_TankFarm,templates/Shick Devices/Double MPV,LWE_TankFarm\com.inductiveautomation.vision\templates\Shick Devices\Double MPV\droptarget.bin,619,Untracked Vision Binary,"Open/modify/save this Vision window/template in an Ignition 8.3 Designer to convert it to XML, then rerun the scanner."
LWE_TankFarm,templates/Shick Devices/Double MPV,LWE_TankFarm\com.inductiveautomation.vision\templates\Shick Devices\Double MPV\template.bin,7222,Untracked Vision Binary,"Open/modify/save this Vision window/template in an Ignition 8.3 Designer to convert it to XML, then rerun the scanner."
LWE_TankFarm,templates/Shick Devices/SS Valve,LWE_TankFarm\com.inductiveautomation.vision\templates\Shick Devices\SS Valve\droptarget.bin,627,Untracked Vision Binary,"Open/modify/save this Vision window/template in an Ignition 8.3 Designer to convert it to XML, then rerun the scanner."
LWE_TankFarm,templates/Shick Devices/SS Valve,LWE_TankFarm\com.inductiveautomation.vision\templates\Shick Devices\SS Valve\template.bin,6038,Untracked Vision Binary,"Open/modify/save this Vision window/template in an Ignition 8.3 Designer to convert it to XML, then rerun the scanner."
LWE_TankFarm,templates/Shick Devices/Tank,LWE_TankFarm\com.inductiveautomation.vision\templates\Shick Devices\Tank\template.bin,7306,Untracked Vision Binary,"Open/modify/save this Vision window/template in an Ignition 8.3 Designer to convert it to XML, then rerun the scanner."
LWE_TankFarm,templates/Shick Devices/VS Pump Right,LWE_TankFarm\com.inductiveautomation.vision\templates\Shick Devices\VS Pump Right\droptarget.bin,628,Untracked Vision Binary,"Open/modify/save this Vision window/template in an Ignition 8.3 Designer to convert it to XML, then rerun the scanner."
LWE_TankFarm,templates/Shick Devices/VS Pump Right,LWE_TankFarm\com.inductiveautomation.vision\templates\Shick Devices\VS Pump Right\template.bin,5335,Untracked Vision Binary,"Open/modify/save this Vision window/template in an Ignition 8.3 Designer to convert it to XML, then rerun the scanner."
LWE_TankFarm,windows/Alarms/Alarm Status,LWE_TankFarm\com.inductiveautomation.vision\windows\Alarms\Alarm Status\window.bin,2330,Untracked Vision Binary,"Open/modify/save this Vision window/template in an Ignition 8.3 Designer to convert it to XML, then rerun the scanner."
LWE_TankFarm,windows/Alarms/Alarm Status2,LWE_TankFarm\com.inductiveautomation.vision\windows\Alarms\Alarm Status2\window.bin,2335,Untracked Vision Binary,"Open/modify/save this Vision window/template in an Ignition 8.3 Designer to convert it to XML, then rerun the scanner."
LWE_TankFarm,windows/Docked Windows/Navigation/Header,LWE_TankFarm\com.inductiveautomation.vision\windows\Docked Windows\Navigation\Header\window.bin,5296,Untracked Vision Binary,"Open/modify/save this Vision window/template in an Ignition 8.3 Designer to convert it to XML, then rerun the scanner."
LWE_TankFarm,windows/Docked Windows/Navigation/Navigation,LWE_TankFarm\com.inductiveautomation.vision\windows\Docked Windows\Navigation\Navigation\window.bin,3815,Untracked Vision Binary,"Open/modify/save this Vision window/template in an Ignition 8.3 Designer to convert it to XML, then rerun the scanner."
LWE_TankFarm,windows/Main Windows/Bulk Acid - Tank Farm,LWE_TankFarm\com.inductiveautomation.vision\windows\Main Windows\Bulk Acid - Tank Farm\window.bin,32795,Untracked Vision Binary,"Open/modify/save this Vision window/template in an Ignition 8.3 Designer to convert it to XML, then rerun the scanner."
LWE_TankFarm,windows/Main Windows/Management/Alarm Status,LWE_TankFarm\com.inductiveautomation.vision\windows\Main Windows\Management\Alarm Status\data.bin,5644,Untracked Vision Binary,"Open/modify/save this Vision window/template in an Ignition 8.3 Designer to convert it to XML, then rerun the scanner."
LWE_TankFarm,windows/Main Windows/Process/LWE Tank Farm,LWE_TankFarm\com.inductiveautomation.vision\windows\Main Windows\Process\LWE Tank Farm\window.bin,21505,Untracked Vision Binary,"Open/modify/save this Vision window/template in an Ignition 8.3 Designer to convert it to XML, then rerun the scanner."
LWE_TankFarm,windows/Navigation,LWE_TankFarm\com.inductiveautomation.vision\windows\Navigation\window.bin,175489,Untracked Vision Binary,"Open/modify/save this Vision window/template in an Ignition 8.3 Designer to convert it to XML, then rerun the scanner."
LWE_TankFarm,windows/Popups/Control Modules/BRA_DMotor,LWE_TankFarm\com.inductiveautomation.vision\windows\Popups\Control Modules\BRA_DMotor\data.bin,15864,Untracked Vision Binary,"Open/modify/save this Vision window/template in an Ignition 8.3 Designer to convert it to XML, then rerun the scanner."
LWE_TankFarm,windows/Popups/Control Modules/BRA_DValve,LWE_TankFarm\com.inductiveautomation.vision\windows\Popups\Control Modules\BRA_DValve\data.bin,8427,Untracked Vision Binary,"Open/modify/save this Vision window/template in an Ignition 8.3 Designer to convert it to XML, then rerun the scanner."
LWE_TankFarm,windows/Popups/Control Modules/BRA_DValve_Maintenance,LWE_TankFarm\com.inductiveautomation.vision\windows\Popups\Control Modules\BRA_DValve_Maintenance\data.bin,15926,Untracked Vision Binary,"Open/modify/save this Vision window/template in an Ignition 8.3 Designer to convert it to XML, then rerun the scanner."
LWE_TankFarm,windows/Popups/Control Modules/BRA_MixProofSeats,LWE_TankFarm\com.inductiveautomation.vision\windows\Popups\Control Modules\BRA_MixProofSeats\data.bin,17399,Untracked Vision Binary,"Open/modify/save this Vision window/template in an Ignition 8.3 Designer to convert it to XML, then rerun the scanner."
LWE_TankFarm,windows/Popups/Control Modules/BRA_MixProofValve,LWE_TankFarm\com.inductiveautomation.vision\windows\Popups\Control Modules\BRA_MixProofValve\data.bin,8657,Untracked Vision Binary,"Open/modify/save this Vision window/template in an Ignition 8.3 Designer to convert it to XML, then rerun the scanner."
LWE_TankFarm,windows/Popups/Control Modules/BRA_PIDE_Pump,LWE_TankFarm\com.inductiveautomation.vision\windows\Popups\Control Modules\BRA_PIDE_Pump\window.bin,8762,Untracked Vision Binary,"Open/modify/save this Vision window/template in an Ignition 8.3 Designer to convert it to XML, then rerun the scanner."
LWE_TankFarm,windows/Popups/Control Modules/BRA_PIDE_Valve,LWE_TankFarm\com.inductiveautomation.vision\windows\Popups\Control Modules\BRA_PIDE_Valve\window.bin,8054,Untracked Vision Binary,"Open/modify/save this Vision window/template in an Ignition 8.3 Designer to convert it to XML, then rerun the scanner."
LWE_TankFarm,windows/Popups/Control Modules/BRA_VFD,LWE_TankFarm\com.inductiveautomation.vision\windows\Popups\Control Modules\BRA_VFD\data.bin,15697,Untracked Vision Binary,"Open/modify/save this Vision window/template in an Ignition 8.3 Designer to convert it to XML, then rerun the scanner."
LWE_TankFarm,windows/Popups/Operation Control and Visualization/BRA_Alarms,LWE_TankFarm\com.inductiveautomation.vision\windows\Popups\Operation Control and Visualization\BRA_Alarms\data.bin,8119,Untracked Vision Binary,"Open/modify/save this Vision window/template in an Ignition 8.3 Designer to convert it to XML, then rerun the scanner."
LWE_TankFarm,windows/Popups/Operation Control and Visualization/BRA_Interlocks,LWE_TankFarm\com.inductiveautomation.vision\windows\Popups\Operation Control and Visualization\BRA_Interlocks\data.bin,8350,Untracked Vision Binary,"Open/modify/save this Vision window/template in an Ignition 8.3 Designer to convert it to XML, then rerun the scanner."
LWE_TankFarm,windows/Popups/Operation Control and Visualization/BRA_Operation,LWE_TankFarm\com.inductiveautomation.vision\windows\Popups\Operation Control and Visualization\BRA_Operation\data.bin,20681,Untracked Vision Binary,"Open/modify/save this Vision window/template in an Ignition 8.3 Designer to convert it to XML, then rerun the scanner."
LWE_TankFarm,windows/Popups/Operation Control and Visualization/BRA_Parameters,LWE_TankFarm\com.inductiveautomation.vision\windows\Popups\Operation Control and Visualization\BRA_Parameters\data.bin,19343,Untracked Vision Binary,"Open/modify/save this Vision window/template in an Ignition 8.3 Designer to convert it to XML, then rerun the scanner."
LWE_TankFarm,windows/Popups/Phase Control and Visualization/BRA_Alarms,LWE_TankFarm\com.inductiveautomation.vision\windows\Popups\Phase Control and Visualization\BRA_Alarms\data.bin,9244,Untracked Vision Binary,"Open/modify/save this Vision window/template in an Ignition 8.3 Designer to convert it to XML, then rerun the scanner."
LWE_TankFarm,windows/Popups/Phase Control and Visualization/BRA_Interlocks,LWE_TankFarm\com.inductiveautomation.vision\windows\Popups\Phase Control and Visualization\BRA_Interlocks\data.bin,9084,Untracked Vision Binary,"Open/modify/save this Vision window/template in an Ignition 8.3 Designer to convert it to XML, then rerun the scanner."
LWE_TankFarm,windows/Popups/Phase Control and Visualization/BRA_Parameters,LWE_TankFarm\com.inductiveautomation.vision\windows\Popups\Phase Control and Visualization\BRA_Parameters\data.bin,19462,Untracked Vision Binary,"Open/modify/save this Vision window/template in an Ignition 8.3 Designer to convert it to XML, then rerun the scanner."
LWE_TankFarm,windows/Popups/Phase Control and Visualization/BRA_Phase,LWE_TankFarm\com.inductiveautomation.vision\windows\Popups\Phase Control and Visualization\BRA_Phase\data.bin,22371,Untracked Vision Binary,"Open/modify/save this Vision window/template in an Ignition 8.3 Designer to convert it to XML, then rerun the scanner."
LWE_TankFarm,windows/Popups/Phase Control and Visualization/BRA_PhaseSelection,LWE_TankFarm\com.inductiveautomation.vision\windows\Popups\Phase Control and Visualization\BRA_PhaseSelection\data.bin,16696,Untracked Vision Binary,"Open/modify/save this Vision window/template in an Ignition 8.3 Designer to convert it to XML, then rerun the scanner."
LWE_TankFarm,windows/Popups/Popup,LWE_TankFarm\com.inductiveautomation.vision\windows\Popups\Popup\data.bin,4479,Untracked Vision Binary,"Open/modify/save this Vision window/template in an Ignition 8.3 Designer to convert it to XML, then rerun the scanner."
LWE_TankFarm,windows/Popups/Recipes/BRA_Config_AsepticRecipe,LWE_TankFarm\com.inductiveautomation.vision\windows\Popups\Recipes\BRA_Config_AsepticRecipe\window.bin,7251,Untracked Vision Binary,"Open/modify/save this Vision window/template in an Ignition 8.3 Designer to convert it to XML, then rerun the scanner."
LWE_TankFarm,windows/Popups/Recipes/BRA_View_AsepticRecipe,LWE_TankFarm\com.inductiveautomation.vision\windows\Popups\Recipes\BRA_View_AsepticRecipe\data.bin,18273,Untracked Vision Binary,"Open/modify/save this Vision window/template in an Ignition 8.3 Designer to convert it to XML, then rerun the scanner."
LWE_TankFarm,windows/Popups/Shick Device Popups/CIP1_FSM Popup,LWE_TankFarm\com.inductiveautomation.vision\windows\Popups\Shick Device Popups\CIP1_FSM Popup\window.bin,10123,Untracked Vision Binary,"Open/modify/save this Vision window/template in an Ignition 8.3 Designer to convert it to XML, then rerun the scanner."
LWE_TankFarm,windows/Popups/Shick Device Popups/Dig Out Popup,LWE_TankFarm\com.inductiveautomation.vision\windows\Popups\Shick Device Popups\Dig Out Popup\window.bin,5107,Untracked Vision Binary,"Open/modify/save this Vision window/template in an Ignition 8.3 Designer to convert it to XML, then rerun the scanner."
LWE_TankFarm,windows/Popups/Shick Device Popups/Generic Shick FSM Popup,LWE_TankFarm\com.inductiveautomation.vision\windows\Popups\Shick Device Popups\Generic Shick FSM Popup\window.bin,11631,Untracked Vision Binary,"Open/modify/save this Vision window/template in an Ignition 8.3 Designer to convert it to XML, then rerun the scanner."
LWE_TankFarm,windows/Popups/Shick Device Popups/LWE Tank Farm Interlocks,LWE_TankFarm\com.inductiveautomation.vision\windows\Popups\Shick Device Popups\LWE Tank Farm Interlocks\window.bin,2827,Untracked Vision Binary,"Open/modify/save this Vision window/template in an Ignition 8.3 Designer to convert it to XML, then rerun the scanner."
LWE_TankFarm,windows/Popups/Shick Device Popups/MPV Popup,LWE_TankFarm\com.inductiveautomation.vision\windows\Popups\Shick Device Popups\MPV Popup\window.bin,5663,Untracked Vision Binary,"Open/modify/save this Vision window/template in an Ignition 8.3 Designer to convert it to XML, then rerun the scanner."
LWE_TankFarm,windows/Popups/Shick Device Popups/SS Motor Popup,LWE_TankFarm\com.inductiveautomation.vision\windows\Popups\Shick Device Popups\SS Motor Popup\window.bin,5502,Untracked Vision Binary,"Open/modify/save this Vision window/template in an Ignition 8.3 Designer to convert it to XML, then rerun the scanner."
LWE_TankFarm,windows/Popups/Shick Device Popups/SS Valve Popup,LWE_TankFarm\com.inductiveautomation.vision\windows\Popups\Shick Device Popups\SS Valve Popup\window.bin,5194,Untracked Vision Binary,"Open/modify/save this Vision window/template in an Ignition 8.3 Designer to convert it to XML, then rerun the scanner."
LWE_TankFarm,windows/Popups/Shick Device Popups/Tank Farm FSM Popup,LWE_TankFarm\com.inductiveautomation.vision\windows\Popups\Shick Device Popups\Tank Farm FSM Popup\window.bin,4488,Untracked Vision Binary,"Open/modify/save this Vision window/template in an Ignition 8.3 Designer to convert it to XML, then rerun the scanner."
LWE_TankFarm,windows/Popups/Shick Device Popups/VS Motor Popup,LWE_TankFarm\com.inductiveautomation.vision\windows\Popups\Shick Device Popups\VS Motor Popup\window.bin,7524,Untracked Vision Binary,"Open/modify/save this Vision window/template in an Ignition 8.3 Designer to convert it to XML, then rerun the scanner."
LWE_TankFarm,windows/Popups/Shick Device Popups/xPID Popup,LWE_TankFarm\com.inductiveautomation.vision\windows\Popups\Shick Device Popups\xPID Popup\window.bin,6729,Untracked Vision Binary,"Open/modify/save this Vision window/template in an Ignition 8.3 Designer to convert it to XML, then rerun the scanner."
LWE_TankFarm,windows/Popups/Trending/BRA_Analog,LWE_TankFarm\com.inductiveautomation.vision\windows\Popups\Trending\BRA_Analog\data.bin,20402,Untracked Vision Binary,"Open/modify/save this Vision window/template in an Ignition 8.3 Designer to convert it to XML, then rerun the scanner."
LWE_TankFarm,windows/Popups/Trending/BRA_Discrete,LWE_TankFarm\com.inductiveautomation.vision\windows\Popups\Trending\BRA_Discrete\data.bin,20951,Untracked Vision Binary,"Open/modify/save this Vision window/template in an Ignition 8.3 Designer to convert it to XML, then rerun the scanner."
LWE_TankFarm,windows/Popups/Trending/BRA_PIDE_Pump,LWE_TankFarm\com.inductiveautomation.vision\windows\Popups\Trending\BRA_PIDE_Pump\window.bin,8409,Untracked Vision Binary,"Open/modify/save this Vision window/template in an Ignition 8.3 Designer to convert it to XML, then rerun the scanner."
LWE_TankFarm,windows/Popups/Trending/BRA_PIDE_Valve,LWE_TankFarm\com.inductiveautomation.vision\windows\Popups\Trending\BRA_PIDE_Valve\window.bin,8467,Untracked Vision Binary,"Open/modify/save this Vision window/template in an Ignition 8.3 Designer to convert it to XML, then rerun the scanner."
LWE_TankFarm,windows/Popups/User Management/Switch User,LWE_TankFarm\com.inductiveautomation.vision\windows\Popups\User Management\Switch User\data.bin,8705,Untracked Vision Binary,"Open/modify/save this Vision window/template in an Ignition 8.3 Designer to convert it to XML, then rerun the scanner."
LWE_TankFarm_Global,templates/Alarm Count Label,LWE_TankFarm_Global\com.inductiveautomation.vision\templates\Alarm Count Label\data.bin,4439,Untracked Vision Binary,"Open/modify/save this Vision window/template in an Ignition 8.3 Designer to convert it to XML, then rerun the scanner."
LWE_TankFarm_Global,templates/BRA Devices/Buttons/BRA_Analog_Trending,LWE_TankFarm_Global\com.inductiveautomation.vision\templates\BRA Devices\Buttons\BRA_Analog_Trending\data.bin,3763,Untracked Vision Binary,"Open/modify/save this Vision window/template in an Ignition 8.3 Designer to convert it to XML, then rerun the scanner."
LWE_TankFarm_Global,templates/BRA Devices/Buttons/BRA_Discrete_Trending,LWE_TankFarm_Global\com.inductiveautomation.vision\templates\BRA Devices\Buttons\BRA_Discrete_Trending\data.bin,3673,Untracked Vision Binary,"Open/modify/save this Vision window/template in an Ignition 8.3 Designer to convert it to XML, then rerun the scanner."
LWE_TankFarm_Global,templates/BRA Devices/Buttons/BRA_OperationButton,LWE_TankFarm_Global\com.inductiveautomation.vision\templates\BRA Devices\Buttons\BRA_OperationButton\data.bin,5369,Untracked Vision Binary,"Open/modify/save this Vision window/template in an Ignition 8.3 Designer to convert it to XML, then rerun the scanner."
LWE_TankFarm_Global,templates/BRA Devices/Buttons/BRA_PhaseButton,LWE_TankFarm_Global\com.inductiveautomation.vision\templates\BRA Devices\Buttons\BRA_PhaseButton\data.bin,5366,Untracked Vision Binary,"Open/modify/save this Vision window/template in an Ignition 8.3 Designer to convert it to XML, then rerun the scanner."
LWE_TankFarm_Global,templates/BRA Devices/Instruments/Conductivity,LWE_TankFarm_Global\com.inductiveautomation.vision\templates\BRA Devices\Instruments\Conductivity\data.bin,3603,Untracked Vision Binary,"Open/modify/save this Vision window/template in an Ignition 8.3 Designer to convert it to XML, then rerun the scanner."
LWE_TankFarm_Global,templates/BRA Devices/Instruments/DigitalIndicator,LWE_TankFarm_Global\com.inductiveautomation.vision\templates\BRA Devices\Instruments\DigitalIndicator\data.bin,3692,Untracked Vision Binary,"Open/modify/save this Vision window/template in an Ignition 8.3 Designer to convert it to XML, then rerun the scanner."
LWE_TankFarm_Global,templates/BRA Devices/Instruments/Flow,LWE_TankFarm_Global\com.inductiveautomation.vision\templates\BRA Devices\Instruments\Flow\data.bin,5790,Untracked Vision Binary,"Open/modify/save this Vision window/template in an Ignition 8.3 Designer to convert it to XML, then rerun the scanner."
LWE_TankFarm_Global,templates/BRA Devices/Instruments/Pressure,LWE_TankFarm_Global\com.inductiveautomation.vision\templates\BRA Devices\Instruments\Pressure\data.bin,4209,Untracked Vision Binary,"Open/modify/save this Vision window/template in an Ignition 8.3 Designer to convert it to XML, then rerun the scanner."
LWE_TankFarm_Global,templates/BRA Devices/Instruments/Temperature,LWE_TankFarm_Global\com.inductiveautomation.vision\templates\BRA Devices\Instruments\Temperature\data.bin,3497,Untracked Vision Binary,"Open/modify/save this Vision window/template in an Ignition 8.3 Designer to convert it to XML, then rerun the scanner."
LWE_TankFarm_Global,templates/BRA Devices/Motors/HOA VS Motor,LWE_TankFarm_Global\com.inductiveautomation.vision\templates\BRA Devices\Motors\HOA VS Motor\data.bin,8997,Untracked Vision Binary,"Open/modify/save this Vision window/template in an Ignition 8.3 Designer to convert it to XML, then rerun the scanner."
LWE_TankFarm_Global,templates/BRA Devices/Motors/Motor,LWE_TankFarm_Global\com.inductiveautomation.vision\templates\BRA Devices\Motors\Motor\data.bin,8065,Untracked Vision Binary,"Open/modify/save this Vision window/template in an Ignition 8.3 Designer to convert it to XML, then rerun the scanner."
LWE_TankFarm_Global,templates/BRA Devices/Pumps/Centrifugal Pump,LWE_TankFarm_Global\com.inductiveautomation.vision\templates\BRA Devices\Pumps\Centrifugal Pump\data.bin,8366,Untracked Vision Binary,"Open/modify/save this Vision window/template in an Ignition 8.3 Designer to convert it to XML, then rerun the scanner."
LWE_TankFarm_Global,templates/BRA Devices/Pumps/Centrifugal Pump_PID,LWE_TankFarm_Global\com.inductiveautomation.vision\templates\BRA Devices\Pumps\Centrifugal Pump_PID\data.bin,9292,Untracked Vision Binary,"Open/modify/save this Vision window/template in an Ignition 8.3 Designer to convert it to XML, then rerun the scanner."
LWE_TankFarm_Global,templates/BRA Devices/Pumps/HOA SS Motor,LWE_TankFarm_Global\com.inductiveautomation.vision\templates\BRA Devices\Pumps\HOA SS Motor\data.bin,8924,Untracked Vision Binary,"Open/modify/save this Vision window/template in an Ignition 8.3 Designer to convert it to XML, then rerun the scanner."
LWE_TankFarm_Global,templates/BRA Devices/Pumps/HOA VS Motor,LWE_TankFarm_Global\com.inductiveautomation.vision\templates\BRA Devices\Pumps\HOA VS Motor\data.bin,8918,Untracked Vision Binary,"Open/modify/save this Vision window/template in an Ignition 8.3 Designer to convert it to XML, then rerun the scanner."
LWE_TankFarm_Global,templates/BRA Devices/Static/BrazedPlate,LWE_TankFarm_Global\com.inductiveautomation.vision\templates\BRA Devices\Static\BrazedPlate\data.bin,7133,Untracked Vision Binary,"Open/modify/save this Vision window/template in an Ignition 8.3 Designer to convert it to XML, then rerun the scanner."
LWE_TankFarm_Global,templates/BRA Devices/Static/Filter,LWE_TankFarm_Global\com.inductiveautomation.vision\templates\BRA Devices\Static\Filter\data.bin,3598,Untracked Vision Binary,"Open/modify/save this Vision window/template in an Ignition 8.3 Designer to convert it to XML, then rerun the scanner."
LWE_TankFarm_Global,templates/BRA Devices/Static/Nav_Label,LWE_TankFarm_Global\com.inductiveautomation.vision\templates\BRA Devices\Static\Nav_Label\data.bin,4152,Untracked Vision Binary,"Open/modify/save this Vision window/template in an Ignition 8.3 Designer to convert it to XML, then rerun the scanner."
LWE_TankFarm_Global,templates/BRA Devices/Static/Pipe Elbow,LWE_TankFarm_Global\com.inductiveautomation.vision\templates\BRA Devices\Static\Pipe Elbow\template.bin,1936,Untracked Vision Binary,"Open/modify/save this Vision window/template in an Ignition 8.3 Designer to convert it to XML, then rerun the scanner."
LWE_TankFarm_Global,templates/BRA Devices/Static/Pipe Straight,LWE_TankFarm_Global\com.inductiveautomation.vision\templates\BRA Devices\Static\Pipe Straight\template.bin,1729,Untracked Vision Binary,"Open/modify/save this Vision window/template in an Ignition 8.3 Designer to convert it to XML, then rerun the scanner."
LWE_TankFarm_Global,templates/BRA Devices/Static/Pipe Tee,LWE_TankFarm_Global\com.inductiveautomation.vision\templates\BRA Devices\Static\Pipe Tee\data.bin,2895,Untracked Vision Binary,"Open/modify/save this Vision window/template in an Ignition 8.3 Designer to convert it to XML, then rerun the scanner."
LWE_TankFarm_Global,templates/BRA Devices/Static/SprayBall,LWE_TankFarm_Global\com.inductiveautomation.vision\templates\BRA Devices\Static\SprayBall\data.bin,2727,Untracked Vision Binary,"Open/modify/save this Vision window/template in an Ignition 8.3 Designer to convert it to XML, then rerun the scanner."
LWE_TankFarm_Global,templates/BRA Devices/Static/SWC,LWE_TankFarm_Global\com.inductiveautomation.vision\templates\BRA Devices\Static\SWC\data.bin,3131,Untracked Vision Binary,"Open/modify/save this Vision window/template in an Ignition 8.3 Designer to convert it to XML, then rerun the scanner."
LWE_TankFarm_Global,templates/BRA Devices/Static/Tank,LWE_TankFarm_Global\com.inductiveautomation.vision\templates\BRA Devices\Static\Tank\droptarget.bin,531,Untracked Vision Binary,"Open/modify/save this Vision window/template in an Ignition 8.3 Designer to convert it to XML, then rerun the scanner."
LWE_TankFarm_Global,templates/BRA Devices/Static/Tank,LWE_TankFarm_Global\com.inductiveautomation.vision\templates\BRA Devices\Static\Tank\template.bin,4148,Untracked Vision Binary,"Open/modify/save this Vision window/template in an Ignition 8.3 Designer to convert it to XML, then rerun the scanner."
LWE_TankFarm_Global,templates/BRA Devices/Valves/BallValve,LWE_TankFarm_Global\com.inductiveautomation.vision\templates\BRA Devices\Valves\BallValve\data.bin,7756,Untracked Vision Binary,"Open/modify/save this Vision window/template in an Ignition 8.3 Designer to convert it to XML, then rerun the scanner."
LWE_TankFarm_Global,templates/BRA Devices/Valves/Burkert,LWE_TankFarm_Global\com.inductiveautomation.vision\templates\BRA Devices\Valves\Burkert\data.bin,7064,Untracked Vision Binary,"Open/modify/save this Vision window/template in an Ignition 8.3 Designer to convert it to XML, then rerun the scanner."
LWE_TankFarm_Global,templates/BRA Devices/Valves/ControlValve,LWE_TankFarm_Global\com.inductiveautomation.vision\templates\BRA Devices\Valves\ControlValve\data.bin,10252,Untracked Vision Binary,"Open/modify/save this Vision window/template in an Ignition 8.3 Designer to convert it to XML, then rerun the scanner."
LWE_TankFarm_Global,templates/BRA Devices/Valves/DivertDrain,LWE_TankFarm_Global\com.inductiveautomation.vision\templates\BRA Devices\Valves\DivertDrain\data.bin,7739,Untracked Vision Binary,"Open/modify/save this Vision window/template in an Ignition 8.3 Designer to convert it to XML, then rerun the scanner."
LWE_TankFarm_Global,templates/BRA Devices/Valves/DivertDrain Mirrored,LWE_TankFarm_Global\com.inductiveautomation.vision\templates\BRA Devices\Valves\DivertDrain Mirrored\data.bin,7776,Untracked Vision Binary,"Open/modify/save this Vision window/template in an Ignition 8.3 Designer to convert it to XML, then rerun the scanner."
LWE_TankFarm_Global,templates/BRA Devices/Valves/Diverter,LWE_TankFarm_Global\com.inductiveautomation.vision\templates\BRA Devices\Valves\Diverter\data.bin,7482,Untracked Vision Binary,"Open/modify/save this Vision window/template in an Ignition 8.3 Designer to convert it to XML, then rerun the scanner."
LWE_TankFarm_Global,templates/BRA Devices/Valves/Diverter Mirrored,LWE_TankFarm_Global\com.inductiveautomation.vision\templates\BRA Devices\Valves\Diverter Mirrored\droptarget.bin,614,Untracked Vision Binary,"Open/modify/save this Vision window/template in an Ignition 8.3 Designer to convert it to XML, then rerun the scanner."
LWE_TankFarm_Global,templates/BRA Devices/Valves/Diverter Mirrored,LWE_TankFarm_Global\com.inductiveautomation.vision\templates\BRA Devices\Valves\Diverter Mirrored\template.bin,5147,Untracked Vision Binary,"Open/modify/save this Vision window/template in an Ignition 8.3 Designer to convert it to XML, then rerun the scanner."
LWE_TankFarm_Global,templates/BRA Devices/Valves/Double,LWE_TankFarm_Global\com.inductiveautomation.vision\templates\BRA Devices\Valves\Double\droptarget.bin,622,Untracked Vision Binary,"Open/modify/save this Vision window/template in an Ignition 8.3 Designer to convert it to XML, then rerun the scanner."
LWE_TankFarm_Global,templates/BRA Devices/Valves/Double,LWE_TankFarm_Global\com.inductiveautomation.vision\templates\BRA Devices\Valves\Double\template.bin,7255,Untracked Vision Binary,"Open/modify/save this Vision window/template in an Ignition 8.3 Designer to convert it to XML, then rerun the scanner."
LWE_TankFarm_Global,templates/BRA Devices/Valves/Double Mirrored,LWE_TankFarm_Global\com.inductiveautomation.vision\templates\BRA Devices\Valves\Double Mirrored\data.bin,9696,Untracked Vision Binary,"Open/modify/save this Vision window/template in an Ignition 8.3 Designer to convert it to XML, then rerun the scanner."
LWE_TankFarm_Global,templates/BRA Devices/Valves/HOA Bin Discharge,LWE_TankFarm_Global\com.inductiveautomation.vision\templates\BRA Devices\Valves\HOA Bin Discharge\data.bin,3666,Untracked Vision Binary,"Open/modify/save this Vision window/template in an Ignition 8.3 Designer to convert it to XML, then rerun the scanner."
LWE_TankFarm_Global,templates/BRA Devices/Valves/HOA Bin Vibrator,LWE_TankFarm_Global\com.inductiveautomation.vision\templates\BRA Devices\Valves\HOA Bin Vibrator\data.bin,7164,Untracked Vision Binary,"Open/modify/save this Vision window/template in an Ignition 8.3 Designer to convert it to XML, then rerun the scanner."
LWE_TankFarm_Global,templates/BRA Devices/Valves/HOA Burst Sensor,LWE_TankFarm_Global\com.inductiveautomation.vision\templates\BRA Devices\Valves\HOA Burst Sensor\data.bin,4252,Untracked Vision Binary,"Open/modify/save this Vision window/template in an Ignition 8.3 Designer to convert it to XML, then rerun the scanner."
LWE_TankFarm_Global,templates/BRA Devices/Valves/HOA DigOut Single,LWE_TankFarm_Global\com.inductiveautomation.vision\templates\BRA Devices\Valves\HOA DigOut Single\data.bin,8132,Untracked Vision Binary,"Open/modify/save this Vision window/template in an Ignition 8.3 Designer to convert it to XML, then rerun the scanner."
LWE_TankFarm_Global,templates/BRA Devices/Valves/HOA Dust Collector,LWE_TankFarm_Global\com.inductiveautomation.vision\templates\BRA Devices\Valves\HOA Dust Collector\data.bin,7086,Untracked Vision Binary,"Open/modify/save this Vision window/template in an Ignition 8.3 Designer to convert it to XML, then rerun the scanner."
LWE_TankFarm_Global,templates/BRA Devices/Valves/HOA Heat Exchanger,LWE_TankFarm_Global\com.inductiveautomation.vision\templates\BRA Devices\Valves\HOA Heat Exchanger\data.bin,6023,Untracked Vision Binary,"Open/modify/save this Vision window/template in an Ignition 8.3 Designer to convert it to XML, then rerun the scanner."
LWE_TankFarm_Global,templates/BRA Devices/Valves/HOA Rotary Valve,LWE_TankFarm_Global\com.inductiveautomation.vision\templates\BRA Devices\Valves\HOA Rotary Valve\data.bin,7054,Untracked Vision Binary,"Open/modify/save this Vision window/template in an Ignition 8.3 Designer to convert it to XML, then rerun the scanner."
LWE_TankFarm_Global,templates/BRA Devices/Valves/HOA Rotary Valve 1,LWE_TankFarm_Global\com.inductiveautomation.vision\templates\BRA Devices\Valves\HOA Rotary Valve 1\data.bin,6661,Untracked Vision Binary,"Open/modify/save this Vision window/template in an Ignition 8.3 Designer to convert it to XML, then rerun the scanner."
LWE_TankFarm_Global,templates/BRA Devices/Valves/HOA Seal Purge,LWE_TankFarm_Global\com.inductiveautomation.vision\templates\BRA Devices\Valves\HOA Seal Purge\data.bin,3906,Untracked Vision Binary,"Open/modify/save this Vision window/template in an Ignition 8.3 Designer to convert it to XML, then rerun the scanner."
LWE_TankFarm_Global,templates/BRA Devices/Valves/HOA SS Valve Diverter,LWE_TankFarm_Global\com.inductiveautomation.vision\templates\BRA Devices\Valves\HOA SS Valve Diverter\data.bin,8011,Untracked Vision Binary,"Open/modify/save this Vision window/template in an Ignition 8.3 Designer to convert it to XML, then rerun the scanner."
LWE_TankFarm_Global,templates/BRA Devices/Valves/HOA SS Valve Diverter Mirrored,LWE_TankFarm_Global\com.inductiveautomation.vision\templates\BRA Devices\Valves\HOA SS Valve Diverter Mirrored\data.bin,8021,Untracked Vision Binary,"Open/modify/save this Vision window/template in an Ignition 8.3 Designer to convert it to XML, then rerun the scanner."
LWE_TankFarm_Global,templates/BRA Devices/Valves/HOA SS Valve Single,LWE_TankFarm_Global\com.inductiveautomation.vision\templates\BRA Devices\Valves\HOA SS Valve Single\data.bin,8243,Untracked Vision Binary,"Open/modify/save this Vision window/template in an Ignition 8.3 Designer to convert it to XML, then rerun the scanner."
LWE_TankFarm_Global,templates/BRA Devices/Valves/Single,LWE_TankFarm_Global\com.inductiveautomation.vision\templates\BRA Devices\Valves\Single\data.bin,7739,Untracked Vision Binary,"Open/modify/save this Vision window/template in an Ignition 8.3 Designer to convert it to XML, then rerun the scanner."
LWE_TankFarm_Global,templates/HT Pair,LWE_TankFarm_Global\com.inductiveautomation.vision\templates\HT Pair\template.bin,10232,Untracked Vision Binary,"Open/modify/save this Vision window/template in an Ignition 8.3 Designer to convert it to XML, then rerun the scanner."
LWE_TankFarm_Global,templates/InvisibleOverlay,LWE_TankFarm_Global\com.inductiveautomation.vision\templates\InvisibleOverlay\template.bin,1390,Untracked Vision Binary,"Open/modify/save this Vision window/template in an Ignition 8.3 Designer to convert it to XML, then rerun the scanner."
LWE_TankFarm_Global,templates/Shick Devices/Double MPV,LWE_TankFarm_Global\com.inductiveautomation.vision\templates\Shick Devices\Double MPV\droptarget.bin,619,Untracked Vision Binary,"Open/modify/save this Vision window/template in an Ignition 8.3 Designer to convert it to XML, then rerun the scanner."
LWE_TankFarm_Global,templates/Shick Devices/Double MPV,LWE_TankFarm_Global\com.inductiveautomation.vision\templates\Shick Devices\Double MPV\template.bin,7222,Untracked Vision Binary,"Open/modify/save this Vision window/template in an Ignition 8.3 Designer to convert it to XML, then rerun the scanner."
LWE_TankFarm_Global,templates/Shick Devices/SS Valve,LWE_TankFarm_Global\com.inductiveautomation.vision\templates\Shick Devices\SS Valve\droptarget.bin,627,Untracked Vision Binary,"Open/modify/save this Vision window/template in an Ignition 8.3 Designer to convert it to XML, then rerun the scanner."
LWE_TankFarm_Global,templates/Shick Devices/SS Valve,LWE_TankFarm_Global\com.inductiveautomation.vision\templates\Shick Devices\SS Valve\template.bin,6038,Untracked Vision Binary,"Open/modify/save this Vision window/template in an Ignition 8.3 Designer to convert it to XML, then rerun the scanner."
LWE_TankFarm_Global,templates/Shick Devices/Tank,LWE_TankFarm_Global\com.inductiveautomation.vision\templates\Shick Devices\Tank\template.bin,7306,Untracked Vision Binary,"Open/modify/save this Vision window/template in an Ignition 8.3 Designer to convert it to XML, then rerun the scanner."
LWE_TankFarm_Global,templates/Shick Devices/VS Pump Right,LWE_TankFarm_Global\com.inductiveautomation.vision\templates\Shick Devices\VS Pump Right\droptarget.bin,626,Untracked Vision Binary,"Open/modify/save this Vision window/template in an Ignition 8.3 Designer to convert it to XML, then rerun the scanner."
LWE_TankFarm_Global,templates/Shick Devices/VS Pump Right,LWE_TankFarm_Global\com.inductiveautomation.vision\templates\Shick Devices\VS Pump Right\template.bin,5335,Untracked Vision Binary,"Open/modify/save this Vision window/template in an Ignition 8.3 Designer to convert it to XML, then rerun the scanner."
LWE_TankFarm_Global,windows/Alarms/Alarm Status,LWE_TankFarm_Global\com.inductiveautomation.vision\windows\Alarms\Alarm Status\data.bin,3625,Untracked Vision Binary,"Open/modify/save this Vision window/template in an Ignition 8.3 Designer to convert it to XML, then rerun the scanner."
LWE_TankFarm_Global,windows/Docked Windows/Navigation/Header,LWE_TankFarm_Global\com.inductiveautomation.vision\windows\Docked Windows\Navigation\Header\data.bin,6943,Untracked Vision Binary,"Open/modify/save this Vision window/template in an Ignition 8.3 Designer to convert it to XML, then rerun the scanner."
LWE_TankFarm_Global,windows/Docked Windows/Navigation/Navigation,LWE_TankFarm_Global\com.inductiveautomation.vision\windows\Docked Windows\Navigation\Navigation\data.bin,8770,Untracked Vision Binary,"Open/modify/save this Vision window/template in an Ignition 8.3 Designer to convert it to XML, then rerun the scanner."
LWE_TankFarm_Global,windows/Main Windows/Management/Alarm Status,LWE_TankFarm_Global\com.inductiveautomation.vision\windows\Main Windows\Management\Alarm Status\data.bin,5644,Untracked Vision Binary,"Open/modify/save this Vision window/template in an Ignition 8.3 Designer to convert it to XML, then rerun the scanner."
LWE_TankFarm_Global,windows/Main Windows/Management/Roster Management,LWE_TankFarm_Global\com.inductiveautomation.vision\windows\Main Windows\Management\Roster Management\data.bin,5902,Untracked Vision Binary,"Open/modify/save this Vision window/template in an Ignition 8.3 Designer to convert it to XML, then rerun the scanner."
LWE_TankFarm_Global,windows/Main Windows/Management/Schedule Management,LWE_TankFarm_Global\com.inductiveautomation.vision\windows\Main Windows\Management\Schedule Management\data.bin,8963,Untracked Vision Binary,"Open/modify/save this Vision window/template in an Ignition 8.3 Designer to convert it to XML, then rerun the scanner."
LWE_TankFarm_Global,windows/Main Windows/Management/User Management,LWE_TankFarm_Global\com.inductiveautomation.vision\windows\Main Windows\Management\User Management\data.bin,14773,Untracked Vision Binary,"Open/modify/save this Vision window/template in an Ignition 8.3 Designer to convert it to XML, then rerun the scanner."
LWE_TankFarm_Global,windows/Main Windows/Process/Backup,LWE_TankFarm_Global\com.inductiveautomation.vision\windows\Main Windows\Process\Backup\window.bin,21741,Untracked Vision Binary,"Open/modify/save this Vision window/template in an Ignition 8.3 Designer to convert it to XML, then rerun the scanner."
LWE_TankFarm_Global,windows/Main Windows/Process/Blend Tank 5B,LWE_TankFarm_Global\com.inductiveautomation.vision\windows\Main Windows\Process\Blend Tank 5B\data.bin,31012,Untracked Vision Binary,"Open/modify/save this Vision window/template in an Ignition 8.3 Designer to convert it to XML, then rerun the scanner."
LWE_TankFarm_Global,windows/Main Windows/Process/Coffee Holding Tank 13,LWE_TankFarm_Global\com.inductiveautomation.vision\windows\Main Windows\Process\Coffee Holding Tank 13\data.bin,36059,Untracked Vision Binary,"Open/modify/save this Vision window/template in an Ignition 8.3 Designer to convert it to XML, then rerun the scanner."
LWE_TankFarm_Global,windows/Main Windows/Process/LWE Tank Farm,LWE_TankFarm_Global\com.inductiveautomation.vision\windows\Main Windows\Process\LWE Tank Farm\window.bin,20837,Untracked Vision Binary,"Open/modify/save this Vision window/template in an Ignition 8.3 Designer to convert it to XML, then rerun the scanner."
LWE_TankFarm_Global,windows/Main Windows/Process/LWE Tank Farm (1),LWE_TankFarm_Global\com.inductiveautomation.vision\windows\Main Windows\Process\LWE Tank Farm (1)\window.bin,21759,Untracked Vision Binary,"Open/modify/save this Vision window/template in an Ignition 8.3 Designer to convert it to XML, then rerun the scanner."
LWE_TankFarm_Global,windows/Main Windows/Process/Plant CIP Circuit Statuses,LWE_TankFarm_Global\com.inductiveautomation.vision\windows\Main Windows\Process\Plant CIP Circuit Statuses\window.bin,34942,Untracked Vision Binary,"Open/modify/save this Vision window/template in an Ignition 8.3 Designer to convert it to XML, then rerun the scanner."
LWE_TankFarm_Global,windows/Main Windows/Process/RO Water,LWE_TankFarm_Global\com.inductiveautomation.vision\windows\Main Windows\Process\RO Water\data.bin,24534,Untracked Vision Binary,"Open/modify/save this Vision window/template in an Ignition 8.3 Designer to convert it to XML, then rerun the scanner."
LWE_TankFarm_Global,windows/Main Windows/Process/Tea Blending,LWE_TankFarm_Global\com.inductiveautomation.vision\windows\Main Windows\Process\Tea Blending\data.bin,39415,Untracked Vision Binary,"Open/modify/save this Vision window/template in an Ignition 8.3 Designer to convert it to XML, then rerun the scanner."
LWE_TankFarm_Global,windows/Main Windows/Sugar Dry Scaling,LWE_TankFarm_Global\com.inductiveautomation.vision\windows\Main Windows\Sugar Dry Scaling\data.bin,43216,Untracked Vision Binary,"Open/modify/save this Vision window/template in an Ignition 8.3 Designer to convert it to XML, then rerun the scanner."
LWE_TankFarm_Global,windows/Popups/Control Modules/BRA_DMotor,LWE_TankFarm_Global\com.inductiveautomation.vision\windows\Popups\Control Modules\BRA_DMotor\data.bin,15864,Untracked Vision Binary,"Open/modify/save this Vision window/template in an Ignition 8.3 Designer to convert it to XML, then rerun the scanner."
LWE_TankFarm_Global,windows/Popups/Control Modules/BRA_DValve,LWE_TankFarm_Global\com.inductiveautomation.vision\windows\Popups\Control Modules\BRA_DValve\data.bin,8427,Untracked Vision Binary,"Open/modify/save this Vision window/template in an Ignition 8.3 Designer to convert it to XML, then rerun the scanner."
LWE_TankFarm_Global,windows/Popups/Control Modules/BRA_DValve_Maintenance,LWE_TankFarm_Global\com.inductiveautomation.vision\windows\Popups\Control Modules\BRA_DValve_Maintenance\data.bin,15926,Untracked Vision Binary,"Open/modify/save this Vision window/template in an Ignition 8.3 Designer to convert it to XML, then rerun the scanner."
LWE_TankFarm_Global,windows/Popups/Control Modules/BRA_MixProofSeats,LWE_TankFarm_Global\com.inductiveautomation.vision\windows\Popups\Control Modules\BRA_MixProofSeats\data.bin,17399,Untracked Vision Binary,"Open/modify/save this Vision window/template in an Ignition 8.3 Designer to convert it to XML, then rerun the scanner."
LWE_TankFarm_Global,windows/Popups/Control Modules/BRA_MixProofValve,LWE_TankFarm_Global\com.inductiveautomation.vision\windows\Popups\Control Modules\BRA_MixProofValve\data.bin,8657,Untracked Vision Binary,"Open/modify/save this Vision window/template in an Ignition 8.3 Designer to convert it to XML, then rerun the scanner."
LWE_TankFarm_Global,windows/Popups/Control Modules/BRA_PIDE_Pump,LWE_TankFarm_Global\com.inductiveautomation.vision\windows\Popups\Control Modules\BRA_PIDE_Pump\window.bin,8762,Untracked Vision Binary,"Open/modify/save this Vision window/template in an Ignition 8.3 Designer to convert it to XML, then rerun the scanner."
LWE_TankFarm_Global,windows/Popups/Control Modules/BRA_PIDE_Valve,LWE_TankFarm_Global\com.inductiveautomation.vision\windows\Popups\Control Modules\BRA_PIDE_Valve\window.bin,8054,Untracked Vision Binary,"Open/modify/save this Vision window/template in an Ignition 8.3 Designer to convert it to XML, then rerun the scanner."
LWE_TankFarm_Global,windows/Popups/Control Modules/BRA_VFD,LWE_TankFarm_Global\com.inductiveautomation.vision\windows\Popups\Control Modules\BRA_VFD\data.bin,15697,Untracked Vision Binary,"Open/modify/save this Vision window/template in an Ignition 8.3 Designer to convert it to XML, then rerun the scanner."
LWE_TankFarm_Global,windows/Popups/Operation Control and Visualization/BRA_Alarms,LWE_TankFarm_Global\com.inductiveautomation.vision\windows\Popups\Operation Control and Visualization\BRA_Alarms\data.bin,8119,Untracked Vision Binary,"Open/modify/save this Vision window/template in an Ignition 8.3 Designer to convert it to XML, then rerun the scanner."
LWE_TankFarm_Global,windows/Popups/Operation Control and Visualization/BRA_Interlocks,LWE_TankFarm_Global\com.inductiveautomation.vision\windows\Popups\Operation Control and Visualization\BRA_Interlocks\data.bin,8350,Untracked Vision Binary,"Open/modify/save this Vision window/template in an Ignition 8.3 Designer to convert it to XML, then rerun the scanner."
LWE_TankFarm_Global,windows/Popups/Operation Control and Visualization/BRA_Operation,LWE_TankFarm_Global\com.inductiveautomation.vision\windows\Popups\Operation Control and Visualization\BRA_Operation\data.bin,20681,Untracked Vision Binary,"Open/modify/save this Vision window/template in an Ignition 8.3 Designer to convert it to XML, then rerun the scanner."
LWE_TankFarm_Global,windows/Popups/Operation Control and Visualization/BRA_Parameters,LWE_TankFarm_Global\com.inductiveautomation.vision\windows\Popups\Operation Control and Visualization\BRA_Parameters\data.bin,19343,Untracked Vision Binary,"Open/modify/save this Vision window/template in an Ignition 8.3 Designer to convert it to XML, then rerun the scanner."
LWE_TankFarm_Global,windows/Popups/Phase Control and Visualization/BRA_Alarms,LWE_TankFarm_Global\com.inductiveautomation.vision\windows\Popups\Phase Control and Visualization\BRA_Alarms\data.bin,9244,Untracked Vision Binary,"Open/modify/save this Vision window/template in an Ignition 8.3 Designer to convert it to XML, then rerun the scanner."
LWE_TankFarm_Global,windows/Popups/Phase Control and Visualization/BRA_Interlocks,LWE_TankFarm_Global\com.inductiveautomation.vision\windows\Popups\Phase Control and Visualization\BRA_Interlocks\data.bin,9084,Untracked Vision Binary,"Open/modify/save this Vision window/template in an Ignition 8.3 Designer to convert it to XML, then rerun the scanner."
LWE_TankFarm_Global,windows/Popups/Phase Control and Visualization/BRA_Parameters,LWE_TankFarm_Global\com.inductiveautomation.vision\windows\Popups\Phase Control and Visualization\BRA_Parameters\data.bin,19462,Untracked Vision Binary,"Open/modify/save this Vision window/template in an Ignition 8.3 Designer to convert it to XML, then rerun the scanner."
LWE_TankFarm_Global,windows/Popups/Phase Control and Visualization/BRA_Phase,LWE_TankFarm_Global\com.inductiveautomation.vision\windows\Popups\Phase Control and Visualization\BRA_Phase\data.bin,22371,Untracked Vision Binary,"Open/modify/save this Vision window/template in an Ignition 8.3 Designer to convert it to XML, then rerun the scanner."
LWE_TankFarm_Global,windows/Popups/Phase Control and Visualization/BRA_PhaseSelection,LWE_TankFarm_Global\com.inductiveautomation.vision\windows\Popups\Phase Control and Visualization\BRA_PhaseSelection\data.bin,16696,Untracked Vision Binary,"Open/modify/save this Vision window/template in an Ignition 8.3 Designer to convert it to XML, then rerun the scanner."
LWE_TankFarm_Global,windows/Popups/Popup,LWE_TankFarm_Global\com.inductiveautomation.vision\windows\Popups\Popup\data.bin,4479,Untracked Vision Binary,"Open/modify/save this Vision window/template in an Ignition 8.3 Designer to convert it to XML, then rerun the scanner."
LWE_TankFarm_Global,windows/Popups/Recipes/BRA_Config_AsepticRecipe,LWE_TankFarm_Global\com.inductiveautomation.vision\windows\Popups\Recipes\BRA_Config_AsepticRecipe\window.bin,7251,Untracked Vision Binary,"Open/modify/save this Vision window/template in an Ignition 8.3 Designer to convert it to XML, then rerun the scanner."
LWE_TankFarm_Global,windows/Popups/Recipes/BRA_View_AsepticRecipe,LWE_TankFarm_Global\com.inductiveautomation.vision\windows\Popups\Recipes\BRA_View_AsepticRecipe\data.bin,18273,Untracked Vision Binary,"Open/modify/save this Vision window/template in an Ignition 8.3 Designer to convert it to XML, then rerun the scanner."
LWE_TankFarm_Global,windows/Popups/Shick Device Popups/CIP1_FSM Popup,LWE_TankFarm_Global\com.inductiveautomation.vision\windows\Popups\Shick Device Popups\CIP1_FSM Popup\window.bin,10123,Untracked Vision Binary,"Open/modify/save this Vision window/template in an Ignition 8.3 Designer to convert it to XML, then rerun the scanner."
LWE_TankFarm_Global,windows/Popups/Shick Device Popups/Dig Out Popup,LWE_TankFarm_Global\com.inductiveautomation.vision\windows\Popups\Shick Device Popups\Dig Out Popup\window.bin,5107,Untracked Vision Binary,"Open/modify/save this Vision window/template in an Ignition 8.3 Designer to convert it to XML, then rerun the scanner."
LWE_TankFarm_Global,windows/Popups/Shick Device Popups/Generic Shick FSM Popup,LWE_TankFarm_Global\com.inductiveautomation.vision\windows\Popups\Shick Device Popups\Generic Shick FSM Popup\window.bin,11631,Untracked Vision Binary,"Open/modify/save this Vision window/template in an Ignition 8.3 Designer to convert it to XML, then rerun the scanner."
LWE_TankFarm_Global,windows/Popups/Shick Device Popups/LWE Tank Farm Interlocks,LWE_TankFarm_Global\com.inductiveautomation.vision\windows\Popups\Shick Device Popups\LWE Tank Farm Interlocks\window.bin,2827,Untracked Vision Binary,"Open/modify/save this Vision window/template in an Ignition 8.3 Designer to convert it to XML, then rerun the scanner."
LWE_TankFarm_Global,windows/Popups/Shick Device Popups/MPV Popup,LWE_TankFarm_Global\com.inductiveautomation.vision\windows\Popups\Shick Device Popups\MPV Popup\window.bin,5663,Untracked Vision Binary,"Open/modify/save this Vision window/template in an Ignition 8.3 Designer to convert it to XML, then rerun the scanner."
LWE_TankFarm_Global,windows/Popups/Shick Device Popups/SS Motor Popup,LWE_TankFarm_Global\com.inductiveautomation.vision\windows\Popups\Shick Device Popups\SS Motor Popup\window.bin,5502,Untracked Vision Binary,"Open/modify/save this Vision window/template in an Ignition 8.3 Designer to convert it to XML, then rerun the scanner."
LWE_TankFarm_Global,windows/Popups/Shick Device Popups/SS Valve Popup,LWE_TankFarm_Global\com.inductiveautomation.vision\windows\Popups\Shick Device Popups\SS Valve Popup\window.bin,5194,Untracked Vision Binary,"Open/modify/save this Vision window/template in an Ignition 8.3 Designer to convert it to XML, then rerun the scanner."
LWE_TankFarm_Global,windows/Popups/Shick Device Popups/Tank Farm FSM Popup,LWE_TankFarm_Global\com.inductiveautomation.vision\windows\Popups\Shick Device Popups\Tank Farm FSM Popup\window.bin,4488,Untracked Vision Binary,"Open/modify/save this Vision window/template in an Ignition 8.3 Designer to convert it to XML, then rerun the scanner."
LWE_TankFarm_Global,windows/Popups/Shick Device Popups/VS Motor Popup,LWE_TankFarm_Global\com.inductiveautomation.vision\windows\Popups\Shick Device Popups\VS Motor Popup\window.bin,7318,Untracked Vision Binary,"Open/modify/save this Vision window/template in an Ignition 8.3 Designer to convert it to XML, then rerun the scanner."
LWE_TankFarm_Global,windows/Popups/Shick Device Popups/xPID Popup,LWE_TankFarm_Global\com.inductiveautomation.vision\windows\Popups\Shick Device Popups\xPID Popup\window.bin,6729,Untracked Vision Binary,"Open/modify/save this Vision window/template in an Ignition 8.3 Designer to convert it to XML, then rerun the scanner."
LWE_TankFarm_Global,windows/Popups/Trending/BRA_Analog,LWE_TankFarm_Global\com.inductiveautomation.vision\windows\Popups\Trending\BRA_Analog\data.bin,20402,Untracked Vision Binary,"Open/modify/save this Vision window/template in an Ignition 8.3 Designer to convert it to XML, then rerun the scanner."
LWE_TankFarm_Global,windows/Popups/Trending/BRA_Discrete,LWE_TankFarm_Global\com.inductiveautomation.vision\windows\Popups\Trending\BRA_Discrete\data.bin,20951,Untracked Vision Binary,"Open/modify/save this Vision window/template in an Ignition 8.3 Designer to convert it to XML, then rerun the scanner."
LWE_TankFarm_Global,windows/Popups/Trending/BRA_PIDE_Pump,LWE_TankFarm_Global\com.inductiveautomation.vision\windows\Popups\Trending\BRA_PIDE_Pump\window.bin,8409,Untracked Vision Binary,"Open/modify/save this Vision window/template in an Ignition 8.3 Designer to convert it to XML, then rerun the scanner."
LWE_TankFarm_Global,windows/Popups/Trending/BRA_PIDE_Valve,LWE_TankFarm_Global\com.inductiveautomation.vision\windows\Popups\Trending\BRA_PIDE_Valve\window.bin,8467,Untracked Vision Binary,"Open/modify/save this Vision window/template in an Ignition 8.3 Designer to convert it to XML, then rerun the scanner."
LWE_TankFarm_Global,windows/Popups/User Management/Switch User,LWE_TankFarm_Global\com.inductiveautomation.vision\windows\Popups\User Management\Switch User\data.bin,8705,Untracked Vision Binary,"Open/modify/save this Vision window/template in an Ignition 8.3 Designer to convert it to XML, then rerun the scanner."
Plant_Displays,templates/Alarm Count Label,Plant_Displays\com.inductiveautomation.vision\templates\Alarm Count Label\data.bin,4675,Untracked Vision Binary,"Open/modify/save this Vision window/template in an Ignition 8.3 Designer to convert it to XML, then rerun the scanner."
Plant_Displays,templates/APS Devices/Instruments/Conductivity,Plant_Displays\com.inductiveautomation.vision\templates\APS Devices\Instruments\Conductivity\data.bin,3421,Untracked Vision Binary,"Open/modify/save this Vision window/template in an Ignition 8.3 Designer to convert it to XML, then rerun the scanner."
Plant_Displays,templates/APS Devices/Instruments/DigitalIndicator,Plant_Displays\com.inductiveautomation.vision\templates\APS Devices\Instruments\DigitalIndicator\data.bin,3692,Untracked Vision Binary,"Open/modify/save this Vision window/template in an Ignition 8.3 Designer to convert it to XML, then rerun the scanner."
Plant_Displays,templates/APS Devices/Instruments/Flow,Plant_Displays\com.inductiveautomation.vision\templates\APS Devices\Instruments\Flow\data.bin,5790,Untracked Vision Binary,"Open/modify/save this Vision window/template in an Ignition 8.3 Designer to convert it to XML, then rerun the scanner."
Plant_Displays,templates/APS Devices/Instruments/Pressure,Plant_Displays\com.inductiveautomation.vision\templates\APS Devices\Instruments\Pressure\data.bin,4209,Untracked Vision Binary,"Open/modify/save this Vision window/template in an Ignition 8.3 Designer to convert it to XML, then rerun the scanner."
Plant_Displays,templates/APS Devices/Instruments/Temperature,Plant_Displays\com.inductiveautomation.vision\templates\APS Devices\Instruments\Temperature\data.bin,3497,Untracked Vision Binary,"Open/modify/save this Vision window/template in an Ignition 8.3 Designer to convert it to XML, then rerun the scanner."
Plant_Displays,templates/APS Devices/Pumps/Centrifugal,Plant_Displays\com.inductiveautomation.vision\templates\APS Devices\Pumps\Centrifugal\data.bin,9916,Untracked Vision Binary,"Open/modify/save this Vision window/template in an Ignition 8.3 Designer to convert it to XML, then rerun the scanner."
Plant_Displays,templates/APS Devices/Pumps/Diaphragm,Plant_Displays\com.inductiveautomation.vision\templates\APS Devices\Pumps\Diaphragm\data.bin,4773,Untracked Vision Binary,"Open/modify/save this Vision window/template in an Ignition 8.3 Designer to convert it to XML, then rerun the scanner."
Plant_Displays,templates/APS Devices/Pumps/Disconnect,Plant_Displays\com.inductiveautomation.vision\templates\APS Devices\Pumps\Disconnect\data.bin,4979,Untracked Vision Binary,"Open/modify/save this Vision window/template in an Ignition 8.3 Designer to convert it to XML, then rerun the scanner."
Plant_Displays,templates/APS Devices/Pumps/Motor,Plant_Displays\com.inductiveautomation.vision\templates\APS Devices\Pumps\Motor\data.bin,5727,Untracked Vision Binary,"Open/modify/save this Vision window/template in an Ignition 8.3 Designer to convert it to XML, then rerun the scanner."
Plant_Displays,templates/APS Devices/Static/BrazedPlate,Plant_Displays\com.inductiveautomation.vision\templates\APS Devices\Static\BrazedPlate\data.bin,7436,Untracked Vision Binary,"Open/modify/save this Vision window/template in an Ignition 8.3 Designer to convert it to XML, then rerun the scanner."
Plant_Displays,templates/APS Devices/Static/Coil,Plant_Displays\com.inductiveautomation.vision\templates\APS Devices\Static\Coil\data.bin,5586,Untracked Vision Binary,"Open/modify/save this Vision window/template in an Ignition 8.3 Designer to convert it to XML, then rerun the scanner."
Plant_Displays,templates/APS Devices/Static/Filter,Plant_Displays\com.inductiveautomation.vision\templates\APS Devices\Static\Filter\data.bin,3598,Untracked Vision Binary,"Open/modify/save this Vision window/template in an Ignition 8.3 Designer to convert it to XML, then rerun the scanner."
Plant_Displays,templates/APS Devices/Static/PRV,Plant_Displays\com.inductiveautomation.vision\templates\APS Devices\Static\PRV\data.bin,4659,Untracked Vision Binary,"Open/modify/save this Vision window/template in an Ignition 8.3 Designer to convert it to XML, then rerun the scanner."
Plant_Displays,templates/APS Devices/Static/SprayBall,Plant_Displays\com.inductiveautomation.vision\templates\APS Devices\Static\SprayBall\data.bin,2000,Untracked Vision Binary,"Open/modify/save this Vision window/template in an Ignition 8.3 Designer to convert it to XML, then rerun the scanner."
Plant_Displays,templates/APS Devices/Static/SWC,Plant_Displays\com.inductiveautomation.vision\templates\APS Devices\Static\SWC\data.bin,3131,Untracked Vision Binary,"Open/modify/save this Vision window/template in an Ignition 8.3 Designer to convert it to XML, then rerun the scanner."
Plant_Displays,templates/APS Devices/Tanks/AST,Plant_Displays\com.inductiveautomation.vision\templates\APS Devices\Tanks\AST\data.bin,8150,Untracked Vision Binary,"Open/modify/save this Vision window/template in an Ignition 8.3 Designer to convert it to XML, then rerun the scanner."
Plant_Displays,templates/APS Devices/Tanks/CondensateTank,Plant_Displays\com.inductiveautomation.vision\templates\APS Devices\Tanks\CondensateTank\data.bin,2223,Untracked Vision Binary,"Open/modify/save this Vision window/template in an Ignition 8.3 Designer to convert it to XML, then rerun the scanner."
Plant_Displays,templates/APS Devices/Tanks/ProductTank,Plant_Displays\com.inductiveautomation.vision\templates\APS Devices\Tanks\ProductTank\data.bin,7460,Untracked Vision Binary,"Open/modify/save this Vision window/template in an Ignition 8.3 Designer to convert it to XML, then rerun the scanner."
Plant_Displays,templates/APS Devices/Tanks/WaterTank,Plant_Displays\com.inductiveautomation.vision\templates\APS Devices\Tanks\WaterTank\data.bin,4755,Untracked Vision Binary,"Open/modify/save this Vision window/template in an Ignition 8.3 Designer to convert it to XML, then rerun the scanner."
Plant_Displays,templates/APS Devices/Valves/BallValve,Plant_Displays\com.inductiveautomation.vision\templates\APS Devices\Valves\BallValve\data.bin,7756,Untracked Vision Binary,"Open/modify/save this Vision window/template in an Ignition 8.3 Designer to convert it to XML, then rerun the scanner."
Plant_Displays,templates/APS Devices/Valves/Burkert,Plant_Displays\com.inductiveautomation.vision\templates\APS Devices\Valves\Burkert\data.bin,7059,Untracked Vision Binary,"Open/modify/save this Vision window/template in an Ignition 8.3 Designer to convert it to XML, then rerun the scanner."
Plant_Displays,templates/APS Devices/Valves/ControlValve,Plant_Displays\com.inductiveautomation.vision\templates\APS Devices\Valves\ControlValve\data.bin,10387,Untracked Vision Binary,"Open/modify/save this Vision window/template in an Ignition 8.3 Designer to convert it to XML, then rerun the scanner."
Plant_Displays,templates/APS Devices/Valves/ControlValveSanitary,Plant_Displays\com.inductiveautomation.vision\templates\APS Devices\Valves\ControlValveSanitary\data.bin,7551,Untracked Vision Binary,"Open/modify/save this Vision window/template in an Ignition 8.3 Designer to convert it to XML, then rerun the scanner."
Plant_Displays,templates/APS Devices/Valves/ControlValveSanitaryHor,Plant_Displays\com.inductiveautomation.vision\templates\APS Devices\Valves\ControlValveSanitaryHor\data.bin,7542,Untracked Vision Binary,"Open/modify/save this Vision window/template in an Ignition 8.3 Designer to convert it to XML, then rerun the scanner."
Plant_Displays,templates/APS Devices/Valves/DivertDrain,Plant_Displays\com.inductiveautomation.vision\templates\APS Devices\Valves\DivertDrain\data.bin,7333,Untracked Vision Binary,"Open/modify/save this Vision window/template in an Ignition 8.3 Designer to convert it to XML, then rerun the scanner."
Plant_Displays,templates/APS Devices/Valves/Diverter,Plant_Displays\com.inductiveautomation.vision\templates\APS Devices\Valves\Diverter\data.bin,7265,Untracked Vision Binary,"Open/modify/save this Vision window/template in an Ignition 8.3 Designer to convert it to XML, then rerun the scanner."
Plant_Displays,templates/APS Devices/Valves/Diverter Mirrored,Plant_Displays\com.inductiveautomation.vision\templates\APS Devices\Valves\Diverter Mirrored\data.bin,7462,Untracked Vision Binary,"Open/modify/save this Vision window/template in an Ignition 8.3 Designer to convert it to XML, then rerun the scanner."
Plant_Displays,templates/APS Devices/Valves/Diverter Mirrored_iLO,Plant_Displays\com.inductiveautomation.vision\templates\APS Devices\Valves\Diverter Mirrored_iLO\data.bin,7478,Untracked Vision Binary,"Open/modify/save this Vision window/template in an Ignition 8.3 Designer to convert it to XML, then rerun the scanner."
Plant_Displays,templates/APS Devices/Valves/Double,Plant_Displays\com.inductiveautomation.vision\templates\APS Devices\Valves\Double\data.bin,8652,Untracked Vision Binary,"Open/modify/save this Vision window/template in an Ignition 8.3 Designer to convert it to XML, then rerun the scanner."
Plant_Displays,templates/APS Devices/Valves/PIDLoop,Plant_Displays\com.inductiveautomation.vision\templates\APS Devices\Valves\PIDLoop\data.bin,6018,Untracked Vision Binary,"Open/modify/save this Vision window/template in an Ignition 8.3 Designer to convert it to XML, then rerun the scanner."
Plant_Displays,templates/APS Devices/Valves/Seat,Plant_Displays\com.inductiveautomation.vision\templates\APS Devices\Valves\Seat\data.bin,4167,Untracked Vision Binary,"Open/modify/save this Vision window/template in an Ignition 8.3 Designer to convert it to XML, then rerun the scanner."
Plant_Displays,templates/APS Devices/Valves/Selector,Plant_Displays\com.inductiveautomation.vision\templates\APS Devices\Valves\Selector\data.bin,7252,Untracked Vision Binary,"Open/modify/save this Vision window/template in an Ignition 8.3 Designer to convert it to XML, then rerun the scanner."
Plant_Displays,templates/APS Devices/Valves/Single,Plant_Displays\com.inductiveautomation.vision\templates\APS Devices\Valves\Single\data.bin,7783,Untracked Vision Binary,"Open/modify/save this Vision window/template in an Ignition 8.3 Designer to convert it to XML, then rerun the scanner."
Plant_Displays,templates/APS Devices/Valves/Single_90Bend,Plant_Displays\com.inductiveautomation.vision\templates\APS Devices\Valves\Single_90Bend\data.bin,7389,Untracked Vision Binary,"Open/modify/save this Vision window/template in an Ignition 8.3 Designer to convert it to XML, then rerun the scanner."
Plant_Displays,templates/APS Devices/Valves/Single_90Bend Mirrored,Plant_Displays\com.inductiveautomation.vision\templates\APS Devices\Valves\Single_90Bend Mirrored\data.bin,7304,Untracked Vision Binary,"Open/modify/save this Vision window/template in an Ignition 8.3 Designer to convert it to XML, then rerun the scanner."
Plant_Displays,templates/APS Devices/Valves/Single_iLO,Plant_Displays\com.inductiveautomation.vision\templates\APS Devices\Valves\Single_iLO\data.bin,6894,Untracked Vision Binary,"Open/modify/save this Vision window/template in an Ignition 8.3 Designer to convert it to XML, then rerun the scanner."
Plant_Displays,templates/APS Devices/Valves/Single_Original,Plant_Displays\com.inductiveautomation.vision\templates\APS Devices\Valves\Single_Original\data.bin,7402,Untracked Vision Binary,"Open/modify/save this Vision window/template in an Ignition 8.3 Designer to convert it to XML, then rerun the scanner."
Plant_Displays,templates/BRA Devices/Pumps/Centrifugal,Plant_Displays\com.inductiveautomation.vision\templates\BRA Devices\Pumps\Centrifugal\data.bin,12365,Untracked Vision Binary,"Open/modify/save this Vision window/template in an Ignition 8.3 Designer to convert it to XML, then rerun the scanner."
Plant_Displays,templates/BRA Devices/Pumps/Centrifugal_PIDE,Plant_Displays\com.inductiveautomation.vision\templates\BRA Devices\Pumps\Centrifugal_PIDE\data.bin,9927,Untracked Vision Binary,"Open/modify/save this Vision window/template in an Ignition 8.3 Designer to convert it to XML, then rerun the scanner."
Plant_Displays,templates/BRA Devices/Static/Elbow_NoAnimation,Plant_Displays\com.inductiveautomation.vision\templates\BRA Devices\Static\Elbow_NoAnimation\data.bin,2715,Untracked Vision Binary,"Open/modify/save this Vision window/template in an Ignition 8.3 Designer to convert it to XML, then rerun the scanner."
Plant_Displays,templates/BRA Devices/Static/Nav_Label,Plant_Displays\com.inductiveautomation.vision\templates\BRA Devices\Static\Nav_Label\data.bin,4152,Untracked Vision Binary,"Open/modify/save this Vision window/template in an Ignition 8.3 Designer to convert it to XML, then rerun the scanner."
Plant_Displays,templates/BRA Devices/Static/SprayBall,Plant_Displays\com.inductiveautomation.vision\templates\BRA Devices\Static\SprayBall\data.bin,2727,Untracked Vision Binary,"Open/modify/save this Vision window/template in an Ignition 8.3 Designer to convert it to XML, then rerun the scanner."
Plant_Displays,templates/BRA Devices/Static/Straight_NoAnimation,Plant_Displays\com.inductiveautomation.vision\templates\BRA Devices\Static\Straight_NoAnimation\data.bin,2368,Untracked Vision Binary,"Open/modify/save this Vision window/template in an Ignition 8.3 Designer to convert it to XML, then rerun the scanner."
Plant_Displays,templates/BRA Devices/Static/Tank,Plant_Displays\com.inductiveautomation.vision\templates\BRA Devices\Static\Tank\data.bin,10160,Untracked Vision Binary,"Open/modify/save this Vision window/template in an Ignition 8.3 Designer to convert it to XML, then rerun the scanner."
Plant_Displays,templates/BRA Devices/Static/Tee_NoAnimation,Plant_Displays\com.inductiveautomation.vision\templates\BRA Devices\Static\Tee_NoAnimation\data.bin,2895,Untracked Vision Binary,"Open/modify/save this Vision window/template in an Ignition 8.3 Designer to convert it to XML, then rerun the scanner."
Plant_Displays,templates/BRA Devices/Valves/ControlValve,Plant_Displays\com.inductiveautomation.vision\templates\BRA Devices\Valves\ControlValve\data.bin,10266,Untracked Vision Binary,"Open/modify/save this Vision window/template in an Ignition 8.3 Designer to convert it to XML, then rerun the scanner."
Plant_Displays,templates/Buttons/BRA_Analog_Trending,Plant_Displays\com.inductiveautomation.vision\templates\Buttons\BRA_Analog_Trending\data.bin,4233,Untracked Vision Binary,"Open/modify/save this Vision window/template in an Ignition 8.3 Designer to convert it to XML, then rerun the scanner."
Plant_Displays,templates/Buttons/BRA_Discrete_Trending,Plant_Displays\com.inductiveautomation.vision\templates\Buttons\BRA_Discrete_Trending\data.bin,4314,Untracked Vision Binary,"Open/modify/save this Vision window/template in an Ignition 8.3 Designer to convert it to XML, then rerun the scanner."
Plant_Displays,templates/Buttons/BRA_PhaseButton,Plant_Displays\com.inductiveautomation.vision\templates\Buttons\BRA_PhaseButton\data.bin,5298,Untracked Vision Binary,"Open/modify/save this Vision window/template in an Ignition 8.3 Designer to convert it to XML, then rerun the scanner."
Plant_Displays,templates/Buttons/BRA_PhaseButton_TK13,Plant_Displays\com.inductiveautomation.vision\templates\Buttons\BRA_PhaseButton_TK13\data.bin,5158,Untracked Vision Binary,"Open/modify/save this Vision window/template in an Ignition 8.3 Designer to convert it to XML, then rerun the scanner."
Plant_Displays,templates/Motors/Motor,Plant_Displays\com.inductiveautomation.vision\templates\Motors\Motor\data.bin,8169,Untracked Vision Binary,"Open/modify/save this Vision window/template in an Ignition 8.3 Designer to convert it to XML, then rerun the scanner."
Plant_Displays,templates/Pumps/Centrifugal Pump,Plant_Displays\com.inductiveautomation.vision\templates\Pumps\Centrifugal Pump\data.bin,9141,Untracked Vision Binary,"Open/modify/save this Vision window/template in an Ignition 8.3 Designer to convert it to XML, then rerun the scanner."
Plant_Displays,templates/Pumps/Centrifugal Pump_PID,Plant_Displays\com.inductiveautomation.vision\templates\Pumps\Centrifugal Pump_PID\data.bin,9303,Untracked Vision Binary,"Open/modify/save this Vision window/template in an Ignition 8.3 Designer to convert it to XML, then rerun the scanner."
Plant_Displays,windows/Balance Tank,Plant_Displays\com.inductiveautomation.vision\windows\Balance Tank\window.bin,19340,Untracked Vision Binary,"Open/modify/save this Vision window/template in an Ignition 8.3 Designer to convert it to XML, then rerun the scanner."
Plant_Displays,windows/LWE-3 PT Schedule,Plant_Displays\com.inductiveautomation.vision\windows\LWE-3 PT Schedule\window.bin,5255,Untracked Vision Binary,"Open/modify/save this Vision window/template in an Ignition 8.3 Designer to convert it to XML, then rerun the scanner."
Plant_Displays,windows/LWE3 Schedule,Plant_Displays\com.inductiveautomation.vision\windows\LWE3 Schedule\window.bin,5771,Untracked Vision Binary,"Open/modify/save this Vision window/template in an Ignition 8.3 Designer to convert it to XML, then rerun the scanner."
Plant_Displays,windows/Red Lion Data,Plant_Displays\com.inductiveautomation.vision\windows\Red Lion Data\window.bin,2437,Untracked Vision Binary,"Open/modify/save this Vision window/template in an Ignition 8.3 Designer to convert it to XML, then rerun the scanner."
Plant_Displays,windows/RedLion Recreated,Plant_Displays\com.inductiveautomation.vision\windows\RedLion Recreated\window.bin,3798,Untracked Vision Binary,"Open/modify/save this Vision window/template in an Ignition 8.3 Designer to convert it to XML, then rerun the scanner."
Plant_Displays,windows/SSRS Report,Plant_Displays\com.inductiveautomation.vision\windows\SSRS Report\window.bin,2310,Untracked Vision Binary,"Open/modify/save this Vision window/template in an Ignition 8.3 Designer to convert it to XML, then rerun the scanner."
Plant_Displays,windows/SSRS Report2,Plant_Displays\com.inductiveautomation.vision\windows\SSRS Report2\window.bin,2280,Untracked Vision Binary,"Open/modify/save this Vision window/template in an Ignition 8.3 Designer to convert it to XML, then rerun the scanner."
Plant_Displays,windows/Vorne XL View,Plant_Displays\com.inductiveautomation.vision\windows\Vorne XL View\window.bin,903,Untracked Vision Binary,"Open/modify/save this Vision window/template in an Ignition 8.3 Designer to convert it to XML, then rerun the scanner."
RO,templates/Alarm Count Label,RO\com.inductiveautomation.vision\templates\Alarm Count Label\data.bin,4721,Untracked Vision Binary,"Open/modify/save this Vision window/template in an Ignition 8.3 Designer to convert it to XML, then rerun the scanner."
RO,windows/Alarms/Alarm Status,RO\com.inductiveautomation.vision\windows\Alarms\Alarm Status\data.bin,3567,Untracked Vision Binary,"Open/modify/save this Vision window/template in an Ignition 8.3 Designer to convert it to XML, then rerun the scanner."
RO,windows/Docked Window,RO\com.inductiveautomation.vision\windows\Docked Window\data.bin,12484,Untracked Vision Binary,"Open/modify/save this Vision window/template in an Ignition 8.3 Designer to convert it to XML, then rerun the scanner."
RO,windows/Navigation,RO\com.inductiveautomation.vision\windows\Navigation\data.bin,17733,Untracked Vision Binary,"Open/modify/save this Vision window/template in an Ignition 8.3 Designer to convert it to XML, then rerun the scanner."
RO,windows/Popups/Popup,RO\com.inductiveautomation.vision\windows\Popups\Popup\data.bin,4479,Untracked Vision Binary,"Open/modify/save this Vision window/template in an Ignition 8.3 Designer to convert it to XML, then rerun the scanner."
RO,windows/Red Lion Data,RO\com.inductiveautomation.vision\windows\Red Lion Data\window.bin,2438,Untracked Vision Binary,"Open/modify/save this Vision window/template in an Ignition 8.3 Designer to convert it to XML, then rerun the scanner."
RO,windows/User Management/Switch User,RO\com.inductiveautomation.vision\windows\User Management\Switch User\data.bin,8705,Untracked Vision Binary,"Open/modify/save this Vision window/template in an Ignition 8.3 Designer to convert it to XML, then rerun the scanner."
Sample_Dashboards,templates/Alarm Count Label,Sample_Dashboards\com.inductiveautomation.vision\templates\Alarm Count Label\data.bin,4675,Untracked Vision Binary,"Open/modify/save this Vision window/template in an Ignition 8.3 Designer to convert it to XML, then rerun the scanner."
Sample_Dashboards,templates/APS Devices/Instruments/Conductivity,Sample_Dashboards\com.inductiveautomation.vision\templates\APS Devices\Instruments\Conductivity\data.bin,3421,Untracked Vision Binary,"Open/modify/save this Vision window/template in an Ignition 8.3 Designer to convert it to XML, then rerun the scanner."
Sample_Dashboards,templates/APS Devices/Instruments/DigitalIndicator,Sample_Dashboards\com.inductiveautomation.vision\templates\APS Devices\Instruments\DigitalIndicator\data.bin,3692,Untracked Vision Binary,"Open/modify/save this Vision window/template in an Ignition 8.3 Designer to convert it to XML, then rerun the scanner."
Sample_Dashboards,templates/APS Devices/Instruments/Flow,Sample_Dashboards\com.inductiveautomation.vision\templates\APS Devices\Instruments\Flow\data.bin,5790,Untracked Vision Binary,"Open/modify/save this Vision window/template in an Ignition 8.3 Designer to convert it to XML, then rerun the scanner."
Sample_Dashboards,templates/APS Devices/Instruments/Pressure,Sample_Dashboards\com.inductiveautomation.vision\templates\APS Devices\Instruments\Pressure\data.bin,4209,Untracked Vision Binary,"Open/modify/save this Vision window/template in an Ignition 8.3 Designer to convert it to XML, then rerun the scanner."
Sample_Dashboards,templates/APS Devices/Instruments/Temperature,Sample_Dashboards\com.inductiveautomation.vision\templates\APS Devices\Instruments\Temperature\data.bin,3497,Untracked Vision Binary,"Open/modify/save this Vision window/template in an Ignition 8.3 Designer to convert it to XML, then rerun the scanner."
Sample_Dashboards,templates/APS Devices/Pumps/Centrifugal,Sample_Dashboards\com.inductiveautomation.vision\templates\APS Devices\Pumps\Centrifugal\data.bin,9916,Untracked Vision Binary,"Open/modify/save this Vision window/template in an Ignition 8.3 Designer to convert it to XML, then rerun the scanner."
Sample_Dashboards,templates/APS Devices/Pumps/Diaphragm,Sample_Dashboards\com.inductiveautomation.vision\templates\APS Devices\Pumps\Diaphragm\data.bin,4773,Untracked Vision Binary,"Open/modify/save this Vision window/template in an Ignition 8.3 Designer to convert it to XML, then rerun the scanner."
Sample_Dashboards,templates/APS Devices/Pumps/Disconnect,Sample_Dashboards\com.inductiveautomation.vision\templates\APS Devices\Pumps\Disconnect\data.bin,4979,Untracked Vision Binary,"Open/modify/save this Vision window/template in an Ignition 8.3 Designer to convert it to XML, then rerun the scanner."
Sample_Dashboards,templates/APS Devices/Pumps/Motor,Sample_Dashboards\com.inductiveautomation.vision\templates\APS Devices\Pumps\Motor\data.bin,5727,Untracked Vision Binary,"Open/modify/save this Vision window/template in an Ignition 8.3 Designer to convert it to XML, then rerun the scanner."
Sample_Dashboards,templates/APS Devices/Static/BrazedPlate,Sample_Dashboards\com.inductiveautomation.vision\templates\APS Devices\Static\BrazedPlate\data.bin,7436,Untracked Vision Binary,"Open/modify/save this Vision window/template in an Ignition 8.3 Designer to convert it to XML, then rerun the scanner."
Sample_Dashboards,templates/APS Devices/Static/Coil,Sample_Dashboards\com.inductiveautomation.vision\templates\APS Devices\Static\Coil\data.bin,5586,Untracked Vision Binary,"Open/modify/save this Vision window/template in an Ignition 8.3 Designer to convert it to XML, then rerun the scanner."
Sample_Dashboards,templates/APS Devices/Static/Filter,Sample_Dashboards\com.inductiveautomation.vision\templates\APS Devices\Static\Filter\data.bin,3598,Untracked Vision Binary,"Open/modify/save this Vision window/template in an Ignition 8.3 Designer to convert it to XML, then rerun the scanner."
Sample_Dashboards,templates/APS Devices/Static/PRV,Sample_Dashboards\com.inductiveautomation.vision\templates\APS Devices\Static\PRV\data.bin,4659,Untracked Vision Binary,"Open/modify/save this Vision window/template in an Ignition 8.3 Designer to convert it to XML, then rerun the scanner."
Sample_Dashboards,templates/APS Devices/Static/SprayBall,Sample_Dashboards\com.inductiveautomation.vision\templates\APS Devices\Static\SprayBall\data.bin,2000,Untracked Vision Binary,"Open/modify/save this Vision window/template in an Ignition 8.3 Designer to convert it to XML, then rerun the scanner."
Sample_Dashboards,templates/APS Devices/Static/SWC,Sample_Dashboards\com.inductiveautomation.vision\templates\APS Devices\Static\SWC\data.bin,3131,Untracked Vision Binary,"Open/modify/save this Vision window/template in an Ignition 8.3 Designer to convert it to XML, then rerun the scanner."
Sample_Dashboards,templates/APS Devices/Tanks/AST,Sample_Dashboards\com.inductiveautomation.vision\templates\APS Devices\Tanks\AST\data.bin,8150,Untracked Vision Binary,"Open/modify/save this Vision window/template in an Ignition 8.3 Designer to convert it to XML, then rerun the scanner."
Sample_Dashboards,templates/APS Devices/Tanks/CondensateTank,Sample_Dashboards\com.inductiveautomation.vision\templates\APS Devices\Tanks\CondensateTank\data.bin,2223,Untracked Vision Binary,"Open/modify/save this Vision window/template in an Ignition 8.3 Designer to convert it to XML, then rerun the scanner."
Sample_Dashboards,templates/APS Devices/Tanks/ProductTank,Sample_Dashboards\com.inductiveautomation.vision\templates\APS Devices\Tanks\ProductTank\data.bin,7460,Untracked Vision Binary,"Open/modify/save this Vision window/template in an Ignition 8.3 Designer to convert it to XML, then rerun the scanner."
Sample_Dashboards,templates/APS Devices/Tanks/WaterTank,Sample_Dashboards\com.inductiveautomation.vision\templates\APS Devices\Tanks\WaterTank\data.bin,4755,Untracked Vision Binary,"Open/modify/save this Vision window/template in an Ignition 8.3 Designer to convert it to XML, then rerun the scanner."
Sample_Dashboards,templates/APS Devices/Valves/BallValve,Sample_Dashboards\com.inductiveautomation.vision\templates\APS Devices\Valves\BallValve\data.bin,7756,Untracked Vision Binary,"Open/modify/save this Vision window/template in an Ignition 8.3 Designer to convert it to XML, then rerun the scanner."
Sample_Dashboards,templates/APS Devices/Valves/Burkert,Sample_Dashboards\com.inductiveautomation.vision\templates\APS Devices\Valves\Burkert\data.bin,7059,Untracked Vision Binary,"Open/modify/save this Vision window/template in an Ignition 8.3 Designer to convert it to XML, then rerun the scanner."
Sample_Dashboards,templates/APS Devices/Valves/ControlValve,Sample_Dashboards\com.inductiveautomation.vision\templates\APS Devices\Valves\ControlValve\data.bin,10387,Untracked Vision Binary,"Open/modify/save this Vision window/template in an Ignition 8.3 Designer to convert it to XML, then rerun the scanner."
Sample_Dashboards,templates/APS Devices/Valves/ControlValveSanitary,Sample_Dashboards\com.inductiveautomation.vision\templates\APS Devices\Valves\ControlValveSanitary\data.bin,7551,Untracked Vision Binary,"Open/modify/save this Vision window/template in an Ignition 8.3 Designer to convert it to XML, then rerun the scanner."
Sample_Dashboards,templates/APS Devices/Valves/ControlValveSanitaryHor,Sample_Dashboards\com.inductiveautomation.vision\templates\APS Devices\Valves\ControlValveSanitaryHor\data.bin,7542,Untracked Vision Binary,"Open/modify/save this Vision window/template in an Ignition 8.3 Designer to convert it to XML, then rerun the scanner."
Sample_Dashboards,templates/APS Devices/Valves/DivertDrain,Sample_Dashboards\com.inductiveautomation.vision\templates\APS Devices\Valves\DivertDrain\data.bin,7333,Untracked Vision Binary,"Open/modify/save this Vision window/template in an Ignition 8.3 Designer to convert it to XML, then rerun the scanner."
Sample_Dashboards,templates/APS Devices/Valves/Diverter,Sample_Dashboards\com.inductiveautomation.vision\templates\APS Devices\Valves\Diverter\data.bin,7265,Untracked Vision Binary,"Open/modify/save this Vision window/template in an Ignition 8.3 Designer to convert it to XML, then rerun the scanner."
Sample_Dashboards,templates/APS Devices/Valves/Diverter Mirrored,Sample_Dashboards\com.inductiveautomation.vision\templates\APS Devices\Valves\Diverter Mirrored\data.bin,7462,Untracked Vision Binary,"Open/modify/save this Vision window/template in an Ignition 8.3 Designer to convert it to XML, then rerun the scanner."
Sample_Dashboards,templates/APS Devices/Valves/Diverter Mirrored_iLO,Sample_Dashboards\com.inductiveautomation.vision\templates\APS Devices\Valves\Diverter Mirrored_iLO\data.bin,7478,Untracked Vision Binary,"Open/modify/save this Vision window/template in an Ignition 8.3 Designer to convert it to XML, then rerun the scanner."
Sample_Dashboards,templates/APS Devices/Valves/Double,Sample_Dashboards\com.inductiveautomation.vision\templates\APS Devices\Valves\Double\data.bin,8652,Untracked Vision Binary,"Open/modify/save this Vision window/template in an Ignition 8.3 Designer to convert it to XML, then rerun the scanner."
Sample_Dashboards,templates/APS Devices/Valves/PIDLoop,Sample_Dashboards\com.inductiveautomation.vision\templates\APS Devices\Valves\PIDLoop\data.bin,6018,Untracked Vision Binary,"Open/modify/save this Vision window/template in an Ignition 8.3 Designer to convert it to XML, then rerun the scanner."
Sample_Dashboards,templates/APS Devices/Valves/Seat,Sample_Dashboards\com.inductiveautomation.vision\templates\APS Devices\Valves\Seat\data.bin,4167,Untracked Vision Binary,"Open/modify/save this Vision window/template in an Ignition 8.3 Designer to convert it to XML, then rerun the scanner."
Sample_Dashboards,templates/APS Devices/Valves/Selector,Sample_Dashboards\com.inductiveautomation.vision\templates\APS Devices\Valves\Selector\data.bin,7252,Untracked Vision Binary,"Open/modify/save this Vision window/template in an Ignition 8.3 Designer to convert it to XML, then rerun the scanner."
Sample_Dashboards,templates/APS Devices/Valves/Single,Sample_Dashboards\com.inductiveautomation.vision\templates\APS Devices\Valves\Single\data.bin,7783,Untracked Vision Binary,"Open/modify/save this Vision window/template in an Ignition 8.3 Designer to convert it to XML, then rerun the scanner."
Sample_Dashboards,templates/APS Devices/Valves/Single_90Bend,Sample_Dashboards\com.inductiveautomation.vision\templates\APS Devices\Valves\Single_90Bend\data.bin,7389,Untracked Vision Binary,"Open/modify/save this Vision window/template in an Ignition 8.3 Designer to convert it to XML, then rerun the scanner."
Sample_Dashboards,templates/APS Devices/Valves/Single_90Bend Mirrored,Sample_Dashboards\com.inductiveautomation.vision\templates\APS Devices\Valves\Single_90Bend Mirrored\data.bin,7304,Untracked Vision Binary,"Open/modify/save this Vision window/template in an Ignition 8.3 Designer to convert it to XML, then rerun the scanner."
Sample_Dashboards,templates/APS Devices/Valves/Single_iLO,Sample_Dashboards\com.inductiveautomation.vision\templates\APS Devices\Valves\Single_iLO\data.bin,6894,Untracked Vision Binary,"Open/modify/save this Vision window/template in an Ignition 8.3 Designer to convert it to XML, then rerun the scanner."
Sample_Dashboards,templates/APS Devices/Valves/Single_Original,Sample_Dashboards\com.inductiveautomation.vision\templates\APS Devices\Valves\Single_Original\data.bin,7402,Untracked Vision Binary,"Open/modify/save this Vision window/template in an Ignition 8.3 Designer to convert it to XML, then rerun the scanner."
Sample_Dashboards,templates/BRA Devices/Pumps/Centrifugal,Sample_Dashboards\com.inductiveautomation.vision\templates\BRA Devices\Pumps\Centrifugal\data.bin,12365,Untracked Vision Binary,"Open/modify/save this Vision window/template in an Ignition 8.3 Designer to convert it to XML, then rerun the scanner."
Sample_Dashboards,templates/BRA Devices/Pumps/Centrifugal_PIDE,Sample_Dashboards\com.inductiveautomation.vision\templates\BRA Devices\Pumps\Centrifugal_PIDE\data.bin,9927,Untracked Vision Binary,"Open/modify/save this Vision window/template in an Ignition 8.3 Designer to convert it to XML, then rerun the scanner."
Sample_Dashboards,templates/BRA Devices/Static/Elbow_NoAnimation,Sample_Dashboards\com.inductiveautomation.vision\templates\BRA Devices\Static\Elbow_NoAnimation\data.bin,2715,Untracked Vision Binary,"Open/modify/save this Vision window/template in an Ignition 8.3 Designer to convert it to XML, then rerun the scanner."
Sample_Dashboards,templates/BRA Devices/Static/Nav_Label,Sample_Dashboards\com.inductiveautomation.vision\templates\BRA Devices\Static\Nav_Label\data.bin,4152,Untracked Vision Binary,"Open/modify/save this Vision window/template in an Ignition 8.3 Designer to convert it to XML, then rerun the scanner."
Sample_Dashboards,templates/BRA Devices/Static/SprayBall,Sample_Dashboards\com.inductiveautomation.vision\templates\BRA Devices\Static\SprayBall\data.bin,2727,Untracked Vision Binary,"Open/modify/save this Vision window/template in an Ignition 8.3 Designer to convert it to XML, then rerun the scanner."
Sample_Dashboards,templates/BRA Devices/Static/Straight_NoAnimation,Sample_Dashboards\com.inductiveautomation.vision\templates\BRA Devices\Static\Straight_NoAnimation\data.bin,2368,Untracked Vision Binary,"Open/modify/save this Vision window/template in an Ignition 8.3 Designer to convert it to XML, then rerun the scanner."
Sample_Dashboards,templates/BRA Devices/Static/Tank,Sample_Dashboards\com.inductiveautomation.vision\templates\BRA Devices\Static\Tank\data.bin,10160,Untracked Vision Binary,"Open/modify/save this Vision window/template in an Ignition 8.3 Designer to convert it to XML, then rerun the scanner."
Sample_Dashboards,templates/BRA Devices/Static/Tee_NoAnimation,Sample_Dashboards\com.inductiveautomation.vision\templates\BRA Devices\Static\Tee_NoAnimation\data.bin,2895,Untracked Vision Binary,"Open/modify/save this Vision window/template in an Ignition 8.3 Designer to convert it to XML, then rerun the scanner."
Sample_Dashboards,templates/BRA Devices/Valves/ControlValve,Sample_Dashboards\com.inductiveautomation.vision\templates\BRA Devices\Valves\ControlValve\data.bin,10266,Untracked Vision Binary,"Open/modify/save this Vision window/template in an Ignition 8.3 Designer to convert it to XML, then rerun the scanner."
Sample_Dashboards,templates/Buttons/BRA_Analog_Trending,Sample_Dashboards\com.inductiveautomation.vision\templates\Buttons\BRA_Analog_Trending\data.bin,4233,Untracked Vision Binary,"Open/modify/save this Vision window/template in an Ignition 8.3 Designer to convert it to XML, then rerun the scanner."
Sample_Dashboards,templates/Buttons/BRA_Discrete_Trending,Sample_Dashboards\com.inductiveautomation.vision\templates\Buttons\BRA_Discrete_Trending\data.bin,4314,Untracked Vision Binary,"Open/modify/save this Vision window/template in an Ignition 8.3 Designer to convert it to XML, then rerun the scanner."
Sample_Dashboards,templates/Buttons/BRA_PhaseButton,Sample_Dashboards\com.inductiveautomation.vision\templates\Buttons\BRA_PhaseButton\data.bin,5298,Untracked Vision Binary,"Open/modify/save this Vision window/template in an Ignition 8.3 Designer to convert it to XML, then rerun the scanner."
Sample_Dashboards,templates/Buttons/BRA_PhaseButton_TK13,Sample_Dashboards\com.inductiveautomation.vision\templates\Buttons\BRA_PhaseButton_TK13\data.bin,5158,Untracked Vision Binary,"Open/modify/save this Vision window/template in an Ignition 8.3 Designer to convert it to XML, then rerun the scanner."
Sample_Dashboards,templates/Motors/Motor,Sample_Dashboards\com.inductiveautomation.vision\templates\Motors\Motor\data.bin,8169,Untracked Vision Binary,"Open/modify/save this Vision window/template in an Ignition 8.3 Designer to convert it to XML, then rerun the scanner."
Sample_Dashboards,templates/Pumps/Centrifugal Pump,Sample_Dashboards\com.inductiveautomation.vision\templates\Pumps\Centrifugal Pump\data.bin,9141,Untracked Vision Binary,"Open/modify/save this Vision window/template in an Ignition 8.3 Designer to convert it to XML, then rerun the scanner."
Sample_Dashboards,templates/Pumps/Centrifugal Pump_PID,Sample_Dashboards\com.inductiveautomation.vision\templates\Pumps\Centrifugal Pump_PID\data.bin,9303,Untracked Vision Binary,"Open/modify/save this Vision window/template in an Ignition 8.3 Designer to convert it to XML, then rerun the scanner."
Sample_Dashboards,windows/Balance Tank,Sample_Dashboards\com.inductiveautomation.vision\windows\Balance Tank\window.bin,19340,Untracked Vision Binary,"Open/modify/save this Vision window/template in an Ignition 8.3 Designer to convert it to XML, then rerun the scanner."
Sample_Dashboards,windows/LWE-3 PT Schedule,Sample_Dashboards\com.inductiveautomation.vision\windows\LWE-3 PT Schedule\window.bin,5255,Untracked Vision Binary,"Open/modify/save this Vision window/template in an Ignition 8.3 Designer to convert it to XML, then rerun the scanner."
Sample_Dashboards,windows/LWE3 Schedule,Sample_Dashboards\com.inductiveautomation.vision\windows\LWE3 Schedule\window.bin,5771,Untracked Vision Binary,"Open/modify/save this Vision window/template in an Ignition 8.3 Designer to convert it to XML, then rerun the scanner."
Sample_Dashboards,windows/Red Lion Data,Sample_Dashboards\com.inductiveautomation.vision\windows\Red Lion Data\window.bin,2437,Untracked Vision Binary,"Open/modify/save this Vision window/template in an Ignition 8.3 Designer to convert it to XML, then rerun the scanner."
Sample_Dashboards,windows/RedLion Recreated,Sample_Dashboards\com.inductiveautomation.vision\windows\RedLion Recreated\window.bin,3798,Untracked Vision Binary,"Open/modify/save this Vision window/template in an Ignition 8.3 Designer to convert it to XML, then rerun the scanner."
Sample_Dashboards,windows/SSRS Report,Sample_Dashboards\com.inductiveautomation.vision\windows\SSRS Report\window.bin,2310,Untracked Vision Binary,"Open/modify/save this Vision window/template in an Ignition 8.3 Designer to convert it to XML, then rerun the scanner."
Sample_Dashboards,windows/SSRS Report2,Sample_Dashboards\com.inductiveautomation.vision\windows\SSRS Report2\window.bin,2280,Untracked Vision Binary,"Open/modify/save this Vision window/template in an Ignition 8.3 Designer to convert it to XML, then rerun the scanner."
Sample_Dashboards,windows/Vorne XL View,Sample_Dashboards\com.inductiveautomation.vision\windows\Vorne XL View\window.bin,903,Untracked Vision Binary,"Open/modify/save this Vision window/template in an Ignition 8.3 Designer to convert it to XML, then rerun the scanner."
SingleServe_HMI,windows/Test_6amTrigger_Chart,SingleServe_HMI\com.inductiveautomation.vision\windows\Test_6amTrigger_Chart\window.bin,2931,Untracked Vision Binary,"Open/modify/save this Vision window/template in an Ignition 8.3 Designer to convert it to XML, then rerun the scanner."
Tea_Blending,templates/APS Devices/Instruments/Conductivity,Tea_Blending\com.inductiveautomation.vision\templates\APS Devices\Instruments\Conductivity\data.bin,3603,Untracked Vision Binary,"Open/modify/save this Vision window/template in an Ignition 8.3 Designer to convert it to XML, then rerun the scanner."
Tea_Blending,templates/APS Devices/Instruments/DigitalIndicator,Tea_Blending\com.inductiveautomation.vision\templates\APS Devices\Instruments\DigitalIndicator\data.bin,3692,Untracked Vision Binary,"Open/modify/save this Vision window/template in an Ignition 8.3 Designer to convert it to XML, then rerun the scanner."
Tea_Blending,templates/APS Devices/Instruments/Flow,Tea_Blending\com.inductiveautomation.vision\templates\APS Devices\Instruments\Flow\data.bin,5790,Untracked Vision Binary,"Open/modify/save this Vision window/template in an Ignition 8.3 Designer to convert it to XML, then rerun the scanner."
Tea_Blending,templates/APS Devices/Instruments/Pressure,Tea_Blending\com.inductiveautomation.vision\templates\APS Devices\Instruments\Pressure\data.bin,4209,Untracked Vision Binary,"Open/modify/save this Vision window/template in an Ignition 8.3 Designer to convert it to XML, then rerun the scanner."
Tea_Blending,templates/APS Devices/Instruments/Temperature,Tea_Blending\com.inductiveautomation.vision\templates\APS Devices\Instruments\Temperature\data.bin,3497,Untracked Vision Binary,"Open/modify/save this Vision window/template in an Ignition 8.3 Designer to convert it to XML, then rerun the scanner."
Tea_Blending,templates/APS Devices/Pumps/Centrifugal,Tea_Blending\com.inductiveautomation.vision\templates\APS Devices\Pumps\Centrifugal\data.bin,9916,Untracked Vision Binary,"Open/modify/save this Vision window/template in an Ignition 8.3 Designer to convert it to XML, then rerun the scanner."
Tea_Blending,templates/APS Devices/Pumps/Diaphragm,Tea_Blending\com.inductiveautomation.vision\templates\APS Devices\Pumps\Diaphragm\data.bin,4773,Untracked Vision Binary,"Open/modify/save this Vision window/template in an Ignition 8.3 Designer to convert it to XML, then rerun the scanner."
Tea_Blending,templates/APS Devices/Pumps/Disconnect,Tea_Blending\com.inductiveautomation.vision\templates\APS Devices\Pumps\Disconnect\data.bin,4979,Untracked Vision Binary,"Open/modify/save this Vision window/template in an Ignition 8.3 Designer to convert it to XML, then rerun the scanner."
Tea_Blending,templates/APS Devices/Pumps/Motor,Tea_Blending\com.inductiveautomation.vision\templates\APS Devices\Pumps\Motor\data.bin,5727,Untracked Vision Binary,"Open/modify/save this Vision window/template in an Ignition 8.3 Designer to convert it to XML, then rerun the scanner."
Tea_Blending,templates/APS Devices/Static/BrazedPlate,Tea_Blending\com.inductiveautomation.vision\templates\APS Devices\Static\BrazedPlate\data.bin,7133,Untracked Vision Binary,"Open/modify/save this Vision window/template in an Ignition 8.3 Designer to convert it to XML, then rerun the scanner."
Tea_Blending,templates/APS Devices/Static/Coil,Tea_Blending\com.inductiveautomation.vision\templates\APS Devices\Static\Coil\data.bin,5586,Untracked Vision Binary,"Open/modify/save this Vision window/template in an Ignition 8.3 Designer to convert it to XML, then rerun the scanner."
Tea_Blending,templates/APS Devices/Static/Filter,Tea_Blending\com.inductiveautomation.vision\templates\APS Devices\Static\Filter\data.bin,3598,Untracked Vision Binary,"Open/modify/save this Vision window/template in an Ignition 8.3 Designer to convert it to XML, then rerun the scanner."
Tea_Blending,templates/APS Devices/Static/PRV,Tea_Blending\com.inductiveautomation.vision\templates\APS Devices\Static\PRV\data.bin,4659,Untracked Vision Binary,"Open/modify/save this Vision window/template in an Ignition 8.3 Designer to convert it to XML, then rerun the scanner."
Tea_Blending,templates/APS Devices/Static/SprayBall,Tea_Blending\com.inductiveautomation.vision\templates\APS Devices\Static\SprayBall\data.bin,2000,Untracked Vision Binary,"Open/modify/save this Vision window/template in an Ignition 8.3 Designer to convert it to XML, then rerun the scanner."
Tea_Blending,templates/APS Devices/Static/SWC,Tea_Blending\com.inductiveautomation.vision\templates\APS Devices\Static\SWC\data.bin,3131,Untracked Vision Binary,"Open/modify/save this Vision window/template in an Ignition 8.3 Designer to convert it to XML, then rerun the scanner."
Tea_Blending,templates/APS Devices/Valves/BallValve,Tea_Blending\com.inductiveautomation.vision\templates\APS Devices\Valves\BallValve\data.bin,7756,Untracked Vision Binary,"Open/modify/save this Vision window/template in an Ignition 8.3 Designer to convert it to XML, then rerun the scanner."
Tea_Blending,templates/APS Devices/Valves/Burkert,Tea_Blending\com.inductiveautomation.vision\templates\APS Devices\Valves\Burkert\data.bin,7059,Untracked Vision Binary,"Open/modify/save this Vision window/template in an Ignition 8.3 Designer to convert it to XML, then rerun the scanner."
Tea_Blending,templates/APS Devices/Valves/ControlValve,Tea_Blending\com.inductiveautomation.vision\templates\APS Devices\Valves\ControlValve\data.bin,10387,Untracked Vision Binary,"Open/modify/save this Vision window/template in an Ignition 8.3 Designer to convert it to XML, then rerun the scanner."
Tea_Blending,templates/APS Devices/Valves/ControlValveSanitary,Tea_Blending\com.inductiveautomation.vision\templates\APS Devices\Valves\ControlValveSanitary\data.bin,7551,Untracked Vision Binary,"Open/modify/save this Vision window/template in an Ignition 8.3 Designer to convert it to XML, then rerun the scanner."
Tea_Blending,templates/APS Devices/Valves/ControlValveSanitaryHor,Tea_Blending\com.inductiveautomation.vision\templates\APS Devices\Valves\ControlValveSanitaryHor\data.bin,7565,Untracked Vision Binary,"Open/modify/save this Vision window/template in an Ignition 8.3 Designer to convert it to XML, then rerun the scanner."
Tea_Blending,templates/APS Devices/Valves/DivertDrain,Tea_Blending\com.inductiveautomation.vision\templates\APS Devices\Valves\DivertDrain\data.bin,7924,Untracked Vision Binary,"Open/modify/save this Vision window/template in an Ignition 8.3 Designer to convert it to XML, then rerun the scanner."
Tea_Blending,templates/APS Devices/Valves/Diverter,Tea_Blending\com.inductiveautomation.vision\templates\APS Devices\Valves\Diverter\data.bin,7466,Untracked Vision Binary,"Open/modify/save this Vision window/template in an Ignition 8.3 Designer to convert it to XML, then rerun the scanner."
Tea_Blending,templates/APS Devices/Valves/Diverter Mirrored,Tea_Blending\com.inductiveautomation.vision\templates\APS Devices\Valves\Diverter Mirrored\data.bin,7469,Untracked Vision Binary,"Open/modify/save this Vision window/template in an Ignition 8.3 Designer to convert it to XML, then rerun the scanner."
Tea_Blending,templates/APS Devices/Valves/Diverter Mirrored_iLO,Tea_Blending\com.inductiveautomation.vision\templates\APS Devices\Valves\Diverter Mirrored_iLO\droptarget.bin,622,Untracked Vision Binary,"Open/modify/save this Vision window/template in an Ignition 8.3 Designer to convert it to XML, then rerun the scanner."
Tea_Blending,templates/APS Devices/Valves/Diverter Mirrored_iLO,Tea_Blending\com.inductiveautomation.vision\templates\APS Devices\Valves\Diverter Mirrored_iLO\template.bin,5176,Untracked Vision Binary,"Open/modify/save this Vision window/template in an Ignition 8.3 Designer to convert it to XML, then rerun the scanner."
Tea_Blending,templates/APS Devices/Valves/Double,Tea_Blending\com.inductiveautomation.vision\templates\APS Devices\Valves\Double\data.bin,9171,Untracked Vision Binary,"Open/modify/save this Vision window/template in an Ignition 8.3 Designer to convert it to XML, then rerun the scanner."
Tea_Blending,templates/APS Devices/Valves/PIDLoop,Tea_Blending\com.inductiveautomation.vision\templates\APS Devices\Valves\PIDLoop\data.bin,6018,Untracked Vision Binary,"Open/modify/save this Vision window/template in an Ignition 8.3 Designer to convert it to XML, then rerun the scanner."
Tea_Blending,templates/APS Devices/Valves/Seat,Tea_Blending\com.inductiveautomation.vision\templates\APS Devices\Valves\Seat\data.bin,4167,Untracked Vision Binary,"Open/modify/save this Vision window/template in an Ignition 8.3 Designer to convert it to XML, then rerun the scanner."
Tea_Blending,templates/APS Devices/Valves/Single,Tea_Blending\com.inductiveautomation.vision\templates\APS Devices\Valves\Single\data.bin,7037,Untracked Vision Binary,"Open/modify/save this Vision window/template in an Ignition 8.3 Designer to convert it to XML, then rerun the scanner."
Tea_Blending,templates/APS Devices/Valves/Single_90Bend,Tea_Blending\com.inductiveautomation.vision\templates\APS Devices\Valves\Single_90Bend\data.bin,7389,Untracked Vision Binary,"Open/modify/save this Vision window/template in an Ignition 8.3 Designer to convert it to XML, then rerun the scanner."
Tea_Blending,templates/APS Devices/Valves/Single_90Bend Mirrored,Tea_Blending\com.inductiveautomation.vision\templates\APS Devices\Valves\Single_90Bend Mirrored\data.bin,7304,Untracked Vision Binary,"Open/modify/save this Vision window/template in an Ignition 8.3 Designer to convert it to XML, then rerun the scanner."
Tea_Blending,templates/APS Devices/Valves/Single_iLO,Tea_Blending\com.inductiveautomation.vision\templates\APS Devices\Valves\Single_iLO\droptarget.bin,621,Untracked Vision Binary,"Open/modify/save this Vision window/template in an Ignition 8.3 Designer to convert it to XML, then rerun the scanner."
Tea_Blending,templates/APS Devices/Valves/Single_iLO,Tea_Blending\com.inductiveautomation.vision\templates\APS Devices\Valves\Single_iLO\template.bin,4916,Untracked Vision Binary,"Open/modify/save this Vision window/template in an Ignition 8.3 Designer to convert it to XML, then rerun the scanner."
Tea_Blending,templates/APS Devices/Valves/Single_Original,Tea_Blending\com.inductiveautomation.vision\templates\APS Devices\Valves\Single_Original\data.bin,7402,Untracked Vision Binary,"Open/modify/save this Vision window/template in an Ignition 8.3 Designer to convert it to XML, then rerun the scanner."
Tea_Blending,templates/BRA Devices/Pumps/Centrifugal,Tea_Blending\com.inductiveautomation.vision\templates\BRA Devices\Pumps\Centrifugal\data.bin,12365,Untracked Vision Binary,"Open/modify/save this Vision window/template in an Ignition 8.3 Designer to convert it to XML, then rerun the scanner."
Tea_Blending,templates/BRA Devices/Pumps/Centrifugal_PIDE,Tea_Blending\com.inductiveautomation.vision\templates\BRA Devices\Pumps\Centrifugal_PIDE\data.bin,9927,Untracked Vision Binary,"Open/modify/save this Vision window/template in an Ignition 8.3 Designer to convert it to XML, then rerun the scanner."
Tea_Blending,templates/BRA Devices/Static/Elbow_NoAnimation,Tea_Blending\com.inductiveautomation.vision\templates\BRA Devices\Static\Elbow_NoAnimation\data.bin,2715,Untracked Vision Binary,"Open/modify/save this Vision window/template in an Ignition 8.3 Designer to convert it to XML, then rerun the scanner."
Tea_Blending,templates/BRA Devices/Static/Nav_Label,Tea_Blending\com.inductiveautomation.vision\templates\BRA Devices\Static\Nav_Label\data.bin,4152,Untracked Vision Binary,"Open/modify/save this Vision window/template in an Ignition 8.3 Designer to convert it to XML, then rerun the scanner."
Tea_Blending,templates/BRA Devices/Static/SprayBall,Tea_Blending\com.inductiveautomation.vision\templates\BRA Devices\Static\SprayBall\data.bin,2727,Untracked Vision Binary,"Open/modify/save this Vision window/template in an Ignition 8.3 Designer to convert it to XML, then rerun the scanner."
Tea_Blending,templates/BRA Devices/Static/Straight_NoAnimation,Tea_Blending\com.inductiveautomation.vision\templates\BRA Devices\Static\Straight_NoAnimation\data.bin,2368,Untracked Vision Binary,"Open/modify/save this Vision window/template in an Ignition 8.3 Designer to convert it to XML, then rerun the scanner."
Tea_Blending,templates/BRA Devices/Static/Tee_NoAnimation,Tea_Blending\com.inductiveautomation.vision\templates\BRA Devices\Static\Tee_NoAnimation\data.bin,2895,Untracked Vision Binary,"Open/modify/save this Vision window/template in an Ignition 8.3 Designer to convert it to XML, then rerun the scanner."
Tea_Blending,templates/BRA Devices/Valves/ControlValve,Tea_Blending\com.inductiveautomation.vision\templates\BRA Devices\Valves\ControlValve\data.bin,10086,Untracked Vision Binary,"Open/modify/save this Vision window/template in an Ignition 8.3 Designer to convert it to XML, then rerun the scanner."
Tea_Blending,templates/BRA Devices/Valves/MixProof Valve,Tea_Blending\com.inductiveautomation.vision\templates\BRA Devices\Valves\MixProof Valve\data.bin,7353,Untracked Vision Binary,"Open/modify/save this Vision window/template in an Ignition 8.3 Designer to convert it to XML, then rerun the scanner."
Tea_Blending,templates/Buttons/BRA_Discrete_Trending,Tea_Blending\com.inductiveautomation.vision\templates\Buttons\BRA_Discrete_Trending\data.bin,3673,Untracked Vision Binary,"Open/modify/save this Vision window/template in an Ignition 8.3 Designer to convert it to XML, then rerun the scanner."
Tea_Blending,templates/Buttons/BRA_PhaseButton,Tea_Blending\com.inductiveautomation.vision\templates\Buttons\BRA_PhaseButton\droptarget.bin,613,Untracked Vision Binary,"Open/modify/save this Vision window/template in an Ignition 8.3 Designer to convert it to XML, then rerun the scanner."
Tea_Blending,templates/Buttons/BRA_PhaseButton,Tea_Blending\com.inductiveautomation.vision\templates\Buttons\BRA_PhaseButton\template.bin,4147,Untracked Vision Binary,"Open/modify/save this Vision window/template in an Ignition 8.3 Designer to convert it to XML, then rerun the scanner."
Tea_Blending,templates/CapitalTemplates/Analog_Trending_Button,Tea_Blending\com.inductiveautomation.vision\templates\CapitalTemplates\Analog_Trending_Button\droptarget.bin,712,Untracked Vision Binary,"Open/modify/save this Vision window/template in an Ignition 8.3 Designer to convert it to XML, then rerun the scanner."
Tea_Blending,templates/CapitalTemplates/Analog_Trending_Button,Tea_Blending\com.inductiveautomation.vision\templates\CapitalTemplates\Analog_Trending_Button\template.bin,2147,Untracked Vision Binary,"Open/modify/save this Vision window/template in an Ignition 8.3 Designer to convert it to XML, then rerun the scanner."
Tea_Blending,templates/CapitalTemplates/Discrete_Trending_Button,Tea_Blending\com.inductiveautomation.vision\templates\CapitalTemplates\Discrete_Trending_Button\droptarget.bin,672,Untracked Vision Binary,"Open/modify/save this Vision window/template in an Ignition 8.3 Designer to convert it to XML, then rerun the scanner."
Tea_Blending,templates/CapitalTemplates/Discrete_Trending_Button,Tea_Blending\com.inductiveautomation.vision\templates\CapitalTemplates\Discrete_Trending_Button\template.bin,2096,Untracked Vision Binary,"Open/modify/save this Vision window/template in an Ignition 8.3 Designer to convert it to XML, then rerun the scanner."
Tea_Blending,templates/CapitalTemplates/NavigationLabel_v1,Tea_Blending\com.inductiveautomation.vision\templates\CapitalTemplates\NavigationLabel_v1\template.bin,4213,Untracked Vision Binary,"Open/modify/save this Vision window/template in an Ignition 8.3 Designer to convert it to XML, then rerun the scanner."
Tea_Blending,templates/CapitalTemplates/P_Motor_v1,Tea_Blending\com.inductiveautomation.vision\templates\CapitalTemplates\P_Motor_v1\template.bin,7800,Untracked Vision Binary,"Open/modify/save this Vision window/template in an Ignition 8.3 Designer to convert it to XML, then rerun the scanner."
Tea_Blending,templates/CapitalTemplates/P_VSD_v1,Tea_Blending\com.inductiveautomation.vision\templates\CapitalTemplates\P_VSD_v1\template.bin,7759,Untracked Vision Binary,"Open/modify/save this Vision window/template in an Ignition 8.3 Designer to convert it to XML, then rerun the scanner."
Tea_Blending,templates/CapitalTemplates/Phase_Button_v1,Tea_Blending\com.inductiveautomation.vision\templates\CapitalTemplates\Phase_Button_v1\template.bin,4420,Untracked Vision Binary,"Open/modify/save this Vision window/template in an Ignition 8.3 Designer to convert it to XML, then rerun the scanner."
Tea_Blending,templates/CapitalTemplates/Phase_Button_v2,Tea_Blending\com.inductiveautomation.vision\templates\CapitalTemplates\Phase_Button_v2\template.bin,4516,Untracked Vision Binary,"Open/modify/save this Vision window/template in an Ignition 8.3 Designer to convert it to XML, then rerun the scanner."
Tea_Blending,templates/CapitalTemplates/Pipe_Animated_v1,Tea_Blending\com.inductiveautomation.vision\templates\CapitalTemplates\Pipe_Animated_v1\template.bin,2316,Untracked Vision Binary,"Open/modify/save this Vision window/template in an Ignition 8.3 Designer to convert it to XML, then rerun the scanner."
Tea_Blending,templates/CapitalTemplates/PipeElbow_Animated_v1,Tea_Blending\com.inductiveautomation.vision\templates\CapitalTemplates\PipeElbow_Animated_v1\template.bin,2522,Untracked Vision Binary,"Open/modify/save this Vision window/template in an Ignition 8.3 Designer to convert it to XML, then rerun the scanner."
Tea_Blending,templates/CapitalTemplates/PipeTee_Animated_v1,Tea_Blending\com.inductiveautomation.vision\templates\CapitalTemplates\PipeTee_Animated_v1\template.bin,2548,Untracked Vision Binary,"Open/modify/save this Vision window/template in an Ignition 8.3 Designer to convert it to XML, then rerun the scanner."
Tea_Blending,templates/Pumps/Centrifugal Pump_PID,Tea_Blending\com.inductiveautomation.vision\templates\Pumps\Centrifugal Pump_PID\data.bin,9303,Untracked Vision Binary,"Open/modify/save this Vision window/template in an Ignition 8.3 Designer to convert it to XML, then rerun the scanner."
Tea_Blending,windows/Main Windows/Navigation,Tea_Blending\com.inductiveautomation.vision\windows\Main Windows\Navigation\window.bin,5381,Untracked Vision Binary,"Open/modify/save this Vision window/template in an Ignition 8.3 Designer to convert it to XML, then rerun the scanner."
Tea_Blending,windows/Main Windows/Plant CIP Circuit Statuses,Tea_Blending\com.inductiveautomation.vision\windows\Main Windows\Plant CIP Circuit Statuses\window.bin,32669,Untracked Vision Binary,"Open/modify/save this Vision window/template in an Ignition 8.3 Designer to convert it to XML, then rerun the scanner."
Tea_Blending,windows/Main Windows/User Management,Tea_Blending\com.inductiveautomation.vision\windows\Main Windows\User Management\window.bin,4249,Untracked Vision Binary,"Open/modify/save this Vision window/template in an Ignition 8.3 Designer to convert it to XML, then rerun the scanner."
Tea_Blending,windows/Popups/BRA_Analog_Trending,Tea_Blending\com.inductiveautomation.vision\windows\Popups\BRA_Analog_Trending\data.bin,18795,Untracked Vision Binary,"Open/modify/save this Vision window/template in an Ignition 8.3 Designer to convert it to XML, then rerun the scanner."
Tea_Blending,windows/Popups/BRA_CIP_SequenceViewer,Tea_Blending\com.inductiveautomation.vision\windows\Popups\BRA_CIP_SequenceViewer\data.bin,24603,Untracked Vision Binary,"Open/modify/save this Vision window/template in an Ignition 8.3 Designer to convert it to XML, then rerun the scanner."
Tea_Blending,windows/Popups/BRA_Configuration_CIPRecipe,Tea_Blending\com.inductiveautomation.vision\windows\Popups\BRA_Configuration_CIPRecipe\data.bin,23939,Untracked Vision Binary,"Open/modify/save this Vision window/template in an Ignition 8.3 Designer to convert it to XML, then rerun the scanner."
Tea_Blending,windows/Popups/BRA_Configuration_CIPSequence,Tea_Blending\com.inductiveautomation.vision\windows\Popups\BRA_Configuration_CIPSequence\data.bin,29576,Untracked Vision Binary,"Open/modify/save this Vision window/template in an Ignition 8.3 Designer to convert it to XML, then rerun the scanner."
Tea_Blending,windows/Popups/BRA_DiscreteMotor_Faceplate,Tea_Blending\com.inductiveautomation.vision\windows\Popups\BRA_DiscreteMotor_Faceplate\data.bin,14498,Untracked Vision Binary,"Open/modify/save this Vision window/template in an Ignition 8.3 Designer to convert it to XML, then rerun the scanner."
Tea_Blending,windows/Popups/BRA_DiscreteMotor_Trending,Tea_Blending\com.inductiveautomation.vision\windows\Popups\BRA_DiscreteMotor_Trending\data.bin,18170,Untracked Vision Binary,"Open/modify/save this Vision window/template in an Ignition 8.3 Designer to convert it to XML, then rerun the scanner."
Tea_Blending,windows/Popups/BRA_DValve_Faceplate_iLO,Tea_Blending\com.inductiveautomation.vision\windows\Popups\BRA_DValve_Faceplate_iLO\data.bin,13057,Untracked Vision Binary,"Open/modify/save this Vision window/template in an Ignition 8.3 Designer to convert it to XML, then rerun the scanner."
Tea_Blending,windows/Popups/BRA_DValve_Maint_iLO,Tea_Blending\com.inductiveautomation.vision\windows\Popups\BRA_DValve_Maint_iLO\data.bin,15973,Untracked Vision Binary,"Open/modify/save this Vision window/template in an Ignition 8.3 Designer to convert it to XML, then rerun the scanner."
Tea_Blending,windows/Popups/BRA_MixProofSeats_Coffee13,Tea_Blending\com.inductiveautomation.vision\windows\Popups\BRA_MixProofSeats_Coffee13\data.bin,14587,Untracked Vision Binary,"Open/modify/save this Vision window/template in an Ignition 8.3 Designer to convert it to XML, then rerun the scanner."
Tea_Blending,windows/Popups/BRA_MixProofValve_Faceplate_Coffee13,Tea_Blending\com.inductiveautomation.vision\windows\Popups\BRA_MixProofValve_Faceplate_Coffee13\data.bin,15692,Untracked Vision Binary,"Open/modify/save this Vision window/template in an Ignition 8.3 Designer to convert it to XML, then rerun the scanner."
Tea_Blending,windows/Popups/BRA_Operation_Alarms_Custom,Tea_Blending\com.inductiveautomation.vision\windows\Popups\BRA_Operation_Alarms_Custom\data.bin,8764,Untracked Vision Binary,"Open/modify/save this Vision window/template in an Ignition 8.3 Designer to convert it to XML, then rerun the scanner."
Tea_Blending,windows/Popups/BRA_Operation_Custom,Tea_Blending\com.inductiveautomation.vision\windows\Popups\BRA_Operation_Custom\window.bin,11379,Untracked Vision Binary,"Open/modify/save this Vision window/template in an Ignition 8.3 Designer to convert it to XML, then rerun the scanner."
Tea_Blending,windows/Popups/BRA_Operation_Interlocks_Custom,Tea_Blending\com.inductiveautomation.vision\windows\Popups\BRA_Operation_Interlocks_Custom\data.bin,9566,Untracked Vision Binary,"Open/modify/save this Vision window/template in an Ignition 8.3 Designer to convert it to XML, then rerun the scanner."
Tea_Blending,windows/Popups/BRA_Operation_Parameters_Custom,Tea_Blending\com.inductiveautomation.vision\windows\Popups\BRA_Operation_Parameters_Custom\data.bin,14438,Untracked Vision Binary,"Open/modify/save this Vision window/template in an Ignition 8.3 Designer to convert it to XML, then rerun the scanner."
Tea_Blending,windows/Popups/BRA_Phase_Alarms_Custom,Tea_Blending\com.inductiveautomation.vision\windows\Popups\BRA_Phase_Alarms_Custom\data.bin,7630,Untracked Vision Binary,"Open/modify/save this Vision window/template in an Ignition 8.3 Designer to convert it to XML, then rerun the scanner."
Tea_Blending,windows/Popups/BRA_Phase_CIP12,Tea_Blending\com.inductiveautomation.vision\windows\Popups\BRA_Phase_CIP12\data.bin,18419,Untracked Vision Binary,"Open/modify/save this Vision window/template in an Ignition 8.3 Designer to convert it to XML, then rerun the scanner."
Tea_Blending,windows/Popups/BRA_Phase_CIP13,Tea_Blending\com.inductiveautomation.vision\windows\Popups\BRA_Phase_CIP13\data.bin,20751,Untracked Vision Binary,"Open/modify/save this Vision window/template in an Ignition 8.3 Designer to convert it to XML, then rerun the scanner."
Tea_Blending,windows/Popups/BRA_Phase_Custom,Tea_Blending\com.inductiveautomation.vision\windows\Popups\BRA_Phase_Custom\data.bin,18174,Untracked Vision Binary,"Open/modify/save this Vision window/template in an Ignition 8.3 Designer to convert it to XML, then rerun the scanner."
Tea_Blending,windows/Popups/BRA_Phase_Interlocks_Custom,Tea_Blending\com.inductiveautomation.vision\windows\Popups\BRA_Phase_Interlocks_Custom\data.bin,9638,Untracked Vision Binary,"Open/modify/save this Vision window/template in an Ignition 8.3 Designer to convert it to XML, then rerun the scanner."
Tea_Blending,windows/Popups/BRA_Phase_Parameters_Custom,Tea_Blending\com.inductiveautomation.vision\windows\Popups\BRA_Phase_Parameters_Custom\data.bin,14300,Untracked Vision Binary,"Open/modify/save this Vision window/template in an Ignition 8.3 Designer to convert it to XML, then rerun the scanner."
Tea_Blending,windows/Popups/BRA_Phase_PkgCIP,Tea_Blending\com.inductiveautomation.vision\windows\Popups\BRA_Phase_PkgCIP\data.bin,19765,Untracked Vision Binary,"Open/modify/save this Vision window/template in an Ignition 8.3 Designer to convert it to XML, then rerun the scanner."
Tea_Blending,windows/Popups/BRA_Phase_RO,Tea_Blending\com.inductiveautomation.vision\windows\Popups\BRA_Phase_RO\data.bin,20865,Untracked Vision Binary,"Open/modify/save this Vision window/template in an Ignition 8.3 Designer to convert it to XML, then rerun the scanner."
Tea_Blending,windows/Popups/BRA_Phase_RO12,Tea_Blending\com.inductiveautomation.vision\windows\Popups\BRA_Phase_RO12\data.bin,19271,Untracked Vision Binary,"Open/modify/save this Vision window/template in an Ignition 8.3 Designer to convert it to XML, then rerun the scanner."
Tea_Blending,windows/Popups/BRA_Phase_Tk12Recirc,Tea_Blending\com.inductiveautomation.vision\windows\Popups\BRA_Phase_Tk12Recirc\window.bin,8529,Untracked Vision Binary,"Open/modify/save this Vision window/template in an Ignition 8.3 Designer to convert it to XML, then rerun the scanner."
Tea_Blending,windows/Popups/BRA_Phase_Tk12Transfer,Tea_Blending\com.inductiveautomation.vision\windows\Popups\BRA_Phase_Tk12Transfer\window.bin,9132,Untracked Vision Binary,"Open/modify/save this Vision window/template in an Ignition 8.3 Designer to convert it to XML, then rerun the scanner."
Tea_Blending,windows/Popups/BRA_Phase_Tk13Transfer,Tea_Blending\com.inductiveautomation.vision\windows\Popups\BRA_Phase_Tk13Transfer\data.bin,19631,Untracked Vision Binary,"Open/modify/save this Vision window/template in an Ignition 8.3 Designer to convert it to XML, then rerun the scanner."
Tea_Blending,windows/Popups/BRA_Phase_TransferLineCIP,Tea_Blending\com.inductiveautomation.vision\windows\Popups\BRA_Phase_TransferLineCIP\data.bin,18245,Untracked Vision Binary,"Open/modify/save this Vision window/template in an Ignition 8.3 Designer to convert it to XML, then rerun the scanner."
Tea_Blending,windows/Popups/BRA_PIDE_Pump_Faceplate,Tea_Blending\com.inductiveautomation.vision\windows\Popups\BRA_PIDE_Pump_Faceplate\window.bin,8780,Untracked Vision Binary,"Open/modify/save this Vision window/template in an Ignition 8.3 Designer to convert it to XML, then rerun the scanner."
Tea_Blending,windows/Popups/BRA_PIDE_Trending,Tea_Blending\com.inductiveautomation.vision\windows\Popups\BRA_PIDE_Trending\data.bin,21928,Untracked Vision Binary,"Open/modify/save this Vision window/template in an Ignition 8.3 Designer to convert it to XML, then rerun the scanner."
Tea_Blending,windows/Popups/BRA_PIDE_Valve_Faceplate,Tea_Blending\com.inductiveautomation.vision\windows\Popups\BRA_PIDE_Valve_Faceplate\window.bin,7932,Untracked Vision Binary,"Open/modify/save this Vision window/template in an Ignition 8.3 Designer to convert it to XML, then rerun the scanner."
Tea_Blending,windows/Popups/BRA_Valve_Faceplate,Tea_Blending\com.inductiveautomation.vision\windows\Popups\BRA_Valve_Faceplate\data.bin,13060,Untracked Vision Binary,"Open/modify/save this Vision window/template in an Ignition 8.3 Designer to convert it to XML, then rerun the scanner."
Tea_Blending,windows/Popups/BRA_Valve_Trending,Tea_Blending\com.inductiveautomation.vision\windows\Popups\BRA_Valve_Trending\data.bin,18633,Untracked Vision Binary,"Open/modify/save this Vision window/template in an Ignition 8.3 Designer to convert it to XML, then rerun the scanner."
Tea_Blending,windows/Popups/BRA_VFD_Faceplate,Tea_Blending\com.inductiveautomation.vision\windows\Popups\BRA_VFD_Faceplate\data.bin,13907,Untracked Vision Binary,"Open/modify/save this Vision window/template in an Ignition 8.3 Designer to convert it to XML, then rerun the scanner."
Tea_Blending,windows/Popups/P_Motor_Faceplate_v1,Tea_Blending\com.inductiveautomation.vision\windows\Popups\P_Motor_Faceplate_v1\window.bin,6782,Untracked Vision Binary,"Open/modify/save this Vision window/template in an Ignition 8.3 Designer to convert it to XML, then rerun the scanner."
Tea_Blending,windows/Popups/P_VSD_Faceplate_v1,Tea_Blending\com.inductiveautomation.vision\windows\Popups\P_VSD_Faceplate_v1\window.bin,8221,Untracked Vision Binary,"Open/modify/save this Vision window/template in an Ignition 8.3 Designer to convert it to XML, then rerun the scanner."
Tea_Blending,windows/Popups/Phase_Basic_Faceplate_v2,Tea_Blending\com.inductiveautomation.vision\windows\Popups\Phase_Basic_Faceplate_v2\window.bin,11939,Untracked Vision Binary,"Open/modify/save this Vision window/template in an Ignition 8.3 Designer to convert it to XML, then rerun the scanner."
Tea_Blending,windows/Popups/Phase_Messages_v1,Tea_Blending\com.inductiveautomation.vision\windows\Popups\Phase_Messages_v1\window.bin,4803,Untracked Vision Binary,"Open/modify/save this Vision window/template in an Ignition 8.3 Designer to convert it to XML, then rerun the scanner."
Tea_Blending,windows/Popups/Phase_Parameters_Custom_v1,Tea_Blending\com.inductiveautomation.vision\windows\Popups\Phase_Parameters_Custom_v1\window.bin,7304,Untracked Vision Binary,"Open/modify/save this Vision window/template in an Ignition 8.3 Designer to convert it to XML, then rerun the scanner."
Tea_Blending,windows/Popups/Trending/Analog_Trending,Tea_Blending\com.inductiveautomation.vision\windows\Popups\Trending\Analog_Trending\window.bin,6360,Untracked Vision Binary,"Open/modify/save this Vision window/template in an Ignition 8.3 Designer to convert it to XML, then rerun the scanner."
Tea_Blending,windows/Popups/Trending/Discrete_Trending,Tea_Blending\com.inductiveautomation.vision\windows\Popups\Trending\Discrete_Trending\window.bin,6350,Untracked Vision Binary,"Open/modify/save this Vision window/template in an Ignition 8.3 Designer to convert it to XML, then rerun the scanner."
Tea_Blending,windows/Red Lion Data,Tea_Blending\com.inductiveautomation.vision\windows\Red Lion Data\window.bin,2438,Untracked Vision Binary,"Open/modify/save this Vision window/template in an Ignition 8.3 Designer to convert it to XML, then rerun the scanner."
Tea_Blending,windows/User Management/Switch User,Tea_Blending\com.inductiveautomation.vision\windows\User Management\Switch User\data.bin,8705,Untracked Vision Binary,"Open/modify/save this Vision window/template in an Ignition 8.3 Designer to convert it to XML, then rerun the scanner."
Test_SS_Displays,windows/Docked Window,Test_SS_Displays\com.inductiveautomation.vision\windows\Docked Window\window.bin,796,Untracked Vision Binary,"Open/modify/save this Vision window/template in an Ignition 8.3 Designer to convert it to XML, then rerun the scanner."
Test_SS_Displays,windows/Docked Window2,Test_SS_Displays\com.inductiveautomation.vision\windows\Docked Window2\window.bin,801,Untracked Vision Binary,"Open/modify/save this Vision window/template in an Ignition 8.3 Designer to convert it to XML, then rerun the scanner."
Test_SS_Displays,windows/Inductive Test,Test_SS_Displays\com.inductiveautomation.vision\windows\Inductive Test\window.bin,1023,Untracked Vision Binary,"Open/modify/save this Vision window/template in an Ignition 8.3 Designer to convert it to XML, then rerun the scanner."
Utilities,templates/Buttons/BRA_Analog_Trending,Utilities\com.inductiveautomation.vision\templates\Buttons\BRA_Analog_Trending\droptarget.bin,712,Untracked Vision Binary,"Open/modify/save this Vision window/template in an Ignition 8.3 Designer to convert it to XML, then rerun the scanner."
Utilities,templates/Buttons/BRA_Analog_Trending,Utilities\com.inductiveautomation.vision\templates\Buttons\BRA_Analog_Trending\template.bin,2537,Untracked Vision Binary,"Open/modify/save this Vision window/template in an Ignition 8.3 Designer to convert it to XML, then rerun the scanner."
Utilities,templates/Buttons/BRA_Discrete_Trending,Utilities\com.inductiveautomation.vision\templates\Buttons\BRA_Discrete_Trending\data.bin,3673,Untracked Vision Binary,"Open/modify/save this Vision window/template in an Ignition 8.3 Designer to convert it to XML, then rerun the scanner."
Utilities,templates/CapitalTemplates/Analog_Trending_Button,Utilities\com.inductiveautomation.vision\templates\CapitalTemplates\Analog_Trending_Button\droptarget.bin,706,Untracked Vision Binary,"Open/modify/save this Vision window/template in an Ignition 8.3 Designer to convert it to XML, then rerun the scanner."
Utilities,templates/CapitalTemplates/Analog_Trending_Button,Utilities\com.inductiveautomation.vision\templates\CapitalTemplates\Analog_Trending_Button\template.bin,2510,Untracked Vision Binary,"Open/modify/save this Vision window/template in an Ignition 8.3 Designer to convert it to XML, then rerun the scanner."
Utilities,templates/CapitalTemplates/Discrete_Trending_Button,Utilities\com.inductiveautomation.vision\templates\CapitalTemplates\Discrete_Trending_Button\droptarget.bin,672,Untracked Vision Binary,"Open/modify/save this Vision window/template in an Ignition 8.3 Designer to convert it to XML, then rerun the scanner."
Utilities,templates/CapitalTemplates/Discrete_Trending_Button,Utilities\com.inductiveautomation.vision\templates\CapitalTemplates\Discrete_Trending_Button\template.bin,2096,Untracked Vision Binary,"Open/modify/save this Vision window/template in an Ignition 8.3 Designer to convert it to XML, then rerun the scanner."
Utilities,templates/CapitalTemplates/NavigationLabel_v1,Utilities\com.inductiveautomation.vision\templates\CapitalTemplates\NavigationLabel_v1\template.bin,4213,Untracked Vision Binary,"Open/modify/save this Vision window/template in an Ignition 8.3 Designer to convert it to XML, then rerun the scanner."
Utilities,templates/CapitalTemplates/P_Motor_v1,Utilities\com.inductiveautomation.vision\templates\CapitalTemplates\P_Motor_v1\template.bin,7918,Untracked Vision Binary,"Open/modify/save this Vision window/template in an Ignition 8.3 Designer to convert it to XML, then rerun the scanner."
Utilities,templates/CapitalTemplates/P_VSD_v1,Utilities\com.inductiveautomation.vision\templates\CapitalTemplates\P_VSD_v1\template.bin,7930,Untracked Vision Binary,"Open/modify/save this Vision window/template in an Ignition 8.3 Designer to convert it to XML, then rerun the scanner."
Utilities,templates/CapitalTemplates/Phase_Button_v1,Utilities\com.inductiveautomation.vision\templates\CapitalTemplates\Phase_Button_v1\template.bin,4420,Untracked Vision Binary,"Open/modify/save this Vision window/template in an Ignition 8.3 Designer to convert it to XML, then rerun the scanner."
Utilities,templates/CapitalTemplates/Phase_Button_v2,Utilities\com.inductiveautomation.vision\templates\CapitalTemplates\Phase_Button_v2\template.bin,4754,Untracked Vision Binary,"Open/modify/save this Vision window/template in an Ignition 8.3 Designer to convert it to XML, then rerun the scanner."
Utilities,templates/CapitalTemplates/Pipe_Animated_v1,Utilities\com.inductiveautomation.vision\templates\CapitalTemplates\Pipe_Animated_v1\template.bin,2316,Untracked Vision Binary,"Open/modify/save this Vision window/template in an Ignition 8.3 Designer to convert it to XML, then rerun the scanner."
Utilities,templates/CapitalTemplates/PipeElbow_Animated_v1,Utilities\com.inductiveautomation.vision\templates\CapitalTemplates\PipeElbow_Animated_v1\template.bin,2522,Untracked Vision Binary,"Open/modify/save this Vision window/template in an Ignition 8.3 Designer to convert it to XML, then rerun the scanner."
Utilities,templates/CapitalTemplates/PipeTee_Animated_v1,Utilities\com.inductiveautomation.vision\templates\CapitalTemplates\PipeTee_Animated_v1\template.bin,2548,Untracked Vision Binary,"Open/modify/save this Vision window/template in an Ignition 8.3 Designer to convert it to XML, then rerun the scanner."
Utilities,templates/SharedTemplates/BRA_Phase_Button_RO,Utilities\com.inductiveautomation.vision\templates\SharedTemplates\BRA_Phase_Button_RO\droptarget.bin,609,Untracked Vision Binary,"Open/modify/save this Vision window/template in an Ignition 8.3 Designer to convert it to XML, then rerun the scanner."
Utilities,templates/SharedTemplates/BRA_Phase_Button_RO,Utilities\com.inductiveautomation.vision\templates\SharedTemplates\BRA_Phase_Button_RO\template.bin,3965,Untracked Vision Binary,"Open/modify/save this Vision window/template in an Ignition 8.3 Designer to convert it to XML, then rerun the scanner."
Utilities,windows/DEMO,Utilities\com.inductiveautomation.vision\windows\DEMO\window.bin,2168,Untracked Vision Binary,"Open/modify/save this Vision window/template in an Ignition 8.3 Designer to convert it to XML, then rerun the scanner."
Utilities,windows/Main Windows/Boilers,Utilities\com.inductiveautomation.vision\windows\Main Windows\Boilers\window.bin,11262,Untracked Vision Binary,"Open/modify/save this Vision window/template in an Ignition 8.3 Designer to convert it to XML, then rerun the scanner."
Utilities,windows/Main Windows/Plant CIP Circuit Statuses,Utilities\com.inductiveautomation.vision\windows\Main Windows\Plant CIP Circuit Statuses\window.bin,33239,Untracked Vision Binary,"Open/modify/save this Vision window/template in an Ignition 8.3 Designer to convert it to XML, then rerun the scanner."
Utilities,windows/Main Windows/RO Water,Utilities\com.inductiveautomation.vision\windows\Main Windows\RO Water\window.bin,23710,Untracked Vision Binary,"Open/modify/save this Vision window/template in an Ignition 8.3 Designer to convert it to XML, then rerun the scanner."
Utilities,windows/Main Windows/RO Water_Old,Utilities\com.inductiveautomation.vision\windows\Main Windows\RO Water_Old\window.bin,24933,Untracked Vision Binary,"Open/modify/save this Vision window/template in an Ignition 8.3 Designer to convert it to XML, then rerun the scanner."
Utilities,windows/Navigation,Utilities\com.inductiveautomation.vision\windows\Navigation\window.bin,170905,Untracked Vision Binary,"Open/modify/save this Vision window/template in an Ignition 8.3 Designer to convert it to XML, then rerun the scanner."
Utilities,windows/Popups/BRA_Analog_Trending,Utilities\com.inductiveautomation.vision\windows\Popups\BRA_Analog_Trending\data.bin,18795,Untracked Vision Binary,"Open/modify/save this Vision window/template in an Ignition 8.3 Designer to convert it to XML, then rerun the scanner."
Utilities,windows/Popups/BRA_Boiler_Trending,Utilities\com.inductiveautomation.vision\windows\Popups\BRA_Boiler_Trending\data.bin,14220,Untracked Vision Binary,"Open/modify/save this Vision window/template in an Ignition 8.3 Designer to convert it to XML, then rerun the scanner."
Utilities,windows/Popups/BRA_CIP_Passivation,Utilities\com.inductiveautomation.vision\windows\Popups\BRA_CIP_Passivation\data.bin,11826,Untracked Vision Binary,"Open/modify/save this Vision window/template in an Ignition 8.3 Designer to convert it to XML, then rerun the scanner."
Utilities,windows/Popups/BRA_CIP_SequenceViewer,Utilities\com.inductiveautomation.vision\windows\Popups\BRA_CIP_SequenceViewer\data.bin,24603,Untracked Vision Binary,"Open/modify/save this Vision window/template in an Ignition 8.3 Designer to convert it to XML, then rerun the scanner."
Utilities,windows/Popups/BRA_Configuration_CIPRecipe,Utilities\com.inductiveautomation.vision\windows\Popups\BRA_Configuration_CIPRecipe\data.bin,23939,Untracked Vision Binary,"Open/modify/save this Vision window/template in an Ignition 8.3 Designer to convert it to XML, then rerun the scanner."
Utilities,windows/Popups/BRA_Configuration_CIPSequence,Utilities\com.inductiveautomation.vision\windows\Popups\BRA_Configuration_CIPSequence\data.bin,29576,Untracked Vision Binary,"Open/modify/save this Vision window/template in an Ignition 8.3 Designer to convert it to XML, then rerun the scanner."
Utilities,windows/Popups/BRA_DiscreteMotor_Faceplate,Utilities\com.inductiveautomation.vision\windows\Popups\BRA_DiscreteMotor_Faceplate\data.bin,14484,Untracked Vision Binary,"Open/modify/save this Vision window/template in an Ignition 8.3 Designer to convert it to XML, then rerun the scanner."
Utilities,windows/Popups/BRA_DiscreteMotor_Trending,Utilities\com.inductiveautomation.vision\windows\Popups\BRA_DiscreteMotor_Trending\data.bin,18170,Untracked Vision Binary,"Open/modify/save this Vision window/template in an Ignition 8.3 Designer to convert it to XML, then rerun the scanner."
Utilities,windows/Popups/BRA_Operation_Alarms_Custom,Utilities\com.inductiveautomation.vision\windows\Popups\BRA_Operation_Alarms_Custom\data.bin,8922,Untracked Vision Binary,"Open/modify/save this Vision window/template in an Ignition 8.3 Designer to convert it to XML, then rerun the scanner."
Utilities,windows/Popups/BRA_Operation_Custom,Utilities\com.inductiveautomation.vision\windows\Popups\BRA_Operation_Custom\data.bin,25651,Untracked Vision Binary,"Open/modify/save this Vision window/template in an Ignition 8.3 Designer to convert it to XML, then rerun the scanner."
Utilities,windows/Popups/BRA_Operation_Interlocks_Custom,Utilities\com.inductiveautomation.vision\windows\Popups\BRA_Operation_Interlocks_Custom\data.bin,10647,Untracked Vision Binary,"Open/modify/save this Vision window/template in an Ignition 8.3 Designer to convert it to XML, then rerun the scanner."
Utilities,windows/Popups/BRA_Operation_Parameters_Custom,Utilities\com.inductiveautomation.vision\windows\Popups\BRA_Operation_Parameters_Custom\data.bin,14465,Untracked Vision Binary,"Open/modify/save this Vision window/template in an Ignition 8.3 Designer to convert it to XML, then rerun the scanner."
Utilities,windows/Popups/BRA_Phase_Alarms_Custom,Utilities\com.inductiveautomation.vision\windows\Popups\BRA_Phase_Alarms_Custom\data.bin,8583,Untracked Vision Binary,"Open/modify/save this Vision window/template in an Ignition 8.3 Designer to convert it to XML, then rerun the scanner."
Utilities,windows/Popups/BRA_Phase_Custom,Utilities\com.inductiveautomation.vision\windows\Popups\BRA_Phase_Custom\data.bin,17459,Untracked Vision Binary,"Open/modify/save this Vision window/template in an Ignition 8.3 Designer to convert it to XML, then rerun the scanner."
Utilities,windows/Popups/BRA_Phase_Interlocks_Custom,Utilities\com.inductiveautomation.vision\windows\Popups\BRA_Phase_Interlocks_Custom\data.bin,10024,Untracked Vision Binary,"Open/modify/save this Vision window/template in an Ignition 8.3 Designer to convert it to XML, then rerun the scanner."
Utilities,windows/Popups/BRA_Phase_Parameters_Custom,Utilities\com.inductiveautomation.vision\windows\Popups\BRA_Phase_Parameters_Custom\data.bin,14264,Untracked Vision Binary,"Open/modify/save this Vision window/template in an Ignition 8.3 Designer to convert it to XML, then rerun the scanner."
Utilities,windows/Popups/BRA_Phase_RO,Utilities\com.inductiveautomation.vision\windows\Popups\BRA_Phase_RO\window.bin,9834,Untracked Vision Binary,"Open/modify/save this Vision window/template in an Ignition 8.3 Designer to convert it to XML, then rerun the scanner."
Utilities,windows/Popups/BRA_PIDE_Pump_Faceplate,Utilities\com.inductiveautomation.vision\windows\Popups\BRA_PIDE_Pump_Faceplate\window.bin,8932,Untracked Vision Binary,"Open/modify/save this Vision window/template in an Ignition 8.3 Designer to convert it to XML, then rerun the scanner."
Utilities,windows/Popups/BRA_PIDE_Trending,Utilities\com.inductiveautomation.vision\windows\Popups\BRA_PIDE_Trending\data.bin,21928,Untracked Vision Binary,"Open/modify/save this Vision window/template in an Ignition 8.3 Designer to convert it to XML, then rerun the scanner."
Utilities,windows/Popups/BRA_PIDE_Valve_Faceplate,Utilities\com.inductiveautomation.vision\windows\Popups\BRA_PIDE_Valve_Faceplate\window.bin,7944,Untracked Vision Binary,"Open/modify/save this Vision window/template in an Ignition 8.3 Designer to convert it to XML, then rerun the scanner."
Utilities,windows/Popups/BRA_Valve_AutoManual_OpenClose_Trending,Utilities\com.inductiveautomation.vision\windows\Popups\BRA_Valve_AutoManual_OpenClose_Trending\data.bin,19003,Untracked Vision Binary,"Open/modify/save this Vision window/template in an Ignition 8.3 Designer to convert it to XML, then rerun the scanner."
Utilities,windows/Popups/BRA_Valve_Faceplate,Utilities\com.inductiveautomation.vision\windows\Popups\BRA_Valve_Faceplate\data.bin,14205,Untracked Vision Binary,"Open/modify/save this Vision window/template in an Ignition 8.3 Designer to convert it to XML, then rerun the scanner."
Utilities,windows/Popups/BRA_Valve_Trending,Utilities\com.inductiveautomation.vision\windows\Popups\BRA_Valve_Trending\data.bin,17501,Untracked Vision Binary,"Open/modify/save this Vision window/template in an Ignition 8.3 Designer to convert it to XML, then rerun the scanner."
Utilities,windows/Popups/BRA_VFD_Faceplate,Utilities\com.inductiveautomation.vision\windows\Popups\BRA_VFD_Faceplate\data.bin,16744,Untracked Vision Binary,"Open/modify/save this Vision window/template in an Ignition 8.3 Designer to convert it to XML, then rerun the scanner."
Utilities,windows/Popups/BRA_VFD_FwdRev_Faceplate,Utilities\com.inductiveautomation.vision\windows\Popups\BRA_VFD_FwdRev_Faceplate\data.bin,15678,Untracked Vision Binary,"Open/modify/save this Vision window/template in an Ignition 8.3 Designer to convert it to XML, then rerun the scanner."
Utilities,windows/Popups/P_Motor_Faceplate_v1,Utilities\com.inductiveautomation.vision\windows\Popups\P_Motor_Faceplate_v1\window.bin,6974,Untracked Vision Binary,"Open/modify/save this Vision window/template in an Ignition 8.3 Designer to convert it to XML, then rerun the scanner."
Utilities,windows/Popups/P_VSD_Faceplate_v1,Utilities\com.inductiveautomation.vision\windows\Popups\P_VSD_Faceplate_v1\window.bin,8912,Untracked Vision Binary,"Open/modify/save this Vision window/template in an Ignition 8.3 Designer to convert it to XML, then rerun the scanner."
Utilities,windows/Popups/Phase_Basic_Faceplate_v1,Utilities\com.inductiveautomation.vision\windows\Popups\Phase_Basic_Faceplate_v1\window.bin,11723,Untracked Vision Binary,"Open/modify/save this Vision window/template in an Ignition 8.3 Designer to convert it to XML, then rerun the scanner."
Utilities,windows/Popups/Phase_Basic_Faceplate_v2,Utilities\com.inductiveautomation.vision\windows\Popups\Phase_Basic_Faceplate_v2\window.bin,11936,Untracked Vision Binary,"Open/modify/save this Vision window/template in an Ignition 8.3 Designer to convert it to XML, then rerun the scanner."
Utilities,windows/Popups/Phase_Messages_v1,Utilities\com.inductiveautomation.vision\windows\Popups\Phase_Messages_v1\window.bin,5401,Untracked Vision Binary,"Open/modify/save this Vision window/template in an Ignition 8.3 Designer to convert it to XML, then rerun the scanner."
Utilities,windows/Popups/Phase_Parameters_Custom_v1,Utilities\com.inductiveautomation.vision\windows\Popups\Phase_Parameters_Custom_v1\window.bin,7886,Untracked Vision Binary,"Open/modify/save this Vision window/template in an Ignition 8.3 Designer to convert it to XML, then rerun the scanner."
Utilities,windows/Popups/Trending/Analog_Trending,Utilities\com.inductiveautomation.vision\windows\Popups\Trending\Analog_Trending\window.bin,6360,Untracked Vision Binary,"Open/modify/save this Vision window/template in an Ignition 8.3 Designer to convert it to XML, then rerun the scanner."
Utilities,windows/Popups/Trending/Boiler_Analog,Utilities\com.inductiveautomation.vision\windows\Popups\Trending\Boiler_Analog\window.bin,5591,Untracked Vision Binary,"Open/modify/save this Vision window/template in an Ignition 8.3 Designer to convert it to XML, then rerun the scanner."
Utilities,windows/Popups/Trending/BRA_Analog,Utilities\com.inductiveautomation.vision\windows\Popups\Trending\BRA_Analog\window.bin,6487,Untracked Vision Binary,"Open/modify/save this Vision window/template in an Ignition 8.3 Designer to convert it to XML, then rerun the scanner."
Utilities,windows/Popups/Trending/BRA_Discrete,Utilities\com.inductiveautomation.vision\windows\Popups\Trending\BRA_Discrete\window.bin,6628,Untracked Vision Binary,"Open/modify/save this Vision window/template in an Ignition 8.3 Designer to convert it to XML, then rerun the scanner."
Utilities,windows/Popups/Trending/Discrete_Trending,Utilities\com.inductiveautomation.vision\windows\Popups\Trending\Discrete_Trending\window.bin,6522,Untracked Vision Binary,"Open/modify/save this Vision window/template in an Ignition 8.3 Designer to convert it to XML, then rerun the scanner."
Utilities,windows/Red Lion Data,Utilities\com.inductiveautomation.vision\windows\Red Lion Data\window.bin,2438,Untracked Vision Binary,"Open/modify/save this Vision window/template in an Ignition 8.3 Designer to convert it to XML, then rerun the scanner."
Utilities,windows/User Management/Switch User,Utilities\com.inductiveautomation.vision\windows\User Management\Switch User\data.bin,8778,Untracked Vision Binary,"Open/modify/save this Vision window/template in an Ignition 8.3 Designer to convert it to XML, then rerun the scanner."
WallClockSync,windows/Date and Time,WallClockSync\com.inductiveautomation.vision\windows\Date and Time\window.bin,8263,Untracked Vision Binary,"Open/modify/save this Vision window/template in an Ignition 8.3 Designer to convert it to XML, then rerun the scanner."
Z_CMC_Test_001,windows/MyMainPopupWin,Z_CMC_Test_001\com.inductiveautomation.vision\windows\MyMainPopupWin\window.bin,754,Untracked Vision Binary,"Open/modify/save this Vision window/template in an Ignition 8.3 Designer to convert it to XML, then rerun the scanner."
